--------- beginning of main
07-01 22:47:36.296   614   722 E WifiVendorHal: getWifiLinkLayerStats(l.937) failed {.code = ERROR_NOT_SUPPORTED, .description = }
07-01 22:47:37.052  1544  1719 I MAPMetricsTransport: Acquiring wake lock with timeout: 300000ms
07-01 22:47:37.054  1544  1719 I MAPMetricsTransport: Acquiring wifi lock
07-01 22:47:37.059   614  4619 I WifiService: acquireWifiLock uid=10037 lockMode=3
07-01 22:47:37.060  1544  1719 I com.amazon.client.metrics/ClientSideAmazonPlatformDependencyImpl: isAmazonDevice() in ClientSideAmazonPlatformDependencyImpl is called
07-01 22:47:37.073  1544  1719 I com.amazon.client.metrics/ClientSideAmazonPlatformDependencyImpl: isAmazonDevice() in ClientSideAmazonPlatformDependencyImpl is called
07-01 22:47:37.073  1544  1719 I com.amazon.client.metrics/AmazonSerialNumber: MAP Client side on FireOS 7+ calls IPC to get the DSN.
07-01 22:47:37.074  1544  1719 I com.amazon.client.metrics/MAPApplicationInformationQueryer: Populate change for remote MAP info.
07-01 22:47:37.074  1544  1719 I com.amazon.client.metrics/MAPApplicationInformationQueryer: CacheContainsPartialResults? true
07-01 22:47:37.077  1544  1719 E com.amazon.client.metrics/DeviceTypeHelpers: Cannot get remote map information even including the calling app itself! This could happen only the calling app is IMP!
07-01 22:47:37.081  1544  1719 I com.amazon.client.metrics/ClientSideAmazonPlatformDependencyImpl: isAmazonDevice() in ClientSideAmazonPlatformDependencyImpl is called
07-01 22:47:37.081  1544  1719 I com.amazon.client.metrics/LocalKeyValueStore: Create DE shared preference, OS supports direct boot.
07-01 22:47:37.082  1544  1719 I com.amazon.client.metrics/ClientSideAmazonPlatformDependencyImpl: isAmazonDevice() in ClientSideAmazonPlatformDependencyImpl is called
07-01 22:47:37.373  1544  1719 E System  : TRACE Starting certificate trust
07-01 22:47:37.699  1544  1719 I MAPMetricsTransport: Response body: 
07-01 22:47:37.699  1544  1719 I MAPMetricsTransport: Successfully uploaded metrics data; code: 200, message: OK
07-01 22:47:37.699  1544  1719 I MAPMetricsTransport: Manually releasing wifi lock
07-01 22:47:37.700   614  4619 I WifiService: releaseWifiLock uid=10037
07-01 22:47:37.700  1544  1719 I MAPMetricsTransport: Manually releasing wake lock
07-01 22:47:37.702  1544  1719 I Metrics:BatchTransmitte: QueuePusher.sendBatches - Drained batch queue.; Number of HIGH_ANONYMOUS queue batches sent: 1
07-01 22:47:39.302   614   722 E WifiVendorHal: getWifiLinkLayerStats(l.937) failed {.code = ERROR_NOT_SUPPORTED, .description = }
07-01 22:47:39.842   456   456 I thermal_repeater: socket -1
07-01 22:47:40.600   458   458 I thermal_src: recvmsg_expect 4, but get 5 
07-01 22:47:40.600   458   458 E thermal_src: set_ttj_to_kernel 1:error -1
07-01 22:47:40.600   458   458 I thermal_src: recvmsg_expect 2, but get 4 
07-01 22:47:42.308   614   722 E WifiVendorHal: getWifiLinkLayerStats(l.937) failed {.code = ERROR_NOT_SUPPORTED, .description = }
07-01 22:47:43.379  1909  1909 W EventDeliveryGuaranteeRequest: Not connected to CSM service, will retry. Request (1). Retry number (73).
07-01 22:47:43.380  1909  1909 I SPCH-QueueRequest: Retrying request (1) with a delay of (256000) ms
07-01 22:47:44.154 14927 15042 I AmazonVideo: Battery Info: BatteryInfo{Status=CHARGING, Health=GOOD, Power source=USB, Level=20.0, Temperature=280, Voltage=3993}
07-01 22:47:44.296 21087 21184 W WhisperLink: DPDiscovery - runAndRetry() RegisterDeviceServicesTask Attempt #0:com.amazon.dp.discovery.http.TimeoutException: makeRequestSyncDiscoveryReturnResponse - Timed out making the request.; destination: https://dp-discovery-na-ext.amazon.com:443/registerServices com.amazon.dp.discovery.client.AndroidDiscoveryClientImpl.doPost:118 com.amazon.dp.discovery.client.AndroidDiscoveryClientImpl.registerDeviceServices:7 com.amazon.whisperlink.core.android.explorers.DPDiscovery$RegisterDeviceServicesTask.execute:331 com.amazon.whisperlink.core.android.explorers.DPDiscovery.runAndRetry:481 com.amazon.whisperlink.core.android.explorers.DPDiscovery.access$500:42 com.amazon.whisperlink.core.android.explorers.DPDiscovery$1.run:207 java.util.concurrent.ThreadPoolExecutor.runWorker:1167 java.util.concurrent.ThreadPoolExecutor$Worker.run:641 java.lang.Thread.run:764;
07-01 22:47:44.514 21087 21184 I com.amazon.whisperlink.core.android/ClientSideAmazonPlatformDependencyImpl: isAmazonDevice() in ClientSideAmazonPlatformDependencyImpl is called
07-01 22:47:44.515 21087 21184 I com.amazon.whisperlink.core.android/LocalKeyValueStore: Create DE shared preference, OS supports direct boot.
07-01 22:47:44.516 21087 21184 I com.amazon.whisperlink.core.android/ClientSideAmazonPlatformDependencyImpl: isAmazonDevice() in ClientSideAmazonPlatformDependencyImpl is called
07-01 22:47:44.538 21087 21184 I com.amazon.whisperlink.core.android/ClientSideAmazonPlatformDependencyImpl: isAmazonDevice() in ClientSideAmazonPlatformDependencyImpl is called
07-01 22:47:44.538 21087 21184 I com.amazon.whisperlink.core.android/AmazonSerialNumber: MAP Client side on FireOS 7+ calls IPC to get the DSN.
07-01 22:47:44.538 21087 21184 I com.amazon.whisperlink.core.android/ClientSideAmazonPlatformDependencyImpl: isAmazonDevice() in ClientSideAmazonPlatformDependencyImpl is called
07-01 22:47:44.538 21087 21184 I com.amazon.whisperlink.core.android/LocalKeyValueStore: Create DE shared preference, OS supports direct boot.
07-01 22:47:44.539 21087 21184 I com.amazon.whisperlink.core.android/ClientSideAmazonPlatformDependencyImpl: isAmazonDevice() in ClientSideAmazonPlatformDependencyImpl is called
07-01 22:47:44.641   374 15957 I HealthEventListener: Battery Level = 20
07-01 22:47:44.844   456   456 I thermal_repeater: socket -1
07-01 22:47:45.316   614   722 E WifiVendorHal: getWifiLinkLayerStats(l.937) failed {.code = ERROR_NOT_SUPPORTED, .description = }
07-01 22:47:45.608   458   458 I thermal_src: recvmsg_expect 4, but get 5 
07-01 22:47:45.608   458   458 E thermal_src: set_ttj_to_kernel 1:error -1
07-01 22:47:45.608   458   458 I thermal_src: recvmsg_expect 2, but get 4 
07-01 22:47:47.685   458   458 I thermal_src: recvmsg_expect 4, but get 5 
07-01 22:47:47.686   458   458 E thermal_src: set_ttj_to_kernel 1:error -1
07-01 22:47:47.686   458   458 I thermal_src: recvmsg_expect 2, but get 4 
07-01 22:47:48.323   614   722 E WifiVendorHal: getWifiLinkLayerStats(l.937) failed {.code = ERROR_NOT_SUPPORTED, .description = }
07-01 22:47:49.844   456   456 I thermal_repeater: socket -1
07-01 22:47:50.616   458   458 I thermal_src: recvmsg_expect 4, but get 5 
07-01 22:47:50.616   458   458 E thermal_src: set_ttj_to_kernel 1:error -1
07-01 22:47:50.616   458   458 I thermal_src: recvmsg_expect 2, but get 4 
07-01 22:47:51.329   614   722 E WifiVendorHal: getWifiLinkLayerStats(l.937) failed {.code = ERROR_NOT_SUPPORTED, .description = }
07-01 22:47:54.351   614   722 E WifiVendorHal: getWifiLinkLayerStats(l.937) failed {.code = ERROR_NOT_SUPPORTED, .description = }
07-01 22:47:54.845   456   456 I thermal_repeater: socket -1
07-01 22:47:55.624   458   458 I thermal_src: recvmsg_expect 4, but get 5 
07-01 22:47:55.624   458   458 E thermal_src: set_ttj_to_kernel 1:error -1
07-01 22:47:55.624   458   458 I thermal_src: recvmsg_expect 2, but get 4 
07-01 22:47:55.983  1909  1909 W EventDeliveryGuaranteeRequest: Not connected to CSM service, will retry. Request (2). Retry number (21).
07-01 22:47:55.985  1909  1909 I SPCH-QueueRequest: Retrying request (2) with a delay of (256000) ms
07-01 22:47:57.368   614   722 E WifiVendorHal: getWifiLinkLayerStats(l.937) failed {.code = ERROR_NOT_SUPPORTED, .description = }
07-01 22:47:59.845   456   456 I thermal_repeater: socket -1
--------- beginning of system
07-01 22:48:00.029   614   614 I ActivityManager: Killing 20282:com.amazon.providers.contentsupport/u0a115 (adj 903): empty #17
07-01 22:48:00.032   614   634 W libprocessgroup: kill(-20282, 9) failed: No such process
07-01 22:48:00.032   614   634 I libprocessgroup: Successfully killed process cgroup uid 10115 pid 20282 in 0ms
07-01 22:48:00.081   347   347 I Zygote  : Process 20282 exited due to signal 9 (Killed)
07-01 22:48:00.378   614   722 E WifiVendorHal: getWifiLinkLayerStats(l.937) failed {.code = ERROR_NOT_SUPPORTED, .description = }
07-01 22:48:00.632   458   458 I thermal_src: recvmsg_expect 4, but get 5 
07-01 22:48:00.632   458   458 E thermal_src: set_ttj_to_kernel 1:error -1
07-01 22:48:00.632   458   458 I thermal_src: recvmsg_expect 2, but get 4 
07-01 22:48:01.732   614   631 W ActivityManager: Stopping service due to app idle: u0a101 -7m55s29ms com.amazon.kindle.kso/.lockscreen.controller.SystemEventService
07-01 22:48:01.732   614   631 W ActivityManager: Stopping service due to app idle: u0a101 -7m55s626ms com.amazon.kindle.kso/.lockscreen.view.KSOWallpaperService
07-01 22:48:01.755 20676 20676 I AmazonDTCP.KSOWallpaperService: wallpaper service onDestroy()
07-01 22:48:01.756 20676 20676 I AmazonDTCP.KSOWallpaperService: Unbinding KSOWallpaperService from SystemEventService
07-01 22:48:01.773   614  4619 I ActivityManager: Killing 20314:com.amazon.platform.fdrw/1000 (adj 903): empty #17
07-01 22:48:01.774   614   634 W libprocessgroup: kill(-20314, 9) failed: No such process
07-01 22:48:01.775   614   634 I libprocessgroup: Successfully killed process cgroup uid 1000 pid 20314 in 0ms
07-01 22:48:01.789   347   347 I Zygote  : Process 20314 exited due to signal 9 (Killed)
07-01 22:48:01.791   614  4619 I ActivityManager: Killing 20250:com.ivona.orchestrator/u0a32 (adj 903): depends on provider com.amazon.platform.fdrw/.Provider in dying proc com.amazon.platform.fdrw (adj 903)
07-01 22:48:01.792   614   634 W libprocessgroup: kill(-20250, 9) failed: No such process
07-01 22:48:01.792   614   634 I libprocessgroup: Successfully killed process cgroup uid 10032 pid 20250 in 0ms
07-01 22:48:01.813   347   347 I Zygote  : Process 20250 exited due to signal 9 (Killed)
07-01 22:48:03.386   614   722 E WifiVendorHal: getWifiLinkLayerStats(l.937) failed {.code = ERROR_NOT_SUPPORTED, .description = }
07-01 22:48:03.847   382   421 I vendor.mediatek.hardware.power@2.0-impl: powerHintAsync hint:2, data:0
07-01 22:48:03.851   891   891 W TelecomManager: Telecom Service not found.
07-01 22:48:03.861   382   420 I libPowerHal: 2: legacy set freq: 1989000 -1 1989000 -1
07-01 22:48:03.861   382   421 I vendor.mediatek.hardware.power@2.0-impl: powerHintAsync hint:2, data:0
07-01 22:48:03.986   382   421 I chatty  : uid=1000(system) power@2.0-servi identical 5 lines
07-01 22:48:03.992   382   421 I vendor.mediatek.hardware.power@2.0-impl: powerHintAsync hint:2, data:0
07-01 22:48:03.997   614   710 E SELinux : avc:  denied  { see_home_task } for  scontext=u:r:platform_app:s0:c512,c768 tcontext=u:r:system_server:s0 tclass=amazon_policies permissive=0
07-01 22:48:03.998   614   710 E SELinux : avc:  denied  { see_home_task } for  scontext=u:r:platform_app:s0:c512,c768 tcontext=u:r:system_server:s0 tclass=amazon_policies permissive=0
07-01 22:48:03.999   382   420 I libPowerHal: 2: legacy set freq: -1 -1 -1 -1
07-01 22:48:04.005   891   891 I vol.Events: writeEvent dismiss_dialog volume_controller
07-01 22:48:04.006   382   421 I vendor.mediatek.hardware.power@2.0-impl: powerHintAsync hint:2, data:0
07-01 22:48:04.007   382   420 I libPowerHal: 2: legacy set freq: 1989000 -1 1989000 -1
07-01 22:48:04.007   614   710 I AlexaModeSwitchManagerImpl: Inside getMode
07-01 22:48:04.013   614   710 I ActivityManager: START u0 {act=android.intent.action.MAIN cat=[android.intent.category.HOME] flg=0x10200000 cmp=com.amazon.firelauncher/.Launcher (has extras)} from uid 1000
07-01 22:48:04.014   382   421 I vendor.mediatek.hardware.power@2.0-impl: powerHintAsync hint:2, data:200
07-01 22:48:04.057   382   421 I vendor.mediatek.hardware.power@2.0-impl: powerHintAsync hint:8, data:1
07-01 22:48:04.070   614   710 W InputDispatcher: Excessive delay in interceptKeyBeforeDispatching; took 83 ms
07-01 22:48:04.115   614  1187 I PackageRecency: Queuing notification(s) to package for ActivityInfo{4ad719b com.amazon.firelauncher.Launcher}
07-01 22:48:04.134   614   630 I NetworkPolicy: setUidFirewallRule() for uid = 10138, packageName = com.audible.application.kindle, chain = 2, uidRules = {10006=2, 10008=0, 10009=2, 10013=2, 10014=0, 10021=0, 10022=2, 10027=0, 10029=2, 10030=2, 10031=2, 10035=2, 10037=0, 10042=2, 10044=2, 10045=0, 10047=2, 10048=2, 10050=2, 10054=2, 10059=2, 10061=2, 10062=2, 10063=2, 10064=2, 10065=2, 10067=2, 10068=2, 10069=2, 10070=0, 10071=2, 10073=2, 10074=0, 10076=2, 10078=2, 10079=0, 10080=2, 10081=2, 10082=2, 10084=2, 10085=2, 10086=2, 10087=2, 10088=2, 10090=2, 10092=0, 10093=2, 10094=2, 10095=2, 10096=2, 10097=2, 10098=2, 10099=2, 10100=0, 10101=0, 10102=2, 10103=2, 10104=2, 10105=2, 10106=0, 10107=0, 10108=2, 10109=2, 10110=2, 10111=2, 10112=0, 10113=2, 10114=2, 10115=0, 10116=2, 10117=2, 10118=2, 10119=2, 10121=2, 10122=2, 10123=0, 10125=2, 10126=2, 10127=2, 10128=0, 10129=2, 10130=2, 10131=2, 10132=2, 10133=2, 10134=0, 10136=0, 10138=0, 10140=0, 10143=2, 10148=2, 10151=2, 10155=2, 10159=2, 10162=2, 10166=2, 10167=0, 10169=2}
07-01 22:48:04.148   614   624 I AlexaModeSwitchManagerImpl: Inside getMode
07-01 22:48:04.155  1909  1909 I SPCH-ADW_TabletWindowContract: onActivityResume() com.amazon.firelauncher.Launcher
07-01 22:48:04.164   374 15957 W AudioALSAHardware: setParameters(), still have param.size() = 1, remain param = "continuous_audio_mode=0"
07-01 22:48:04.164   387 11745 I hash_map_utils: key: 'continuous_audio_mode' value: '0'
07-01 22:48:04.175  2035  2035 I F_C.Launcher: Received intent:android.intent.action.MAIN
07-01 22:48:04.179   614   788 W AmazonProfileService: Active profile for the package xxx not present for customer Id xxx
07-01 22:48:04.179   614   788 W AmazonProfileService: Active profile for the programId PCA_FIRE_TABLET not present for customerId xxx
07-01 22:48:04.181  2035  2035 I F_C.Launcher: onStart
07-01 22:48:04.184  2035  2035 I F_C.PrefetchTrigger: Launcher start, cancel any pending job and reschedule if needed with at least 30000 ms delay
07-01 22:48:04.190  1544  1763 I com.amazon.client.metrics/ClientSideAmazonPlatformDependencyImpl: isAmazonDevice() in ClientSideAmazonPlatformDependencyImpl is called
07-01 22:48:04.215  2035  2035 I F_C.DeferredReferenceEx: Running task immediately (task=onForegroundedTask)
07-01 22:48:04.227  2035  2035 W F_C.DaliForYouFragment: Fragment for target FOR_YOU_DALI is not instance of ImageMemoryManagedRecyclerViewHost. Returning null.
07-01 22:48:04.234  2035  2035 I F_C.VisibleRecyclerView: getFirstVisiblePosition, firstVisibleAdapterPosition: 0, correctedAdapterIndex: 0, indexOffset: 0
07-01 22:48:04.236  2035  2035 I F_C.SectionExpandStates: bind() - dataSource not yet registered
07-01 22:48:04.236  2035  2035 I chatty  : uid=10092(com.amazon.firelauncher) identical 19 lines
07-01 22:48:04.236  2035  2035 I F_C.SectionExpandStates: bind() - dataSource not yet registered
07-01 22:48:04.236  2035  2035 I F_C.VisibleRecyclerView: getLastVisiblePosition, lastNonFixedViewPosition: 21, correctedAdapterIndex: 21, indexOffset: 0
07-01 22:48:04.236  2035  2035 I F_C.VisibleRecyclerView: getFirstVisiblePosition, firstVisibleAdapterPosition: 0, correctedAdapterIndex: 0, indexOffset: 0
07-01 22:48:04.237  2035  2035 I F_C.VisibleRecyclerView: getFirstVisiblePosition, firstVisibleAdapterPosition: 0, correctedAdapterIndex: 0, indexOffset: 0
07-01 22:48:04.237  2035  2035 I F_C.SectionExpandStates: bind() - dataSource not yet registered
07-01 22:48:04.237  2035  2035 I chatty  : uid=10092(com.amazon.firelauncher) identical 19 lines
07-01 22:48:04.237  2035  2035 I F_C.SectionExpandStates: bind() - dataSource not yet registered
07-01 22:48:04.237  2035  2035 I F_C.VisibleRecyclerView: getLastVisiblePosition, lastNonFixedViewPosition: 21, correctedAdapterIndex: 21, indexOffset: 0
07-01 22:48:04.238  2035  2035 I F_C.Launcher: onResume
07-01 22:48:04.247  2035  2262 I F_C.BufferedWeblabContr: Returning FIRELAUNCHER_539923 for weblab T1
07-01 22:48:04.250  2035  2262 I F_C.OverrideWeblabContr: Returning FIRELAUNCHER_539923 for weblab T1, base class: BufferedWeblabController
07-01 22:48:04.250  2035  2262 I F_C.AdsRefreshManager: Skip refresh for page DELIVERIES, reason: Ads not expired, trigger event: PAGE_FOREGROUNDED/DELIVERIES
07-01 22:48:04.252  2035  2035 I F_C.PageExitMetric: Launcher foreground detected -- updating cachedCurrentPage
07-01 22:48:04.255  2035  2035 I F_C.BaseSearchWidgetCon: setActiveSpec(), currentPage: 1
07-01 22:48:04.255  2035  2035 I F_C.BaseSearchWidgetCon: Valid spec
07-01 22:48:04.255  2035  2035 I F_C.BaseSearchWidgetCon: Calling onResume()
07-01 22:48:04.255  2035  2035 I F_C.MagazineController: Notifying F_C.PageAdapter:DELIVERIES on on visibility change: true
07-01 22:48:04.260  2035  2035 I F_C.BufferedWeblabContr: Returning FIRELAUNCHER_PODIUM_911263 for weblab T1
07-01 22:48:04.260  2035  2035 I F_C.OverrideWeblabContr: Returning FIRELAUNCHER_PODIUM_911263 for weblab T1, base class: BufferedWeblabController
07-01 22:48:04.260  2035  2035 I F_C.WeblabCardFiltering: No filters found for treatment T1
07-01 22:48:04.274  2035  2035 I F_C.Launcher: Up Next/New Items has been enabled at App settings? - true
07-01 22:48:04.274  2035  2320 I F_C.DefaultNetworkState: Re-evaluate in onResume
07-01 22:48:04.274  2035  2320 I F_C.DefaultNetworkState: lastly notified connection state is true, skip notification
07-01 22:48:04.275  2035  2035 I F_C.AppsGrid: Notification Badge setting is enabled, but notification access permission is not granted. Not showing notification badges
07-01 22:48:04.282  2035  2035 I F_C.NonDisruptiveAdapte: 128 - slots hidden: [ ]
07-01 22:48:04.339  2035  2035 I F_C.ScreenOffReceiver: Removing listener
07-01 22:48:04.341  2035  2035 I F_C.ScreenOffReceiver: Removing listener
07-01 22:48:04.372  2035  2035 I F_C.CarouselViewBuilder: Setting prefetch item count to 5 for TEMPLATE_127: { templateId: 127, dimensions: UP_NEXT_ITEM_IMAGE }
07-01 22:48:04.372  2035  2035 W F_C.DeliveryItemBinder: Bound view didn't have the expected view hierarchy
07-01 22:48:04.372  2035  2035 W F_C.DeliveryItemBinder: Bound view didn't have the expected view hierarchy
07-01 22:48:04.375  2035  2035 I F_C.ScreenOffReceiver: Adding listener
07-01 22:48:04.397  2035  2035 I F_C.CarouselViewBuilder: Setting prefetch item count to 5 for TEMPLATE_128: { templateId: 128, dimensions: UP_NEXT_ITEM_IMAGE }
07-01 22:48:04.397  2035  2035 W F_C.DeliveryItemBinder: Bound view didn't have the expected view hierarchy
07-01 22:48:04.397  2035  2035 W F_C.DeliveryItemBinder: Bound view didn't have the expected view hierarchy
07-01 22:48:04.398  2035  2035 I F_C.ScreenOffReceiver: Adding listener
07-01 22:48:04.398  2035  2035 I F_C.NonDisruptiveAdapte: 128 - slots hidden: [ ]
07-01 22:48:04.412   479   479 E charge_logger: --- charge_logger battery event ---
07-01 22:48:04.417   479   479 E charge_logger: Open path error: '/sys/devices/platform/charger/adapter_power_mw'
07-01 22:48:04.421   374 15957 I HealthEventListener: Battery Level = 20
07-01 22:48:04.466  2035  2035 I F_C.ConglomeratingImage: sources size: 3
07-01 22:48:04.466  2035  2035 I F_C.ConglomeratingImage: version: 1230768000000
07-01 22:48:04.466  2035  2035 I F_C.ConglomeratingImage: path: -740569679
07-01 22:48:04.466  2035  2035 I F_C.DefaultPlaceholderD: Setting loading placeholder icon.
07-01 22:48:04.467  2035  2035 I F_C.DefaultPlaceholderD: Setting error placeholder icon.
07-01 22:48:04.469  2035  2035 I F_C.ConglomeratingImage: sources size: 3
07-01 22:48:04.469  2035  2035 I F_C.ConglomeratingImage: version: 1782788463015
07-01 22:48:04.469  2035  2035 I F_C.ConglomeratingImage: path: 631941387
07-01 22:48:04.469  2035  2035 I F_C.DefaultPlaceholderD: Setting loading placeholder icon.
07-01 22:48:04.470  2035  2035 I F_C.DefaultPlaceholderD: Setting error placeholder icon.
07-01 22:48:04.470  2035  2035 I F_C.ConglomeratingImage: sources size: 3
07-01 22:48:04.470  2035  2035 I F_C.ConglomeratingImage: version: 1782788563424
07-01 22:48:04.470  2035  2035 I F_C.ConglomeratingImage: path: 1944430396
07-01 22:48:04.470  2035  2035 I F_C.DefaultPlaceholderD: Setting loading placeholder icon.
07-01 22:48:04.470  2035  2035 I F_C.DefaultPlaceholderD: Setting error placeholder icon.
07-01 22:48:04.471  2035  2035 I F_C.ConglomeratingImage: sources size: 3
07-01 22:48:04.471  2035  2035 I F_C.ConglomeratingImage: version: 1782788509241
07-01 22:48:04.471  2035  2035 I F_C.ConglomeratingImage: path: -2134225715
07-01 22:48:04.471  2035  2035 I F_C.DefaultPlaceholderD: Setting loading placeholder icon.
07-01 22:48:04.471  2035  2035 I F_C.DefaultPlaceholderD: Setting error placeholder icon.
07-01 22:48:04.472  2035  2035 I F_C.ConglomeratingImage: sources size: 3
07-01 22:48:04.472  2035  2035 I F_C.ConglomeratingImage: version: 1782788496069
07-01 22:48:04.472  2035  2035 I F_C.ConglomeratingImage: path: -382385422
07-01 22:48:04.472  2035  2035 I F_C.DefaultPlaceholderD: Setting loading placeholder icon.
07-01 22:48:04.472  2035  2035 I F_C.DefaultPlaceholderD: Setting error placeholder icon.
07-01 22:48:04.473  2035  2035 I F_C.ConglomeratingImage: sources size: 3
07-01 22:48:04.473  2035  2035 I F_C.ConglomeratingImage: version: 1782970659567
07-01 22:48:04.473  2035  2035 I F_C.ConglomeratingImage: path: 2106559348
07-01 22:48:04.473  2035  2035 I F_C.DefaultPlaceholderD: Setting loading placeholder icon.
07-01 22:48:04.474  2035  2035 I F_C.DefaultPlaceholderD: Setting error placeholder icon.
07-01 22:48:04.474  2035  2035 I F_C.ConglomeratingImage: sources size: 3
07-01 22:48:04.474  2035  2035 I F_C.ConglomeratingImage: version: 1767125570230
07-01 22:48:04.474  2035  2035 I F_C.ConglomeratingImage: path: 422366607
07-01 22:48:04.474  2035  2035 I F_C.DefaultPlaceholderD: Setting loading placeholder icon.
07-01 22:48:04.475  2035  2035 I F_C.DefaultPlaceholderD: Setting error placeholder icon.
07-01 22:48:04.475  2035  2035 I F_C.ConglomeratingImage: sources size: 3
07-01 22:48:04.475  2035  2035 I F_C.ConglomeratingImage: version: 1782788593539
07-01 22:48:04.475  2035  2035 I F_C.ConglomeratingImage: path: 875301944
07-01 22:48:04.475  2035  2035 I F_C.DefaultPlaceholderD: Setting loading placeholder icon.
07-01 22:48:04.475  2035  2035 I F_C.DefaultPlaceholderD: Setting error placeholder icon.
07-01 22:48:04.476  2035  2035 I F_C.ConglomeratingImage: sources size: 3
07-01 22:48:04.476  2035  2035 I F_C.ConglomeratingImage: version: 1767132003320
07-01 22:48:04.476  2035  2035 I F_C.ConglomeratingImage: path: -1298919250
07-01 22:48:04.476  2035  2035 I F_C.DefaultPlaceholderD: Setting loading placeholder icon.
07-01 22:48:04.476  2035  2035 I F_C.DefaultPlaceholderD: Setting error placeholder icon.
07-01 22:48:04.476  2035  2035 I F_C.ConglomeratingImage: sources size: 3
07-01 22:48:04.476  2035  2035 I F_C.ConglomeratingImage: version: 1767127141578
07-01 22:48:04.476  2035  2035 I F_C.ConglomeratingImage: path: -438838419
07-01 22:48:04.477  2035  2035 I F_C.DefaultPlaceholderD: Setting loading placeholder icon.
07-01 22:48:04.477  2035  2035 I F_C.DefaultPlaceholderD: Setting error placeholder icon.
07-01 22:48:04.477  2035  2035 I F_C.ConglomeratingImage: sources size: 3
07-01 22:48:04.477  2035  2035 I F_C.ConglomeratingImage: version: 1767116436925
07-01 22:48:04.478  2035  2035 I F_C.ConglomeratingImage: path: -398150599
07-01 22:48:04.478  2035  2035 I F_C.DefaultPlaceholderD: Setting loading placeholder icon.
07-01 22:48:04.478  2035  2035 I F_C.DefaultPlaceholderD: Setting error placeholder icon.
07-01 22:48:04.478  2035  2035 I F_C.ConglomeratingImage: sources size: 3
07-01 22:48:04.478  2035  2035 I F_C.ConglomeratingImage: version: 1767126585815
07-01 22:48:04.478  2035  2035 I F_C.ConglomeratingImage: path: 666029504
07-01 22:48:04.478  2035  2035 I F_C.DefaultPlaceholderD: Setting loading placeholder icon.
07-01 22:48:04.479  2035  2035 I F_C.DefaultPlaceholderD: Setting error placeholder icon.
07-01 22:48:04.479  2035  2035 I F_C.ConglomeratingImage: sources size: 3
07-01 22:48:04.479  2035  2035 I F_C.ConglomeratingImage: version: 1767126456298
07-01 22:48:04.479  2035  2035 I F_C.ConglomeratingImage: path: 193870432
07-01 22:48:04.479  2035  2035 I F_C.DefaultPlaceholderD: Setting loading placeholder icon.
07-01 22:48:04.479  2035  2035 I F_C.DefaultPlaceholderD: Setting error placeholder icon.
07-01 22:48:04.480  2035  2035 I F_C.ConglomeratingImage: sources size: 3
07-01 22:48:04.480  2035  2035 I F_C.ConglomeratingImage: version: 1782877867458
07-01 22:48:04.480  2035  2035 I F_C.ConglomeratingImage: path: 1128662979
07-01 22:48:04.480  2035  2035 I F_C.DefaultPlaceholderD: Setting loading placeholder icon.
07-01 22:48:04.480  2035  2035 I F_C.DefaultPlaceholderD: Setting error placeholder icon.
07-01 22:48:04.480  2035  2035 I F_C.ConglomeratingImage: sources size: 3
07-01 22:48:04.480  2035  2035 I F_C.ConglomeratingImage: version: 1230768000000
07-01 22:48:04.480  2035  2035 I F_C.ConglomeratingImage: path: 1038912498
07-01 22:48:04.481  2035  2035 I F_C.DefaultPlaceholderD: Setting loading placeholder icon.
07-01 22:48:04.481  2035  2035 I F_C.DefaultPlaceholderD: Setting error placeholder icon.
07-01 22:48:04.481  2035  2035 I F_C.ConglomeratingImage: sources size: 3
07-01 22:48:04.481  2035  2035 I F_C.ConglomeratingImage: version: 1230768000000
07-01 22:48:04.481  2035  2035 I F_C.ConglomeratingImage: path: -1730878678
07-01 22:48:04.482  2035  2035 I F_C.DefaultPlaceholderD: Setting loading placeholder icon.
07-01 22:48:04.482  2035  2035 I F_C.DefaultPlaceholderD: Setting error placeholder icon.
07-01 22:48:04.482  2035  2035 I F_C.ConglomeratingImage: sources size: 3
07-01 22:48:04.482  2035  2035 I F_C.ConglomeratingImage: version: 1230768000000
07-01 22:48:04.482  2035  2035 I F_C.ConglomeratingImage: path: 153178342
07-01 22:48:04.482  2035  2035 I F_C.DefaultPlaceholderD: Setting loading placeholder icon.
07-01 22:48:04.482  2035  2035 I F_C.DefaultPlaceholderD: Setting error placeholder icon.
07-01 22:48:04.483  2035  2035 I F_C.ConglomeratingImage: sources size: 3
07-01 22:48:04.483  2035  2035 I F_C.ConglomeratingImage: version: 1230768000000
07-01 22:48:04.483  2035  2035 I F_C.ConglomeratingImage: path: -1405444820
07-01 22:48:04.483  2035  2035 I F_C.DefaultPlaceholderD: Setting loading placeholder icon.
07-01 22:48:04.483  2035  2035 I F_C.DefaultPlaceholderD: Setting error placeholder icon.
07-01 22:48:04.484  2035  2035 I F_C.ConglomeratingImage: sources size: 3
07-01 22:48:04.484  2035  2035 I F_C.ConglomeratingImage: version: 1767126415202
07-01 22:48:04.484  2035  2035 I F_C.ConglomeratingImage: path: 630672073
07-01 22:48:04.484  2035  2035 I F_C.DefaultPlaceholderD: Setting loading placeholder icon.
07-01 22:48:04.484  2035  2035 I F_C.DefaultPlaceholderD: Setting error placeholder icon.
07-01 22:48:04.484  2035  2035 I F_C.ConglomeratingImage: sources size: 3
07-01 22:48:04.484  2035  2035 I F_C.ConglomeratingImage: version: 1230768000000
07-01 22:48:04.484  2035  2035 I F_C.ConglomeratingImage: path: 277390475
07-01 22:48:04.484  2035  2035 I F_C.DefaultPlaceholderD: Setting loading placeholder icon.
07-01 22:48:04.484  2035  2035 I F_C.DefaultPlaceholderD: Setting error placeholder icon.
07-01 22:48:04.485  2035  2035 I F_C.ConglomeratingImage: sources size: 3
07-01 22:48:04.485  2035  2035 I F_C.ConglomeratingImage: version: 1782784191625
07-01 22:48:04.485  2035  2035 I F_C.ConglomeratingImage: path: 1666655549
07-01 22:48:04.486  2035  2035 I F_C.DefaultPlaceholderD: Setting loading placeholder icon.
07-01 22:48:04.486  2035  2035 I F_C.DefaultPlaceholderD: Setting error placeholder icon.
07-01 22:48:04.534  2035  2035 I F_C.Launcher: onWindowFocusChanged: true
07-01 22:48:04.534  2035  2035 I F_C.Launcher: Try to start tutorial
07-01 22:48:04.534  2035  2035 I F_C.Launcher: isActivityStarted: true, isWindowFocused: true, isDeviceAlexaStateInitialized: true
07-01 22:48:04.534  2035  2035 I F_C.LauncherTutorialCon: startTutorial
07-01 22:48:04.534  2035  2035 I F_C.LauncherTutorialCon: No tutorial needs to be resumed
07-01 22:48:04.534  2035  2035 I F_C.LauncherTutorialCon: getIncompleteTutorials
07-01 22:48:04.536  2035  2035 I F_C.AlexaComboTutorialM: isCompleted(): 2
07-01 22:48:04.536  2035  2035 I F_C.AlexaTutorialMode: isCompleted() - isCompleted: true, triggered: true
07-01 22:48:04.536  2035  2035 I F_C.LauncherTutorialCon: Check ALEXA_TUTORIAL, isCompleted: true
07-01 22:48:04.536  2035  2035 I F_C.AlexaComboTutorialM: isCompleted(): 2
07-01 22:48:04.536  2035  2035 I F_C.AlexaTutorialMode: isCompleted() - isCompleted: true, triggered: true
07-01 22:48:04.536  2035  2035 I F_C.DaliForYouTutorialC: isCompleted(): - completed true
07-01 22:48:04.536  2035  2035 I F_C.LauncherTutorialCon: Check FOR_YOU_TUTORIAL, isCompleted: true
07-01 22:48:04.536  2035  2035 I F_C.DaliForYouTutorialC: isCompleted(): - completed true
07-01 22:48:04.536  2035  2035 I F_C.GesturesTutorialCon: isCompleted(): - completed false
07-01 22:48:04.536  2035  2035 I F_C.LauncherTutorialCon: Check GESTURES_TUTORIAL, isCompleted: false
07-01 22:48:04.536  2035  2035 I F_C.GesturesTutorialCon: isCompleted(): - completed false
07-01 22:48:04.536  2035  2035 I F_C.BadgingPermissionTu: isCompleted(): - completed false
07-01 22:48:04.536  2035  2035 I F_C.LauncherTutorialCon: Check BADGING_PERMISSION_TUTORIAL, isCompleted: false
07-01 22:48:04.536  2035  2035 I F_C.BadgingPermissionTu: isCompleted(): - completed false
07-01 22:48:04.536  2035  2035 I F_C.FylTutorialControll: isCompleted(): - completed true
07-01 22:48:04.536  2035  2035 I F_C.LauncherTutorialCon: Check FYL_TUTORIAL, isCompleted: true
07-01 22:48:04.536  2035  2035 I F_C.FylTutorialControll: isCompleted(): - completed true
07-01 22:48:04.536  2035  2035 I F_C.LauncherTutorialCon: All tutorials have been shown, not showing tutorials
07-01 22:48:04.536  2035  2035 I F_C.EditModeEducationCo: Edit mode education already displayed.
07-01 22:48:04.617  2035  2035 I F_C.VisibleRecyclerView: getFirstVisiblePosition, firstVisibleAdapterPosition: 0, correctedAdapterIndex: 0, indexOffset: 0
07-01 22:48:04.618  2035  2035 I F_C.SectionExpandStates: bind() - dataSource not yet registered
07-01 22:48:04.618  2035  2035 I chatty  : uid=10092(com.amazon.firelauncher) identical 19 lines
07-01 22:48:04.618  2035  2035 I F_C.SectionExpandStates: bind() - dataSource not yet registered
07-01 22:48:04.618  2035  2035 I F_C.VisibleRecyclerView: getLastVisiblePosition, lastNonFixedViewPosition: 21, correctedAdapterIndex: 21, indexOffset: 0
07-01 22:48:04.620   614   639 I ActivityManager: Displayed com.amazon.firelauncher/.Launcher: +475ms
07-01 22:48:04.620   614   804 I LaunchTimeProcessor: warm_app_warm_transition_launch_time of com.amazon.firelauncher is 598ms with activity = com.amazon.firelauncher/.Launcher, app_version = 92058110, prev_activity = com.android.settings/.Settings$DevelopmentSettingsDashboardActivity, isChild = false, context = S1T0A1D0I0L1E0M9999R0
07-01 22:48:04.634   382   421 I vendor.mediatek.hardware.power@2.0-impl: powerHintAsync hint:8, data:0
07-01 22:48:04.636   382   420 I libPowerHal: 8: legacy set freq: -1 -1 -1 -1
07-01 22:48:04.665   614   804 I LaunchTimeProcessor: warm_activity_launch_time of com.amazon.firelauncher is 460ms with activity = com.amazon.firelauncher/.Launcher, app_version = 92058110, prev_activity = com.android.settings/.Settings$DevelopmentSettingsDashboardActivity, isChild = false, context = S1T0A1D0I0L1E0M9999R0
07-01 22:48:04.767   891   902 I ndroid.systemu: NativeAlloc concurrent copying GC freed 8166(457KB) AllocSpace objects, 0(0B) LOS objects, 45% free, 7MB/13MB, paused 4.024ms total 115.888ms
07-01 22:48:04.847   456   456 I thermal_repeater: socket -1
07-01 22:48:04.881 16583 16583 E TabletSettingsMinervaMetrics: Class name not found in Metrics classname map. Not able to record SettingsViewCount metric for class: com.android.settings.development.DevelopmentSettingsDashboardFragment
07-01 22:48:04.882 16583 16583 E TabletSettingsMinervaMetrics: recordTimeSpentMetric: metricName cannot be null
07-01 22:48:04.966  2035  2060 I on.firelaunche: Background concurrent copying GC freed 58973(1660KB) AllocSpace objects, 0(0B) LOS objects, 31% free, 13MB/19MB, paused 318us total 115.177ms
07-01 22:48:04.985   614  4619 I ActivityManager: Process com.amazon.logan:a11ymetrics (pid 19965) has died: cch+3CEM 
07-01 22:48:04.985   614   634 W libprocessgroup: kill(-19965, 9) failed: No such process
07-01 22:48:04.985   614   634 I libprocessgroup: Successfully killed process cgroup uid 10036 pid 19965 in 0ms
07-01 22:48:04.986   347   347 I Zygote  : Process 19965 exited due to signal 9 (Killed)
07-01 22:48:05.052   614   623 I system_server: NativeAlloc concurrent copying GC freed 87341(3MB) AllocSpace objects, 8(240KB) LOS objects, 24% free, 18MB/24MB, paused 271us total 153.289ms
07-01 22:48:05.054   614   620 W JHwRemoteBinder: BinderProxy is being destroyed but the application did not call unlinkToDeath to unlink all of its death recipients beforehand.  Releasing leaked death recipient: com.android.server.wifi.p2p.-$$Lambda$SupplicantP2pIfaceHal$AwvLtkH4UyCOhUYx__3ExZj_7jQ
07-01 22:48:05.265  1544  1725 I BatchCreator: enqueueBatchForTransmission - enqueueBatchForTransmission;
07-01 22:48:05.277  1544  1725 I BoundedBatchFileQueue: batch file added: 1782971285270_us-east-1_0001
07-01 22:48:05.640   458   458 I thermal_src: recvmsg_expect 4, but get 5 
07-01 22:48:05.640   458   458 E thermal_src: set_ttj_to_kernel 1:error -1
07-01 22:48:05.640   458   458 I thermal_src: recvmsg_expect 2, but get 4 
07-01 22:48:06.417   614   722 E WifiVendorHal: getWifiLinkLayerStats(l.937) failed {.code = ERROR_NOT_SUPPORTED, .description = }
07-01 22:48:09.157   614   626 I PackageRecency: Matched blackListPattern for [com.amazon.firelauncher/com.amazon.fireappscardproducer.service.SystemNotificationProducerService$PackageRecencyReceiver] on com.amazon.smartgenie/.*|com.amazon.venezia/.*|com.amazon.ags.app/.*|com.amazon.kindle.otter.settings/.*|com.amazon.webapp/.*|com.amazon.firelauncher/.*|com.android.settings/.*|com.amazon.kindle.personal_music/.*|com.amazon.kindle.personal_video/.*|com.amazon.kindle.otter.oobe/.*|com.amazon.cardinal/.*|com.android.systemui/.*|com.amazon.kindle.unifiedSearch/.*|com.android.launcher3/.*|com.amazon.storagemanager/.*|amazon.speech.sim/.*|com.android.packageinstaller/.*|com.amazon.parentalcontrols/.*
07-01 22:48:09.426   614   722 E WifiVendorHal: getWifiLinkLayerStats(l.937) failed {.code = ERROR_NOT_SUPPORTED, .description = }
07-01 22:48:09.847   456   456 I thermal_repeater: socket -1
07-01 22:48:10.648   458   458 I thermal_src: recvmsg_expect 4, but get 5 
07-01 22:48:10.648   458   458 E thermal_src: set_ttj_to_kernel 1:error -1
07-01 22:48:10.648   458   458 I thermal_src: recvmsg_expect 2, but get 4 
07-01 22:48:10.798   382   421 I vendor.mediatek.hardware.power@2.0-impl: powerHintAsync hint:2, data:0
07-01 22:48:10.800   382   420 I libPowerHal: 2: legacy set freq: 1989000 -1 1989000 -1
07-01 22:48:10.800   382   421 I vendor.mediatek.hardware.power@2.0-impl: powerHintAsync hint:2, data:0
07-01 22:48:10.904  2035  2035 I F_C.DeliveriesBinder: Handling deliveries view single tap
07-01 22:48:10.931  2035  2035 I F_C.DefaultActionExecut: Cannot execute null action
07-01 22:48:10.931  2035 14382 I F_C.DefaultActionExecut: Starting activity with action: android.intent.action.MAIN, intent: 105350284
07-01 22:48:10.933   614  4619 I ActivityManager: START u0 {act=android.intent.action.MAIN cat=[android.intent.category.LAUNCHER] flg=0x10200000 pkg=com.android.documentsui cmp=com.android.documentsui/.LauncherActivity (has extras)} from uid 10092
07-01 22:48:10.933   382   421 I vendor.mediatek.hardware.power@2.0-impl: powerHintAsync hint:2, data:200
07-01 22:48:10.951   382   420 I libPowerHal: 2: legacy set freq: -1 -1 -1 -1
07-01 22:48:10.978   382   421 I vendor.mediatek.hardware.power@2.0-impl: powerHintAsync hint:8, data:1
07-01 22:48:10.978   382   420 I libPowerHal: 8: legacy set freq: 1989000 -1 1989000 -1
07-01 22:48:10.993  2035  2035 I F_C.Launcher: onPause
07-01 22:48:10.994  2035  2035 I F_C.NonDisruptiveAdapte: 128 - slots hidden: [ ]
07-01 22:48:10.995  2035  2035 I F_C.MagazineController: Notifying F_C.PageAdapter:DELIVERIES on on visibility change: false
07-01 22:48:10.995  2035  2035 I F_C.BufferedWeblabContr: Returning FIRELAUNCHER_PODIUM_911263 for weblab T1
07-01 22:48:10.995  2035  2035 I F_C.OverrideWeblabContr: Returning FIRELAUNCHER_PODIUM_911263 for weblab T1, base class: BufferedWeblabController
07-01 22:48:10.995  2035  2035 I F_C.WeblabCardFiltering: No filters found for treatment T1
07-01 22:48:10.995  2035  2035 I F_C.PageExitMetric: Launcher background detected -- reporting page exit metric for current page
07-01 22:48:10.998   614  4619 I AlexaModeSwitchManagerImpl: Inside getMode
07-01 22:48:11.002  8859  8859 W ActivityThread: handleWindowVisibility: no activity for token android.os.BinderProxy@92010d
07-01 22:48:11.011   447   474 E storaged: getDiskStats failed with result NOT_SUPPORTED and size 0
07-01 22:48:11.012   614  4619 W ActivityManager: Request to remove task ignored for non-existent task 61
07-01 22:48:11.013   614  1187 I PackageRecency: Queuing notification(s) to package for ActivityInfo{62cf068 com.android.documentsui.LauncherActivity}
07-01 22:48:11.014  1909  1909 I SPCH-ADW_TabletWindowContract: onActivityResume() com.android.documentsui.files.LauncherActivity
07-01 22:48:11.014   374 15957 W AudioALSAHardware: setParameters(), still have param.size() = 1, remain param = "continuous_audio_mode=0"
07-01 22:48:11.014   387  2085 I hash_map_utils: key: 'continuous_audio_mode' value: '0'
07-01 22:48:11.025  2035  2035 I F_C.Launcher: onWindowFocusChanged: false
07-01 22:48:11.025  2035  2035 I F_C.Launcher: Try to start tutorial
07-01 22:48:11.025  2035  2035 I F_C.Launcher: isActivityStarted: true, isWindowFocused: false, isDeviceAlexaStateInitialized: true
07-01 22:48:11.029   614   788 W AmazonProfileService: Active profile for the package xxx not present for customer Id xxx
07-01 22:48:11.029   614   788 W AmazonProfileService: Active profile for the programId PCA_FIRE_TABLET not present for customerId xxx
07-01 22:48:11.041  1544  1763 I com.amazon.client.metrics/ClientSideAmazonPlatformDependencyImpl: isAmazonDevice() in ClientSideAmazonPlatformDependencyImpl is called
07-01 22:48:11.058   614  1142 I ActivityManager: START u0 {(has data) flg=0x10280000 cmp=com.android.documentsui/.files.FilesActivity (has extras)} from uid 10049
07-01 22:48:11.059   382   421 I vendor.mediatek.hardware.power@2.0-impl: powerHintAsync hint:2, data:200
07-01 22:48:11.076  1544  1567 I .client.metric: Background concurrent copying GC freed 63067(2MB) AllocSpace objects, 12(568KB) LOS objects, 49% free, 2MB/4MB, paused 6.924ms total 37.848ms
07-01 22:48:11.098   614  4619 I AlexaModeSwitchManagerImpl: Inside getMode
07-01 22:48:11.100  1909  1909 I SPCH-ADW_TabletWindowContract: onActivityResume() com.android.documentsui.files.FilesActivity
07-01 22:48:11.100   374 15957 W AudioALSAHardware: setParameters(), still have param.size() = 1, remain param = "continuous_audio_mode=0"
07-01 22:48:11.101   387  2085 I hash_map_utils: key: 'continuous_audio_mode' value: '0'
07-01 22:48:11.127 14927 15013 E NetworkDelegate: Something failed
07-01 22:48:11.127 14927 15013 E NetworkDelegate: java.net.SocketTimeoutException: failed to connect to m.media-amazon.com/146.75.41.16 (port 443) from /10.10.10.40 (port 57634) after 60000ms
07-01 22:48:11.127 14927 15013 E NetworkDelegate: 	at libcore.io.IoBridge.connectErrno(IoBridge.java:185)
07-01 22:48:11.127 14927 15013 E NetworkDelegate: 	at libcore.io.IoBridge.connect(IoBridge.java:129)
07-01 22:48:11.127 14927 15013 E NetworkDelegate: 	at java.net.PlainSocketImpl.socketConnect(PlainSocketImpl.java:137)
07-01 22:48:11.127 14927 15013 E NetworkDelegate: 	at java.net.AbstractPlainSocketImpl.doConnect(AbstractPlainSocketImpl.java:390)
07-01 22:48:11.127 14927 15013 E NetworkDelegate: 	at java.net.AbstractPlainSocketImpl.connectToAddress(AbstractPlainSocketImpl.java:230)
07-01 22:48:11.127 14927 15013 E NetworkDelegate: 	at java.net.AbstractPlainSocketImpl.connect(AbstractPlainSocketImpl.java:212)
07-01 22:48:11.127 14927 15013 E NetworkDelegate: 	at java.net.SocksSocketImpl.connect(SocksSocketImpl.java:436)
07-01 22:48:11.127 14927 15013 E NetworkDelegate: 	at java.net.Socket.connect(Socket.java:621)
07-01 22:48:11.127 14927 15013 E NetworkDelegate: 	at com.android.okhttp.internal.Platform.connectSocket(Platform.java:145)
07-01 22:48:11.127 14927 15013 E NetworkDelegate: 	at com.android.okhttp.internal.io.RealConnection.connectSocket(RealConnection.java:141)
07-01 22:48:11.127 14927 15013 E NetworkDelegate: 	at com.android.okhttp.internal.io.RealConnection.connect(RealConnection.java:112)
07-01 22:48:11.127 14927 15013 E NetworkDelegate: 	at com.android.okhttp.internal.http.StreamAllocation.findConnection(StreamAllocation.java:184)
07-01 22:48:11.127 14927 15013 E NetworkDelegate: 	at com.android.okhttp.internal.http.StreamAllocation.findHealthyConnection(StreamAllocation.java:126)
07-01 22:48:11.127 14927 15013 E NetworkDelegate: 	at com.android.okhttp.internal.http.StreamAllocation.newStream(StreamAllocation.java:95)
07-01 22:48:11.127 14927 15013 E NetworkDelegate: 	at com.android.okhttp.internal.http.HttpEngine.connect(HttpEngine.java:281)
07-01 22:48:11.127 14927 15013 E NetworkDelegate: 	at com.android.okhttp.internal.http.HttpEngine.sendRequest(HttpEngine.java:224)
07-01 22:48:11.127 14927 15013 E NetworkDelegate: 	at com.android.okhttp.internal.huc.HttpURLConnectionImpl.execute(HttpURLConnectionImpl.java:461)
07-01 22:48:11.127 14927 15013 E NetworkDelegate: 	at com.android.okhttp.internal.huc.HttpURLConnectionImpl.getResponse(HttpURLConnectionImpl.java:407)
07-01 22:48:11.127 14927 15013 E NetworkDelegate: 	at com.android.okhttp.internal.huc.HttpURLConnectionImpl.getResponseCode(HttpURLConnectionImpl.java:538)
07-01 22:48:11.127 14927 15013 E NetworkDelegate: 	at com.android.okhttp.internal.huc.DelegatingHttpsURLConnection.getResponseCode(DelegatingHttpsURLConnection.java:105)
07-01 22:48:11.127 14927 15013 E NetworkDelegate: 	at com.android.okhttp.internal.huc.HttpsURLConnectionImpl.getResponseCode(HttpsURLConnectionImpl.java:26)
07-01 22:48:11.127 14927 15013 E NetworkDelegate: 	at com.amazon.weblab.NetworkDelegate.downloadToFile(Unknown Source:303)
07-01 22:48:11.264   614   639 I ActivityManager: Displayed com.android.documentsui/.files.FilesActivity: +162ms
07-01 22:48:11.267   614   804 I LaunchTimeProcessor: warm_app_warm_transition_launch_time of com.android.documentsui is 164ms with activity = com.android.documentsui/.files.FilesActivity, app_version = 28, prev_activity = com.android.documentsui/.LauncherActivity, isChild = false, context = S1T0A1D0I0L1E0M9999R0
07-01 22:48:11.274  8859  8859 W BulkCursor: Remote process exception when closing
07-01 22:48:11.276   614   804 I LaunchTimeProcessor: warm_activity_launch_time of com.android.documentsui is 164ms with activity = com.android.documentsui/.files.FilesActivity, app_version = 28, prev_activity = com.android.documentsui/.LauncherActivity, isChild = false, context = S1T0A1D0I0L1E0M9999R0
07-01 22:48:11.307   382   421 I vendor.mediatek.hardware.power@2.0-impl: powerHintAsync hint:8, data:0
07-01 22:48:11.309   382   420 I libPowerHal: 8: legacy set freq: -1 -1 -1 -1
07-01 22:48:11.487  2035  2035 I F_C.Launcher: onStop
07-01 22:48:11.487  2035  2035 I F_C.PrefetchTrigger: Launcher stop, cancel any pending job and reschedule if needed with at least 30000 ms delay
07-01 22:48:11.490  2035  2035 W F_C.EditModeController: AppsGrid not in EditMode, exit not applicable.
07-01 22:48:11.490  2035  2035 I F_C.DeferredReferenceEx: Running task immediately (task=onBackgroundedTask)
07-01 22:48:11.497  2035  2035 I F_C.BaseTutorialControl: pauseTutorial - isActive: false
07-01 22:48:11.497  2035  2035 I F_C.BaseTutorialControl: pauseTutorial - isActive: false
07-01 22:48:11.499   402  1472 W SurfaceFlinger: Attempting to destroy on removed layer: AppWindowToken{809f78b token=Token{c15e95a ActivityRecord{c5c5505 u0 com.android.documentsui/.LauncherActivity t62}}}#0
07-01 22:48:12.433   614   722 E WifiVendorHal: getWifiLinkLayerStats(l.937) failed {.code = ERROR_NOT_SUPPORTED, .description = }
07-01 22:48:12.603   382   421 I vendor.mediatek.hardware.power@2.0-impl: powerHintAsync hint:2, data:0
07-01 22:48:12.605   382   420 I libPowerHal: 2: legacy set freq: 1989000 -1 1989000 -1
07-01 22:48:12.605   382   421 I vendor.mediatek.hardware.power@2.0-impl: powerHintAsync hint:2, data:0
07-01 22:48:12.691   614 11050 D ActivityManager: Raise procstate to external provider: ProcessRecord{e349257 20982:com.android.providers.downloads/u0a27}
07-01 22:48:12.710   614 11050 W Binder  : Outgoing transactions from this process must be FLAG_ONEWAY
07-01 22:48:12.710   614 11050 W Binder  : java.lang.Throwable
07-01 22:48:12.710   614 11050 W Binder  : 	at android.os.BinderProxy.transact(Binder.java:1116)
07-01 22:48:12.710   614 11050 W Binder  : 	at android.content.ContentProviderProxy.getType(ContentProviderNative.java:451)
07-01 22:48:12.710   614 11050 W Binder  : 	at com.android.server.am.ActivityManagerService.getProviderMimeType(ActivityManagerService.java:13375)
07-01 22:48:12.710   614 11050 W Binder  : 	at android.app.IActivityManager$Stub.onTransact(IActivityManager.java:1416)
07-01 22:48:12.710   614 11050 W Binder  : 	at com.android.server.am.ActivityManagerService.onTransact(ActivityManagerService.java:3360)
07-01 22:48:12.710   614 11050 W Binder  : 	at android.os.Binder.execTransact(Binder.java:731)
07-01 22:48:12.716   614 11050 I ActivityManager: START u0 {act=android.provider.action.MANAGE_DOCUMENT (has data)} from uid 10049
07-01 22:48:12.718   614 22241 I ActivityManager: START u0 {act=android.intent.action.VIEW (has data) typ=application/vnd.android.package-archive flg=0x3 cmp=com.android.packageinstaller/.InstallStart} from uid 10049
07-01 22:48:12.754   382   421 I vendor.mediatek.hardware.power@2.0-impl: powerHintAsync hint:8, data:1
07-01 22:48:12.755   382   420 I libPowerHal: 2: legacy set freq: -1 -1 -1 -1
07-01 22:48:12.755   382   420 I libPowerHal: 8: legacy set freq: 1989000 -1 1989000 -1
07-01 22:48:12.782   614 22241 W Process : Unable to open /proc/0/status
07-01 22:48:12.802   614   633 I ActivityManager: Start proc 21383:com.android.packageinstaller/u0a53 for activity com.android.packageinstaller/.InstallStart
07-01 22:48:12.834 21383 21383 E ackageinstalle: Not starting debugger since process cannot load the jdwp agent.
07-01 22:48:12.867   614 11050 I AlexaModeSwitchManagerImpl: Inside getMode
07-01 22:48:12.895   374 15957 W AudioALSAHardware: setParameters(), still have param.size() = 1, remain param = "continuous_audio_mode=0"
07-01 22:48:12.895   387  2085 I hash_map_utils: key: 'continuous_audio_mode' value: '0'
07-01 22:48:12.896  1909  1909 I SPCH-ADW_TabletWindowContract: onActivityResume() com.android.packageinstaller.InstallStart
07-01 22:48:12.897   614   788 W AmazonProfileService: Active profile for the package xxx not present for customer Id xxx
07-01 22:48:12.898   614   788 W AmazonProfileService: Active profile for the programId PCA_FIRE_TABLET not present for customerId xxx
07-01 22:48:12.905  1544  1763 I com.amazon.client.metrics/ClientSideAmazonPlatformDependencyImpl: isAmazonDevice() in ClientSideAmazonPlatformDependencyImpl is called
07-01 22:48:12.973 21383 21398 E libc    : Access denied finding property "ro.product.config.type"
07-01 22:48:12.970 21383 21383 W Thread-2: type=1400 audit(0.0:413): avc: denied { read } for name="u:object_r:devicetype_prop:s0" dev="tmpfs" ino=2251 scontext=u:r:platform_app:s0:c512,c768 tcontext=u:object_r:devicetype_prop:s0 tclass=file permissive=0
07-01 22:48:12.993   614 11050 I ActivityManager: START u0 {act=android.intent.action.VIEW (has data) typ=application/vnd.android.package-archive flg=0x2000000 cmp=com.android.packageinstaller/.InstallStaging (has extras)} from uid 10053
07-01 22:48:12.995   382   421 I vendor.mediatek.hardware.power@2.0-impl: powerHintAsync hint:8, data:1
07-01 22:48:13.016   614 11050 I AlexaModeSwitchManagerImpl: Inside getMode
07-01 22:48:13.020  1909  1909 I SPCH-ADW_TabletWindowContract: onActivityResume() com.android.packageinstaller.InstallStaging
07-01 22:48:13.020   374 15957 W AudioALSAHardware: setParameters(), still have param.size() = 1, remain param = "continuous_audio_mode=0"
07-01 22:48:13.020   387  2085 I hash_map_utils: key: 'continuous_audio_mode' value: '0'
07-01 22:48:13.024 21383 21383 W ActivityThread: handleWindowVisibility: no activity for token android.os.BinderProxy@7225e36
07-01 22:48:13.102   614  1142 E WindowManager: App trying to use insecure INPUT_FEATURE_NO_INPUT_CHANNEL flag. Ignoring
07-01 22:48:13.140 21383 21403 E GED     : Failed to get GED Log Buf, err(0)
07-01 22:48:13.168 21383 21403 I ConfigStore: android::hardware::configstore::V1_0::ISurfaceFlingerConfigs::hasWideColorDisplay retrieved: 0
07-01 22:48:13.168 21383 21403 I ConfigStore: android::hardware::configstore::V1_0::ISurfaceFlingerConfigs::hasHDRDisplay retrieved: 0
07-01 22:48:13.168 21383 21403 I OpenGLRenderer: Initialized EGL, version 1.4
07-01 22:48:13.168 21383 21403 E OpenGLRenderer: Device claims wide gamut support, cannot find matching config, error = EGL_SUCCESS
07-01 22:48:13.211 21383 21403 I ConfigStore: android::hardware::configstore::V1_0::ISurfaceFlingerConfigs::vsyncEventPhaseOffsetNs retrieved: 0
07-01 22:48:13.211 21383 21403 I ConfigStore: android::hardware::configstore::V1_0::ISurfaceFlingerConfigs::vsyncSfEventPhaseOffsetNs retrieved: 0
07-01 22:48:13.411 21383 21403 E ion     : ioctl c0044901 failed with code -1: Invalid argument
07-01 22:48:13.605   382   421 I vendor.mediatek.hardware.power@2.0-impl: powerHintAsync hint:8, data:0
07-01 22:48:13.606   382   420 I libPowerHal: 8: legacy set freq: -1 -1 -1 -1
07-01 22:48:13.636 21383 21403 I ConfigStore: android::hardware::configstore::V1_0::ISurfaceFlingerConfigs::vsyncEventPhaseOffsetNs retrieved: 0
07-01 22:48:13.636 21383 21403 I ConfigStore: android::hardware::configstore::V1_0::ISurfaceFlingerConfigs::vsyncSfEventPhaseOffsetNs retrieved: 0
07-01 22:48:13.650   614   639 I ActivityManager: Displayed com.android.packageinstaller/.InstallStaging: +592ms (total +832ms)
07-01 22:48:13.651   614   804 I LaunchTimeProcessor: cool_app_launch_time of com.android.packageinstaller is 631ms with activity = com.android.packageinstaller/.InstallStaging, app_version = 28, prev_activity = com.android.packageinstaller/.InstallStart, isChild = false, context = S1T0A1D0I0L1E0M9999R0
07-01 22:48:13.659   614   804 I LaunchTimeProcessor: cool_activity_launch_time of com.android.packageinstaller is 631ms with activity = com.android.packageinstaller/.InstallStaging, app_version = 28, prev_activity = com.android.packageinstaller/.InstallStart, isChild = false, context = S1T0A1D0I0L1E0M9999R0
07-01 22:48:13.757   614 22241 I ActivityManager: START u0 {act=android.intent.action.VIEW (has data) flg=0x2010000 cmp=com.android.packageinstaller/.DeleteStagedFileOnResult (has extras)} from uid 10053
07-01 22:48:13.760   382   421 I vendor.mediatek.hardware.power@2.0-impl: powerHintAsync hint:8, data:1
07-01 22:48:13.762   382   420 I libPowerHal: 8: legacy set freq: 1989000 -1 1989000 -1
07-01 22:48:13.781   614 22241 I AlexaModeSwitchManagerImpl: Inside getMode
07-01 22:48:13.789  1909  1909 I SPCH-ADW_TabletWindowContract: onActivityResume() com.android.packageinstaller.DeleteStagedFileOnResult
07-01 22:48:13.790   374 15957 W AudioALSAHardware: setParameters(), still have param.size() = 1, remain param = "continuous_audio_mode=0"
07-01 22:48:13.790   387   551 I hash_map_utils: key: 'continuous_audio_mode' value: '0'
07-01 22:48:13.792 21383 21383 W ActivityThread: handleWindowVisibility: no activity for token android.os.BinderProxy@9f2d300
07-01 22:48:13.834   614 22241 I ActivityManager: START u0 {act=android.intent.action.VIEW (has data) flg=0x10000 cmp=com.android.packageinstaller/.PackageInstallerActivity (has extras)} from uid 10053
07-01 22:48:13.837   382   421 I vendor.mediatek.hardware.power@2.0-impl: powerHintAsync hint:8, data:1
07-01 22:48:13.851   614 22241 E WindowManager: App trying to use insecure INPUT_FEATURE_NO_INPUT_CHANNEL flag. Ignoring
07-01 22:48:13.856   614  1142 I AlexaModeSwitchManagerImpl: Inside getMode
07-01 22:48:13.860  1909  1909 I SPCH-ADW_TabletWindowContract: onActivityResume() com.android.packageinstaller.PackageInstallerActivity
07-01 22:48:13.860   374 15957 W AudioALSAHardware: setParameters(), still have param.size() = 1, remain param = "continuous_audio_mode=0"
07-01 22:48:13.860   387   551 I hash_map_utils: key: 'continuous_audio_mode' value: '0'
07-01 22:48:13.878 21383 21383 W ActivityThread: handleWindowVisibility: no activity for token android.os.BinderProxy@1476256
07-01 22:48:13.900 21383 21383 W PackageParser: Unknown element under <manifest>: queries at /data/user_de/0/com.android.packageinstaller/no_backup/package6778401831943930932.apk Binary XML file line #19
07-01 22:48:13.939 21383 21383 I PackageInstaller: No source found for package com.lonetechwiz.hearthshelf
07-01 22:48:13.956   614  1142 E WindowManager: App trying to use insecure INPUT_FEATURE_NO_INPUT_CHANNEL flag. Ignoring
07-01 22:48:13.961   614 22241 E WindowManager: App trying to use insecure INPUT_FEATURE_NO_INPUT_CHANNEL flag. Ignoring
07-01 22:48:14.056   614   639 I ActivityManager: Displayed com.android.packageinstaller/.PackageInstallerActivity: +187ms (total +263ms)
07-01 22:48:14.057   614   804 I LaunchTimeProcessor: warm_app_cool_transition_launch_time of com.android.packageinstaller is 197ms with activity = com.android.packageinstaller/.PackageInstallerActivity, app_version = 28, prev_activity = com.android.packageinstaller/.DeleteStagedFileOnResult, isChild = false, context = S1T0A1D0I0L1E0M9999R0
07-01 22:48:14.059   614   804 I LaunchTimeProcessor: cool_activity_launch_time of com.android.packageinstaller is 197ms with activity = com.android.packageinstaller/.PackageInstallerActivity, app_version = 28, prev_activity = com.android.packageinstaller/.DeleteStagedFileOnResult, isChild = false, context = S1T0A1D0I0L1E0M9999R0
07-01 22:48:14.072   382   421 I vendor.mediatek.hardware.power@2.0-impl: powerHintAsync hint:8, data:0
07-01 22:48:14.073   382   420 I libPowerHal: 8: legacy set freq: -1 -1 -1 -1
07-01 22:48:14.849   456   456 I thermal_repeater: socket -1
07-01 22:48:15.442   614   722 E WifiVendorHal: getWifiLinkLayerStats(l.937) failed {.code = ERROR_NOT_SUPPORTED, .description = }
07-01 22:48:15.447   382   421 I vendor.mediatek.hardware.power@2.0-impl: powerHintAsync hint:2, data:0
07-01 22:48:15.449   382   420 I libPowerHal: 2: legacy set freq: 1989000 -1 1989000 -1
07-01 22:48:15.449   382   421 I vendor.mediatek.hardware.power@2.0-impl: powerHintAsync hint:2, data:0
07-01 22:48:15.555   382   421 I chatty  : uid=1000(system) power@2.0-servi identical 1 line
07-01 22:48:15.556   382   421 I vendor.mediatek.hardware.power@2.0-impl: powerHintAsync hint:2, data:0
07-01 22:48:15.599   382   420 I libPowerHal: 2: legacy set freq: -1 -1 -1 -1
07-01 22:48:15.638 21383 21383 I AppSecurityPermissions: Ignoring unknown permission:android.permission.POST_NOTIFICATIONS
07-01 22:48:15.640 21383 21383 I AppSecurityPermissions: Ignoring unknown permission:com.lonetechwiz.hearthshelf.DYNAMIC_RECEIVER_NOT_EXPORTED_PERMISSION
07-01 22:48:15.640 21383 21383 I AppSecurityPermissions: Ignoring unknown permission:com.google.android.finsky.permission.BIND_GET_INSTALL_REFERRER_SERVICE
07-01 22:48:15.640 21383 21383 I AppSecurityPermissions: Ignoring unknown permission:com.sec.android.provider.badge.permission.READ
07-01 22:48:15.640 21383 21383 I AppSecurityPermissions: Ignoring unknown permission:com.sec.android.provider.badge.permission.WRITE
07-01 22:48:15.641 21383 21383 I AppSecurityPermissions: Ignoring unknown permission:com.htc.launcher.permission.READ_SETTINGS
07-01 22:48:15.642 21383 21383 I AppSecurityPermissions: Ignoring unknown permission:com.htc.launcher.permission.UPDATE_SHORTCUT
07-01 22:48:15.642 21383 21383 I AppSecurityPermissions: Ignoring unknown permission:com.sonyericsson.home.permission.BROADCAST_BADGE
07-01 22:48:15.642 21383 21383 I AppSecurityPermissions: Ignoring unknown permission:com.sonymobile.home.permission.PROVIDER_INSERT_BADGE
07-01 22:48:15.643 21383 21383 I AppSecurityPermissions: Ignoring unknown permission:com.anddoes.launcher.permission.UPDATE_COUNT
07-01 22:48:15.643 21383 21383 I AppSecurityPermissions: Ignoring unknown permission:com.majeur.launcher.permission.UPDATE_BADGE
07-01 22:48:15.643 21383 21383 I AppSecurityPermissions: Ignoring unknown permission:com.huawei.android.launcher.permission.CHANGE_BADGE
07-01 22:48:15.644 21383 21383 I AppSecurityPermissions: Ignoring unknown permission:com.huawei.android.launcher.permission.READ_SETTINGS
07-01 22:48:15.644 21383 21383 I AppSecurityPermissions: Ignoring unknown permission:com.huawei.android.launcher.permission.WRITE_SETTINGS
07-01 22:48:15.644 21383 21383 I AppSecurityPermissions: Ignoring unknown permission:android.permission.READ_APP_BADGE
07-01 22:48:15.645 21383 21383 I AppSecurityPermissions: Ignoring unknown permission:com.oppo.launcher.permission.READ_SETTINGS
07-01 22:48:15.645 21383 21383 I AppSecurityPermissions: Ignoring unknown permission:com.oppo.launcher.permission.WRITE_SETTINGS
07-01 22:48:15.645 21383 21383 I AppSecurityPermissions: Ignoring unknown permission:me.everything.badger.permission.BADGE_COUNT_READ
07-01 22:48:15.646 21383 21383 I AppSecurityPermissions: Ignoring unknown permission:me.everything.badger.permission.BADGE_COUNT_WRITE
07-01 22:48:15.656   458   458 I thermal_src: recvmsg_expect 4, but get 5 
07-01 22:48:15.656   458   458 E thermal_src: set_ttj_to_kernel 1:error -1
07-01 22:48:15.656   458   458 I thermal_src: recvmsg_expect 2, but get 4 
07-01 22:48:15.968   402  1230 W SurfaceFlinger: Attempting to set client state on removed layer: com.android.packageinstaller/com.android.packageinstaller.PackageInstallerActivity#0
07-01 22:48:15.968   402  1230 W SurfaceFlinger: Attempting to set client state on removed layer: Dim Layer for - Task=32#0
07-01 22:48:15.968   402  1230 W SurfaceFlinger: Attempting to destroy on removed layer: com.android.packageinstaller/com.android.packageinstaller.PackageInstallerActivity#0
07-01 22:48:15.968   402  1230 W SurfaceFlinger: Attempting to destroy on removed layer: Dim Layer for - Task=32#0
07-01 22:48:16.739   382   421 I vendor.mediatek.hardware.power@2.0-impl: powerHintAsync hint:2, data:0
07-01 22:48:16.740   382   420 I libPowerHal: 2: legacy set freq: 1989000 -1 1989000 -1
07-01 22:48:16.741   382   421 I vendor.mediatek.hardware.power@2.0-impl: powerHintAsync hint:2, data:0
07-01 22:48:16.890   382   420 I libPowerHal: 2: legacy set freq: -1 -1 -1 -1
07-01 22:48:16.907   382   421 I vendor.mediatek.hardware.power@2.0-impl: powerHintAsync hint:2, data:0
07-01 22:48:16.908   382   420 I libPowerHal: 2: legacy set freq: 1989000 -1 1989000 -1
07-01 22:48:16.909   382   421 I vendor.mediatek.hardware.power@2.0-impl: powerHintAsync hint:2, data:0
07-01 22:48:16.912   614  4619 I ActivityManager: START u0 {(has data) flg=0x2000000 cmp=com.android.packageinstaller/.InstallInstalling (has extras)} from uid 10053
07-01 22:48:16.916   382   421 I vendor.mediatek.hardware.power@2.0-impl: powerHintAsync hint:8, data:1
07-01 22:48:16.933   614 22241 I AlexaModeSwitchManagerImpl: Inside getMode
07-01 22:48:16.940  1909  1909 I SPCH-ADW_TabletWindowContract: onActivityResume() com.android.packageinstaller.InstallInstalling
07-01 22:48:16.941   374 15957 W AudioALSAHardware: setParameters(), still have param.size() = 1, remain param = "continuous_audio_mode=0"
07-01 22:48:16.941   387  2085 I hash_map_utils: key: 'continuous_audio_mode' value: '0'
07-01 22:48:16.946 21383 21383 W ActivityThread: handleWindowVisibility: no activity for token android.os.BinderProxy@2d4fc3e
07-01 22:48:17.324   614  4619 E WindowManager: App trying to use insecure INPUT_FEATURE_NO_INPUT_CHANNEL flag. Ignoring
07-01 22:48:17.367   614   639 I ActivityManager: Displayed com.android.packageinstaller/.InstallInstalling: +428ms
07-01 22:48:17.368   614   804 I LaunchTimeProcessor: warm_app_cool_transition_launch_time of com.android.packageinstaller is 429ms with activity = com.android.packageinstaller/.InstallInstalling, app_version = 28, prev_activity = com.android.packageinstaller/.PackageInstallerActivity, isChild = false, context = S1T0A1D0I0L1E0M9999R0
07-01 22:48:17.371   614   804 I LaunchTimeProcessor: cool_activity_launch_time of com.android.packageinstaller is 429ms with activity = com.android.packageinstaller/.InstallInstalling, app_version = 28, prev_activity = com.android.packageinstaller/.PackageInstallerActivity, isChild = false, context = S1T0A1D0I0L1E0M9999R0
07-01 22:48:17.406   382   421 I vendor.mediatek.hardware.power@2.0-impl: powerHintAsync hint:8, data:0
07-01 22:48:17.408   382   420 I libPowerHal: 8: legacy set freq: -1 -1 -1 -1
07-01 22:48:17.737   458   458 I thermal_src: recvmsg_expect 4, but get 5 
07-01 22:48:17.738   458   458 E thermal_src: set_ttj_to_kernel 1:error -1
07-01 22:48:17.738   458   458 I thermal_src: recvmsg_expect 2, but get 4 
07-01 22:48:18.453   614   722 E WifiVendorHal: getWifiLinkLayerStats(l.937) failed {.code = ERROR_NOT_SUPPORTED, .description = }
07-01 22:48:18.604   614   648 W Process : Unable to open /proc/0/status
07-01 22:48:18.658   614   633 I ActivityManager: Start proc 21428:com.android.defcontainer/u0a17 for service com.android.defcontainer/.DefaultContainerService
07-01 22:48:18.679 21428 21428 E id.defcontaine: Not starting debugger since process cannot load the jdwp agent.
07-01 22:48:18.762 21428 21428 W Thread-2: type=1400 audit(0.0:414): avc: denied { read } for name="u:object_r:devicetype_prop:s0" dev="tmpfs" ino=2251 scontext=u:r:platform_app:s0:c512,c768 tcontext=u:object_r:devicetype_prop:s0 tclass=file permissive=0
07-01 22:48:18.765 21428 21443 E libc    : Access denied finding property "ro.product.config.type"
07-01 22:48:18.865   614   648 W PackageParser: Unknown element under <manifest>: queries at /data/app/vmdl1408341512.tmp/base.apk Binary XML file line #19
07-01 22:48:18.958   614   648 E SELinux : avc:  denied  { grant_amazon_permissions } for  scontext=u:r:untrusted_app_25:s0:c512,c768 tcontext=u:r:system_server:s0 tclass=amazon_policies permissive=0
07-01 22:48:18.958   614   648 E SELinux : avc:  denied  { grant_amazon_permissions } for  scontext=u:r:platform_app:s0:c512,c768 tcontext=u:r:system_server:s0 tclass=amazon_policies permissive=0
07-01 22:48:18.958   614   648 W AmazonProtectionLevel: Using stock call, please migrate to new permissions amazon.aosp.permission.INTERACT_ACROSS_USERS_FULL or com.amazon.permission.INTERACT_ACROSS_USERS_FULL for package com.amazon.photos
07-01 22:48:18.967   614   648 I chatty  : uid=1000(system) PackageManager identical 2 lines
07-01 22:48:18.967   614   648 E SELinux : avc:  denied  { grant_amazon_permissions } for  scontext=u:r:platform_app:s0:c512,c768 tcontext=u:r:system_server:s0 tclass=amazon_policies permissive=0
07-01 22:48:18.969   614   648 E SELinux : avc:  denied  { grant_amazon_permissions } for  scontext=u:r:untrusted_app_25:s0:c512,c768 tcontext=u:r:system_server:s0 tclass=amazon_policies permissive=0
07-01 22:48:18.970   614   648 W AmazonProtectionLevel: Using stock call, please migrate to new permissions amazon.aosp.permission.INTERACT_ACROSS_USERS_FULL or com.amazon.permission.INTERACT_ACROSS_USERS_FULL for package com.amazon.venezia
07-01 22:48:18.980   614   648 E SELinux : avc:  denied  { grant_amazon_permissions } for  scontext=u:r:platform_app:s0:c512,c768 tcontext=u:r:system_server:s0 tclass=amazon_policies permissive=0
07-01 22:48:18.980   614   648 E SELinux : avc:  denied  { grant_amazon_permissions } for  scontext=u:r:platform_app:s0:c512,c768 tcontext=u:r:system_server:s0 tclass=amazon_policies permissive=0
07-01 22:48:18.980   614   648 E SELinux : avc:  denied  { grant_amazon_permissions } for  scontext=u:r:untrusted_app_25:s0:c512,c768 tcontext=u:r:system_server:s0 tclass=amazon_policies permissive=0
07-01 22:48:18.980   614   648 E SELinux : avc:  denied  { grant_amazon_permissions } for  scontext=u:r:platform_app:s0:c512,c768 tcontext=u:r:system_server:s0 tclass=amazon_policies permissive=0
07-01 22:48:18.984   614   648 W AmazonProtectionLevel: Using stock call, please migrate to new permissions amazon.aosp.permission.INTERACT_ACROSS_USERS_FULL or com.amazon.permission.INTERACT_ACROSS_USERS_FULL for package com.amazon.dpcclient
07-01 22:48:18.982   614   648 I chatty  : uid=1000(system) PackageManager identical 3 lines
07-01 22:48:18.983   614   648 E SELinux : avc:  denied  { grant_amazon_permissions } for  scontext=u:r:platform_app:s0:c512,c768 tcontext=u:r:system_server:s0 tclass=amazon_policies permissive=0
07-01 22:48:18.990   614   648 E SELinux : avc:  denied  { grant_amazon_permissions } for  scontext=u:r:untrusted_app_25:s0:c512,c768 tcontext=u:r:system_server:s0 tclass=amazon_policies permissive=0
07-01 22:48:18.991   614   648 W AmazonProtectionLevel: Using stock call, please migrate to new permissions amazon.aosp.permission.INTERACT_ACROSS_USERS_FULL or com.amazon.permission.INTERACT_ACROSS_USERS_FULL for package com.amazon.firelauncher
07-01 22:48:18.991   614   648 I chatty  : uid=1000(system) PackageManager identical 3 lines
07-01 22:48:18.991   614   648 E SELinux : avc:  denied  { grant_amazon_permissions } for  scontext=u:r:untrusted_app_25:s0:c512,c768 tcontext=u:r:system_server:s0 tclass=amazon_policies permissive=0
07-01 22:48:19.002   614   648 E SELinux : avc:  denied  { grant_amazon_permissions } for  scontext=u:r:platform_app:s0:c512,c768 tcontext=u:r:system_server:s0 tclass=amazon_policies permissive=0
07-01 22:48:19.002   614   648 W AmazonProtectionLevel: Using stock call, please migrate to new permissions amazon.aosp.permission.INTERACT_ACROSS_USERS_FULL or com.amazon.permission.INTERACT_ACROSS_USERS_FULL for package com.amazon.alta.h2clientservice
07-01 22:48:19.009   614   648 W AmazonProtectionLevel: Using stock call, please migrate to new permissions amazon.aosp.permission.INTERACT_ACROSS_USERS_FULL or com.amazon.permission.INTERACT_ACROSS_USERS_FULL for package com.amazon.h2settingsfortablet
07-01 22:48:19.015   614   648 W AmazonProtectionLevel: Using stock call, please migrate to new permissions amazon.aosp.permission.INTERACT_ACROSS_USERS_FULL or com.amazon.permission.INTERACT_ACROSS_USERS_FULL for package com.amazon.ods.kindleconnect
07-01 22:48:19.021   614   648 W AmazonProtectionLevel: Using stock call, please migrate to new permissions amazon.aosp.permission.INTERACT_ACROSS_USERS_FULL or com.amazon.permission.INTERACT_ACROSS_USERS_FULL for package com.amazon.cloud9.contentservice
07-01 22:48:19.027   614   648 W AmazonProtectionLevel: Using stock call, please migrate to new permissions amazon.aosp.permission.INTERACT_ACROSS_USERS_FULL or com.amazon.permission.INTERACT_ACROSS_USERS_FULL for package com.amazon.sharingservice.android.client.proxy
07-01 22:48:19.032   614   648 W AmazonProtectionLevel: Using stock call, please migrate to new permissions amazon.aosp.permission.INTERACT_ACROSS_USERS_FULL or com.amazon.permission.INTERACT_ACROSS_USERS_FULL for package com.amazon.weather
07-01 22:48:19.037   614   648 I chatty  : uid=1000(system) PackageManager identical 13 lines
07-01 22:48:19.038   614   648 E SELinux : avc:  denied  { grant_amazon_permissions } for  scontext=u:r:platform_app:s0:c512,c768 tcontext=u:r:system_server:s0 tclass=amazon_policies permissive=0
07-01 22:48:19.038   614   648 E SELinux : avc:  denied  { grant_amazon_permissions } for  scontext=u:r:untrusted_app_25:s0:c512,c768 tcontext=u:r:system_server:s0 tclass=amazon_policies permissive=0
07-01 22:48:19.039   614   648 I chatty  : uid=1000(system) PackageManager identical 7 lines
07-01 22:48:19.039   614   648 E SELinux : avc:  denied  { grant_amazon_permissions } for  scontext=u:r:untrusted_app_25:s0:c512,c768 tcontext=u:r:system_server:s0 tclass=amazon_policies permissive=0
07-01 22:48:19.039   614   648 E SELinux : avc:  denied  { grant_amazon_permissions } for  scontext=u:r:platform_app:s0:c512,c768 tcontext=u:r:system_server:s0 tclass=amazon_policies permissive=0
07-01 22:48:19.039   614   648 W AmazonProtectionLevel: Using stock call, please migrate to new permissions amazon.aosp.permission.INTERACT_ACROSS_USERS_FULL or com.amazon.permission.INTERACT_ACROSS_USERS_FULL for package com.amazon.client.metrics.api
07-01 22:48:19.044   614   648 W AmazonProtectionLevel: Using stock call, please migrate to new permissions amazon.aosp.permission.INTERACT_ACROSS_USERS_FULL or com.amazon.permission.INTERACT_ACROSS_USERS_FULL for package com.amazon.dcp
07-01 22:48:19.048   614   648 W AmazonProtectionLevel: Using stock call, please migrate to new permissions amazon.aosp.permission.INTERACT_ACROSS_USERS_FULL or com.amazon.permission.INTERACT_ACROSS_USERS_FULL for package com.amazon.imp
07-01 22:48:19.056   614   648 W AmazonProtectionLevel: Using stock call, please migrate to new permissions amazon.aosp.permission.INTERACT_ACROSS_USERS_FULL or com.amazon.permission.INTERACT_ACROSS_USERS_FULL for package com.amazon.frameworksettings
07-01 22:48:19.060   614   648 E SELinux : avc:  denied  { grant_amazon_permissions } for  scontext=u:r:untrusted_app_25:s0:c512,c768 tcontext=u:r:system_server:s0 tclass=amazon_policies permissive=0
07-01 22:48:19.061   614   648 E SELinux : avc:  denied  { grant_amazon_permissions } for  scontext=u:r:platform_app:s0:c512,c768 tcontext=u:r:system_server:s0 tclass=amazon_policies permissive=0
07-01 22:48:19.061   614   648 W AmazonProtectionLevel: Using stock call, please migrate to new permissions amazon.aosp.permission.INTERACT_ACROSS_USERS_FULL or com.amazon.permission.INTERACT_ACROSS_USERS_FULL for package com.amazon.dee.app
07-01 22:48:19.063   614   648 E SELinux : avc:  denied  { grant } for  scontext=u:r:amazon_app:s0 tcontext=u:r:system_server:s0 tclass=serendipity_perms permissive=0
07-01 22:48:19.065   614   648 W AmazonProtectionLevel: Using stock call, please migrate to new permissions amazon.aosp.permission.INTERACT_ACROSS_USERS_FULL or com.amazon.permission.INTERACT_ACROSS_USERS_FULL for package com.amazon.csapp
07-01 22:48:19.069   614   648 W AmazonProtectionLevel: Using stock call, please migrate to new permissions amazon.aosp.permission.INTERACT_ACROSS_USERS_FULL or com.amazon.permission.INTERACT_ACROSS_USERS_FULL for package com.amazon.diode
07-01 22:48:19.073   614   648 W AmazonProtectionLevel: Using stock call, please migrate to new permissions amazon.aosp.permission.INTERACT_ACROSS_USERS_FULL or com.amazon.permission.INTERACT_ACROSS_USERS_FULL for package com.amazon.logan
07-01 22:48:19.077   614   648 W AmazonProtectionLevel: Using stock call, please migrate to new permissions amazon.aosp.permission.INTERACT_ACROSS_USERS_FULL or com.amazon.permission.INTERACT_ACROSS_USERS_FULL for package com.amazon.tahoe
07-01 22:48:19.082   614   648 W AmazonProtectionLevel: Using stock call, please migrate to new permissions amazon.aosp.permission.INTERACT_ACROSS_USERS_FULL or com.amazon.permission.INTERACT_ACROSS_USERS_FULL for package com.amazon.tcomm
07-01 22:48:19.086   614   648 E SELinux : avc:  denied  { grant_amazon_permissions } for  scontext=u:r:untrusted_app_25:s0:c512,c768 tcontext=u:r:system_server:s0 tclass=amazon_policies permissive=0
07-01 22:48:19.086   614   648 W AmazonProtectionLevel: Using stock call, please migrate to new permissions amazon.aosp.permission.INTERACT_ACROSS_USERS_FULL or com.amazon.permission.INTERACT_ACROSS_USERS_FULL for package com.amazon.redstone
07-01 22:48:19.089   614   648 E SELinux : avc:  denied  { grant_amazon_permissions } for  scontext=u:r:platform_app:s0:c512,c768 tcontext=u:r:system_server:s0 tclass=amazon_policies permissive=0
07-01 22:48:19.089   614   648 W AmazonProtectionLevel: Using stock call, please migrate to new permissions amazon.aosp.permission.INTERACT_ACROSS_USERS_FULL or com.amazon.permission.INTERACT_ACROSS_USERS_FULL for package com.android.calendar
07-01 22:48:19.093   614   648 W AmazonProtectionLevel: Using stock call, please migrate to new permissions amazon.aosp.permission.INTERACT_ACROSS_USERS_FULL or com.amazon.permission.INTERACT_ACROSS_USERS_FULL for package com.amazon.alexa.multimodal.gemini
07-01 22:48:19.101   614   648 W AmazonProtectionLevel: Using stock call, please migrate to new permissions amazon.aosp.permission.INTERACT_ACROSS_USERS_FULL or com.amazon.permission.INTERACT_ACROSS_USERS_FULL for package com.amazon.kindle.kso
07-01 22:48:19.105   614   648 I chatty  : uid=1000(system) PackageManager identical 5 lines
07-01 22:48:19.105   614   648 E SELinux : avc:  denied  { grant_amazon_permissions } for  scontext=u:r:platform_app:s0:c512,c768 tcontext=u:r:system_server:s0 tclass=amazon_policies permissive=0
07-01 22:48:19.106   614   648 E SELinux : avc:  denied  { grant_amazon_permissions } for  scontext=u:r:untrusted_app_25:s0:c512,c768 tcontext=u:r:system_server:s0 tclass=amazon_policies permissive=0
07-01 22:48:19.106   614   648 E SELinux : avc:  denied  { grant_amazon_permissions } for  scontext=u:r:platform_app:s0:c512,c768 tcontext=u:r:system_server:s0 tclass=amazon_policies permissive=0
07-01 22:48:19.106   614   648 W AmazonProtectionLevel: Using stock call, please migrate to new permissions amazon.aosp.permission.INTERACT_ACROSS_USERS_FULL or com.amazon.permission.INTERACT_ACROSS_USERS_FULL for package com.amazon.device.backup
07-01 22:48:19.107   614   648 E SELinux : avc:  denied  { grant } for  scontext=u:r:amazon_app:s0 tcontext=u:r:system_server:s0 tclass=serendipity_perms permissive=0
07-01 22:48:19.111   614   648 E SELinux : avc:  denied  { grant_amazon_permissions } for  scontext=u:r:platform_app:s0:c512,c768 tcontext=u:r:system_server:s0 tclass=amazon_policies permissive=0
07-01 22:48:19.111   614   648 E SELinux : avc:  denied  { grant_amazon_permissions } for  scontext=u:r:untrusted_app_25:s0:c512,c768 tcontext=u:r:system_server:s0 tclass=amazon_policies permissive=0
07-01 22:48:19.111   614   648 W AmazonProtectionLevel: Using stock call, please migrate to new permissions amazon.aosp.permission.INTERACT_ACROSS_USERS_FULL or com.amazon.permission.INTERACT_ACROSS_USERS_FULL for package com.amazon.whisperlink.activityview.android
07-01 22:48:19.114   614   648 W AmazonProtectionLevel: Using stock call, please migrate to new permissions amazon.aosp.permission.INTERACT_ACROSS_USERS_FULL or com.amazon.permission.INTERACT_ACROSS_USERS_FULL for package com.amazon.device.messaging
07-01 22:48:19.119   614   648 E SELinux : avc:  denied  { grant_amazon_permissions } for  scontext=u:r:platform_app:s0:c512,c768 tcontext=u:r:system_server:s0 tclass=amazon_policies permissive=0
07-01 22:48:19.119   614   648 W AmazonProtectionLevel: Using stock call, please migrate to new permissions amazon.aosp.permission.INTERACT_ACROSS_USERS_FULL or com.amazon.permission.INTERACT_ACROSS_USERS_FULL for package com.amazon.kindle.otter.oobe
07-01 22:48:19.124   614   648 E SELinux : avc:  denied  { grant_amazon_permissions } for  scontext=u:r:untrusted_app_25:s0:c512,c768 tcontext=u:r:system_server:s0 tclass=amazon_policies permissive=0
07-01 22:48:19.124   614   648 W AmazonProtectionLevel: Using stock call, please migrate to new permissions amazon.aosp.permission.INTERACT_ACROSS_USERS_FULL or com.amazon.permission.INTERACT_ACROSS_USERS_FULL for package com.amazon.tv.ottssocompanionapp
07-01 22:48:19.127   614   648 W AmazonProtectionLevel: Using stock call, please migrate to new permissions amazon.aosp.permission.INTERACT_ACROSS_USERS_FULL or com.amazon.permission.INTERACT_ACROSS_USERS_FULL for package com.amazon.settings.systemupdates
07-01 22:48:19.130   614   648 E SELinux : avc:  denied  { grant_amazon_permissions } for  scontext=u:r:platform_app:s0:c512,c768 tcontext=u:r:system_server:s0 tclass=amazon_policies permissive=0
07-01 22:48:19.130   614   648 E SELinux : avc:  denied  { grant_amazon_permissions } for  scontext=u:r:untrusted_app_25:s0:c512,c768 tcontext=u:r:system_server:s0 tclass=amazon_policies permissive=0
07-01 22:48:19.130   614   648 E SELinux : avc:  denied  { grant_amazon_permissions } for  scontext=u:r:platform_app:s0:c512,c768 tcontext=u:r:system_server:s0 tclass=amazon_policies permissive=0
07-01 22:48:19.130   614   648 E SELinux : avc:  denied  { grant_amazon_permissions } for  scontext=u:r:platform_app:s0:c512,c768 tcontext=u:r:system_server:s0 tclass=amazon_policies permissive=0
07-01 22:48:19.130   614   648 E SELinux : avc:  denied  { grant_amazon_permissions } for  scontext=u:r:untrusted_app_25:s0:c512,c768 tcontext=u:r:system_server:s0 tclass=amazon_policies permissive=0
07-01 22:48:19.132   614   648 E SELinux : avc:  denied  { grant_amazon_permissions } for  scontext=u:r:platform_app:s0:c512,c768 tcontext=u:r:system_server:s0 tclass=amazon_policies permissive=0
07-01 22:48:19.132   614   648 W AmazonProtectionLevel: Using stock call, please migrate to new permissions amazon.aosp.permission.INTERACT_ACROSS_USERS_FULL or com.amazon.permission.INTERACT_ACROSS_USERS_FULL for package com.android.gallery3d
07-01 22:48:19.135   614   648 E SELinux : avc:  denied  { grant_amazon_permissions } for  scontext=u:r:platform_app:s0:c512,c768 tcontext=u:r:system_server:s0 tclass=amazon_policies permissive=0
07-01 22:48:19.135   614   648 E SELinux : avc:  denied  { grant_amazon_permissions } for  scontext=u:r:untrusted_app_25:s0:c512,c768 tcontext=u:r:system_server:s0 tclass=amazon_policies permissive=0
07-01 22:48:19.136   614   648 E SELinux : avc:  denied  { grant_amazon_permissions } for  scontext=u:r:platform_app:s0:c512,c768 tcontext=u:r:system_server:s0 tclass=amazon_policies permissive=0
07-01 22:48:19.136   614   648 E SELinux : avc:  denied  { grant_amazon_permissions } for  scontext=u:r:untrusted_app_25:s0:c512,c768 tcontext=u:r:system_server:s0 tclass=amazon_policies permissive=0
07-01 22:48:19.136   614   648 E SELinux : avc:  denied  { grant } for  scontext=u:r:untrusted_app_25:s0:c512,c768 tcontext=u:r:system_server:s0 tclass=serendipity_perms permissive=0
07-01 22:48:19.136   614   648 E SELinux : avc:  denied  { grant_amazon_permissions } for  scontext=u:r:untrusted_app_25:s0:c512,c768 tcontext=u:r:system_server:s0 tclass=amazon_policies permissive=0
07-01 22:48:19.137   614   648 W AmazonProtectionLevel: Using stock call, please migrate to new permissions amazon.aosp.permission.INTERACT_ACROSS_USERS_FULL or com.amazon.permission.INTERACT_ACROSS_USERS_FULL for package com.amazon.switchaccess.root
07-01 22:48:19.139   614   648 W AmazonProtectionLevel: Using stock call, please migrate to new permissions amazon.aosp.permission.INTERACT_ACROSS_USERS_FULL or com.amazon.permission.INTERACT_ACROSS_USERS_FULL for package com.amazon.client.metrics
07-01 22:48:19.143   614   648 E SELinux : avc:  denied  { grant_amazon_permissions } for  scontext=u:r:platform_app:s0:c512,c768 tcontext=u:r:system_server:s0 tclass=amazon_policies permissive=0
07-01 22:48:19.144   614   648 E SELinux : avc:  denied  { grant_amazon_permissions } for  scontext=u:r:platform_app:s0:c512,c768 tcontext=u:r:system_server:s0 tclass=amazon_policies permissive=0
07-01 22:48:19.144   614   648 E SELinux : avc:  denied  { grant_amazon_permissions } for  scontext=u:r:untrusted_app_25:s0:c512,c768 tcontext=u:r:system_server:s0 tclass=amazon_policies permissive=0
07-01 22:48:19.144   614   648 W AmazonProtectionLevel: Using stock call, please migrate to new permissions amazon.aosp.permission.INTERACT_ACROSS_USERS_FULL or com.amazon.permission.INTERACT_ACROSS_USERS_FULL for package com.amazon.device.software.ota
07-01 22:48:19.145   614   648 E SELinux : avc:  denied  { grant } for  scontext=u:r:amazon_app:s0 tcontext=u:r:system_server:s0 tclass=serendipity_perms permissive=0
07-01 22:48:19.149   614   648 W AmazonProtectionLevel: Using stock call, please migrate to new permissions amazon.aosp.permission.INTERACT_ACROSS_USERS_FULL or com.amazon.permission.INTERACT_ACROSS_USERS_FULL for package com.amazon.wifilocker
07-01 22:48:19.153   614   648 E SELinux : avc:  denied  { grant_amazon_permissions } for  scontext=u:r:untrusted_app_25:s0:c512,c768 tcontext=u:r:system_server:s0 tclass=amazon_policies permissive=0
07-01 22:48:19.153   614   648 W AmazonProtectionLevel: Using stock call, please migrate to new permissions amazon.aosp.permission.INTERACT_ACROSS_USERS_FULL or com.amazon.permission.INTERACT_ACROSS_USERS_FULL for package com.amazon.whisperlink.core.android
07-01 22:48:19.157   614   648 W AmazonProtectionLevel: Using stock call, please migrate to new permissions amazon.aosp.permission.INTERACT_ACROSS_USERS_FULL or com.amazon.permission.INTERACT_ACROSS_USERS_FULL for package com.amazon.kor.demo
07-01 22:48:19.161   614   648 E SELinux : avc:  denied  { grant_amazon_permissions } for  scontext=u:r:platform_app:s0:c512,c768 tcontext=u:r:system_server:s0 tclass=amazon_policies permissive=0
07-01 22:48:19.161   614   648 W AmazonProtectionLevel: Using stock call, please migrate to new permissions amazon.aosp.permission.INTERACT_ACROSS_USERS_FULL or com.amazon.permission.INTERACT_ACROSS_USERS_FULL for package amazon.speech.davs.davcservice
07-01 22:48:19.161   614   648 E SELinux : avc:  denied  { grant_amazon_permissions } for  scontext=u:r:platform_app:s0:c512,c768 tcontext=u:r:system_server:s0 tclass=amazon_policies permissive=0
07-01 22:48:19.168   614   648 E SELinux : avc:  denied  { grant_amazon_permissions } for  scontext=u:r:untrusted_app_25:s0:c512,c768 tcontext=u:r:system_server:s0 tclass=amazon_policies permissive=0
07-01 22:48:19.168   614   648 E SELinux : avc:  denied  { grant_amazon_permissions } for  scontext=u:r:untrusted_app_25:s0:c512,c768 tcontext=u:r:system_server:s0 tclass=amazon_policies permissive=0
07-01 22:48:19.168   614   648 E SELinux : avc:  denied  { grant_amazon_permissions } for  scontext=u:r:platform_app:s0:c512,c768 tcontext=u:r:system_server:s0 tclass=amazon_policies permissive=0
07-01 22:48:19.169   614   648 E SELinux : avc:  denied  { grant_amazon_permissions } for  scontext=u:r:untrusted_app_25:s0:c512,c768 tcontext=u:r:system_server:s0 tclass=amazon_policies permissive=0
07-01 22:48:19.170   614   648 E SELinux : avc:  denied  { grant_amazon_permissions } for  scontext=u:r:platform_app:s0:c512,c768 tcontext=u:r:system_server:s0 tclass=amazon_policies permissive=0
07-01 22:48:19.170   614   648 E SELinux : avc:  denied  { grant_amazon_permissions } for  scontext=u:r:untrusted_app_25:s0:c512,c768 tcontext=u:r:system_server:s0 tclass=amazon_policies permissive=0
07-01 22:48:19.170   614   648 W AmazonProtectionLevel: Using stock call, please migrate to new permissions amazon.aosp.permission.INTERACT_ACROSS_USERS_FULL or com.amazon.permission.INTERACT_ACROSS_USERS_FULL for package com.amazon.providers.contentsupport
07-01 22:48:19.170   614   648 E SELinux : avc:  denied  { grant } for  scontext=u:r:amazon_app:s0 tcontext=u:r:system_server:s0 tclass=serendipity_perms permissive=0
07-01 22:48:19.173   614   648 E SELinux : avc:  denied  { grant_amazon_permissions } for  scontext=u:r:platform_app:s0:c512,c768 tcontext=u:r:system_server:s0 tclass=amazon_policies permissive=0
07-01 22:48:19.173   614   648 E SELinux : avc:  denied  { grant_amazon_permissions } for  scontext=u:r:platform_app:s0:c512,c768 tcontext=u:r:system_server:s0 tclass=amazon_policies permissive=0
07-01 22:48:19.174   614   648 E SELinux : avc:  denied  { grant_amazon_permissions } for  scontext=u:r:untrusted_app_25:s0:c512,c768 tcontext=u:r:system_server:s0 tclass=amazon_policies permissive=0
07-01 22:48:19.174   614   648 W AmazonProtectionLevel: Using stock call, please migrate to new permissions amazon.aosp.permission.INTERACT_ACROSS_USERS_FULL or com.amazon.permission.INTERACT_ACROSS_USERS_FULL for package com.amazon.device.crashmanager
07-01 22:48:19.178   614   648 W AmazonProtectionLevel: Using stock call, please migrate to new permissions amazon.aosp.permission.INTERACT_ACROSS_USERS_FULL or com.amazon.permission.INTERACT_ACROSS_USERS_FULL for package com.android.email
07-01 22:48:19.182   614   648 E SELinux : avc:  denied  { grant_amazon_permissions } for  scontext=u:r:untrusted_app_25:s0:c512,c768 tcontext=u:r:system_server:s0 tclass=amazon_policies permissive=0
07-01 22:48:19.182   614   648 E SELinux : avc:  denied  { grant_amazon_permissions } for  scontext=u:r:platform_app:s0:c512,c768 tcontext=u:r:system_server:s0 tclass=amazon_policies permissive=0
07-01 22:48:19.183   614   648 E SELinux : avc:  denied  { grant_amazon_permissions } for  scontext=u:r:platform_app:s0:c512,c768 tcontext=u:r:system_server:s0 tclass=amazon_policies permissive=0
07-01 22:48:19.184   614   648 E SELinux : avc:  denied  { grant_amazon_permissions } for  scontext=u:r:untrusted_app_25:s0:c512,c768 tcontext=u:r:system_server:s0 tclass=amazon_policies permissive=0
07-01 22:48:19.184   614   648 W AmazonProtectionLevel: Using stock call, please migrate to new permissions amazon.aosp.permission.INTERACT_ACROSS_USERS_FULL or com.amazon.permission.INTERACT_ACROSS_USERS_FULL for package com.amazon.kindle.rdmdeviceadmin
07-01 22:48:19.187   614   648 W AmazonProtectionLevel: Using stock call, please migrate to new permissions amazon.aosp.permission.INTERACT_ACROSS_USERS_FULL or com.amazon.permission.INTERACT_ACROSS_USERS_FULL for package com.amazon.parentalcontrols
07-01 22:48:19.192   614   648 W AmazonProtectionLevel: Using stock call, please migrate to new permissions amazon.aosp.permission.INTERACT_ACROSS_USERS_FULL or com.amazon.permission.INTERACT_ACROSS_USERS_FULL for package com.amazon.device.software.ota.override
07-01 22:48:19.194   614   648 E SELinux : avc:  denied  { grant_amazon_permissions } for  scontext=u:r:platform_app:s0:c512,c768 tcontext=u:r:system_server:s0 tclass=amazon_policies permissive=0
07-01 22:48:19.199   614   648 W AmazonProtectionLevel: Using stock call, please migrate to new permissions amazon.aosp.permission.INTERACT_ACROSS_USERS_FULL or com.amazon.permission.INTERACT_ACROSS_USERS_FULL for package com.amazon.communication.discovery
07-01 22:48:19.202   614   648 W AmazonProtectionLevel: Using stock call, please migrate to new permissions amazon.aosp.permission.INTERACT_ACROSS_USERS_FULL or com.amazon.permission.INTERACT_ACROSS_USERS_FULL for package com.amazon.dcpms.fos.service
07-01 22:48:19.207   614   648 W AmazonProtectionLevel: Using stock call, please migrate to new permissions amazon.aosp.permission.INTERACT_ACROSS_USERS_FULL or com.amazon.permission.INTERACT_ACROSS_USERS_FULL for package com.amazon.cloud9.kids
07-01 22:48:19.211   614   648 I chatty  : uid=1000(system) PackageManager identical 7 lines
07-01 22:48:19.211   614   648 E SELinux : avc:  denied  { grant_amazon_permissions } for  scontext=u:r:platform_app:s0:c512,c768 tcontext=u:r:system_server:s0 tclass=amazon_policies permissive=0
07-01 22:48:19.211   614   648 E SELinux : avc:  denied  { grant_amazon_permissions } for  scontext=u:r:untrusted_app_25:s0:c512,c768 tcontext=u:r:system_server:s0 tclass=amazon_policies permissive=0
07-01 22:48:19.211   614   648 E SELinux : avc:  denied  { grant_amazon_permissions } for  scontext=u:r:untrusted_app_25:s0:c512,c768 tcontext=u:r:system_server:s0 tclass=amazon_policies permissive=0
07-01 22:48:19.211   614   648 E SELinux : avc:  denied  { grant_amazon_permissions } for  scontext=u:r:platform_app:s0:c512,c768 tcontext=u:r:system_server:s0 tclass=amazon_policies permissive=0
07-01 22:48:19.212   614   648 W AmazonProtectionLevel: Using stock call, please migrate to new permissions amazon.aosp.permission.INTERACT_ACROSS_USERS_FULL or com.amazon.permission.INTERACT_ACROSS_USERS_FULL for package com.amazon.kindle
07-01 22:48:19.211   614   648 I chatty  : uid=1000(system) PackageManager identical 1 line
07-01 22:48:19.212   614   648 E SELinux : avc:  denied  { grant_amazon_permissions } for  scontext=u:r:platform_app:s0:c512,c768 tcontext=u:r:system_server:s0 tclass=amazon_policies permissive=0
07-01 22:48:19.214   614   648 E SELinux : avc:  denied  { grant } for  scontext=u:r:amazon_app:s0 tcontext=u:r:system_server:s0 tclass=serendipity_perms permissive=0
07-01 22:48:19.217   614   648 E SELinux : avc:  denied  { grant_amazon_permissions } for  scontext=u:r:untrusted_app_25:s0:c512,c768 tcontext=u:r:system_server:s0 tclass=amazon_policies permissive=0
07-01 22:48:19.217   614   648 E SELinux : avc:  denied  { grant_amazon_permissions } for  scontext=u:r:untrusted_app_25:s0:c512,c768 tcontext=u:r:system_server:s0 tclass=amazon_policies permissive=0
07-01 22:48:19.337   614   648 I PackageManager.DexOptimizer: Running dexopt (dexoptNeeded=1) on: /data/app/com.lonetechwiz.hearthshelf-Y_tEwBQEKV4j3Uvg0GLsuA==/base.apk pkg=XXX isa=arm dexoptFlags=boot_complete,profile_guided,public,enable_hidden_api_checks targetFilter=speed-profile oatDir=/data/app/com.lonetechwiz.hearthshelf-Y_tEwBQEKV4j3Uvg0GLsuA==/oat classLoaderContext=PCL[]
07-01 22:48:19.438 21445 21445 I dex2oat : /system/bin/dex2oat --input-vdex-fd=-1 --output-vdex-fd=21 --compiler-filter=speed-profile --classpath-dir=/data/app/com.lonetechwiz.hearthshelf-Y_tEwBQEKV4j3Uvg0GLsuA== --class-loader-context=PCL[] --generate-mini-debug-info --compact-dex-level=none --compilation-reason=install
07-01 22:48:19.850   456   456 I thermal_repeater: socket -1
07-01 22:48:20.664   458   458 I thermal_src: recvmsg_expect 4, but get 5 
07-01 22:48:20.664   458   458 E thermal_src: set_ttj_to_kernel 1:error -1
07-01 22:48:20.664   458   458 I thermal_src: recvmsg_expect 2, but get 4 
07-01 22:48:21.076   614   626 I PackageRecency: Intent triggered to package: ComponentInfo{com.amazon.firelauncher/com.amazon.fireappscardproducer.service.SystemNotificationProducerService$PackageRecencyReceiver} for Intent { act=android.intent.action.MAIN cat=[android.intent.category.LAUNCHER] flg=0x10200000 pkg=com.android.documentsui cmp=com.android.documentsui/.LauncherActivity (has extras) }
07-01 22:48:21.116  2035  2035 I F_C.ImageMemoryManager: onTrimMemory: Level: 20, activeSources: ArraySet[ ImageSourceState(CachedImageSourceWrapper (com.amazon.firelauncher.images.imagesource.AppsGridBtfImageSource@5ea522)) ], token=137
07-01 22:48:21.122  2035  2035 I F_C.Launcher: onTrimMemory(level=20)
07-01 22:48:21.193  2035 21368 I F_C.BaseCardProducerSer: Handling work for com.amazon.action.PACKAGE_RECENCY_NOTIFICATION
07-01 22:48:21.195  2035 21368 I F_C.BaseCardProducerSer: No increment in producer version.
07-01 22:48:21.196  2035 21368 I F_C.BootstrappingProduc: All bootstrapping complete, handling work
07-01 22:48:21.201  2035 21368 I F_C.RebuildingDatabaseO: Setting WAL enabled: true, wantsWal is true
07-01 22:48:21.220  2035 21368 I F_C.SystemNotificationP: Handling work for com.amazon.action.PACKAGE_RECENCY_NOTIFICATION
07-01 22:48:21.222  2035 21368 I F_C.SystemNotificationP: Marking app com.android.documentsui#-834474819 as accessed
07-01 22:48:21.223  2035 21368 I F_C.DefaultAppRecency: Accessed content 949956126
07-01 22:48:21.227  2035 21368 I F_C.DefaultAppRecencyDa: Recording app 949956126 as accessed
07-01 22:48:21.231  2035 21368 I F_C.GamesAppsLibraryDec: Drawing games and apps library cards.
07-01 22:48:21.262  2035 21368 I F_C.GamesAppsLibraryDec: Number of Library items : 2
07-01 22:48:21.262  2035 21368 I F_C.LibrarySectionDeck: Drawing cards for section apps
07-01 22:48:21.265  2035 21368 I F_C.LibrarySectionDeck: Pushing cards with 1 apps for section apps
07-01 22:48:21.267  2035 21368 I F_C.LibrarySectionDeck: Drawing cards for section games
07-01 22:48:21.269  2035 21368 I F_C.LibrarySectionDeck: No items returned for app types [GAME], deleting card
07-01 22:48:21.269  2035 21368 I F_C.AppsRecencyDeck: Drawing Recent apps cards.
07-01 22:48:21.270  2035 21368 I F_C.AppsRecencyDeck: Unable to find supported app: com.usatoday.android.gna2#-1801869279
07-01 22:48:21.270  2035 21368 I F_C.AppsRecencyDeck: Unable to find supported app: tunein.player#-254669949
07-01 22:48:21.270  2035 21368 I F_C.AppsRecencyDeck: Unable to find supported app: com.bbc.sounds#1498845791
07-01 22:48:21.271  2035 21368 I F_C.AppsRecencyDeck: Unable to find supported app: com.overdrive.mobile.android.libby#1451503684
07-01 22:48:21.271  2035 21368 I F_C.AppsRecencyDeck: Unable to find supported app: com.clearchannel.iheartradio.controller#-1695395802
07-01 22:48:21.271  2035 21368 I F_C.AppsRecencyDeck: Unable to find supported app: com.bambuna.podcastaddict#-2083885878
07-01 22:48:21.272  2035 21368 I F_C.AppsRecencyDeck: Unable to find supported app: com.goodreads.kindle#1392697409
07-01 22:48:21.272  2035 21368 I F_C.AppsRecencyDeck: Unable to find supported app: com.pandora.android#1414696786
07-01 22:48:21.273  2035 21368 I F_C.AppsRecencyDeck: Unable to find supported app: com.hoopladigital.android#1523948038
07-01 22:48:21.273  2035 21368 I F_C.AppsRecencyDeck: Unable to find supported app: org.npr.one#2059190206
07-01 22:48:21.273  2035 21368 I F_C.AppsRecencyDeck: Unable to find supported app: com.audible.application.kindle#359663082
07-01 22:48:21.274  2035 21368 I F_C.AppsRecencyDeck: Unable to find supported app: com.nypost.tablet#-1647273192
07-01 22:48:21.274  2035 21368 I F_C.AppsRecencyDeck: Unable to find supported app: com.anmedia.dailymail.kindlefire#901454277
07-01 22:48:21.274  2035 21368 I F_C.AppsRecencyDeck: Unable to find supported app: com.clearchannel.iheartkids#-465400191
07-01 22:48:21.274  2035 21368 I F_C.AppsRecencyDeck: Unable to find supported app: wsj.reader_t3#-1680698898
07-01 22:48:21.275  2035 21368 I F_C.AppsRecencyDeck: Unable to find supported app: com.aspiro.tidal#1288026368
07-01 22:48:21.290  2035 21368 I F_C.AppsRecencyDeck: Number of recent apps items : 6
07-01 22:48:21.290  2035 21368 I F_C.UpNextDeck: Replacing all Up Next cards, with app last used time.
07-01 22:48:21.301  2035 21368 I F_C.BaseCardProducerSer: Pushing 6 cards for deck AppsRecencyDeck. Triggered by com.amazon.action.PACKAGE_RECENCY_NOTIFICATION
07-01 22:48:21.301  2035 21368 I F_C.BaseCardProducerSer: Deleting 0 cards for deck AppsRecencyDeck. Triggered by com.amazon.action.PACKAGE_RECENCY_NOTIFICATION
07-01 22:48:21.301  2035 21368 I F_C.BaseCardProducerSer: Pushing 1 cards for deck LibrarySectionDeck. Triggered by com.amazon.action.PACKAGE_RECENCY_NOTIFICATION
07-01 22:48:21.301  2035 21368 I F_C.BaseCardProducerSer: Deleting 0 cards for deck LibrarySectionDeck. Triggered by com.amazon.action.PACKAGE_RECENCY_NOTIFICATION
07-01 22:48:21.301  2035 21368 I F_C.BaseCardProducerSer: Pushing 5 cards for deck UpNextDeck. Triggered by com.amazon.action.PACKAGE_RECENCY_NOTIFICATION
07-01 22:48:21.301  2035 21368 I F_C.BaseCardProducerSer: Deleting 0 cards for deck UpNextDeck. Triggered by com.amazon.action.PACKAGE_RECENCY_NOTIFICATION
07-01 22:48:21.301  2035 21368 I F_C.BaseCardProducerSer: Pushing 2 cards for deck GamesAppsLibraryDeck. Triggered by com.amazon.action.PACKAGE_RECENCY_NOTIFICATION
07-01 22:48:21.301  2035 21368 I F_C.BaseCardProducerSer: Deleting 0 cards for deck GamesAppsLibraryDeck. Triggered by com.amazon.action.PACKAGE_RECENCY_NOTIFICATION
07-01 22:48:21.302  2035 21368 I F_C.BaseCardProducerSer: Pushing 0 cards for deck LibrarySectionDeck. Triggered by com.amazon.action.PACKAGE_RECENCY_NOTIFICATION
07-01 22:48:21.302  2035 21368 I F_C.BaseCardProducerSer: Deleting 1 cards for deck LibrarySectionDeck. Triggered by com.amazon.action.PACKAGE_RECENCY_NOTIFICATION
07-01 22:48:21.302  2035 21368 I F_C.ProducerClientCompa: Producer com.amazon.firelauncher.fireappscardproducer at API version BrazilVersion(1.8.2151.0).
07-01 22:48:21.304  2035 21368 I F_C.ProducerClientCompa: Connected to ServerInfo(CDA Version: BrazilVersion(1.5.2811.0), Min. Producer: BrazilVersion(1.0), Delete All: true)
07-01 22:48:21.310  2035 21368 I F_C.ProducerRefreshServ: Performing Producer refresh.
07-01 22:48:21.320  2035 21368 I F_C.CardProvider: Starting batch operation
07-01 22:48:21.327  2035 21368 I F_C.CardProvider: decomposeBatchOperations(1 ops)
07-01 22:48:21.328  2035 21368 I F_C.CardProvider:  - replaceAll not detected
07-01 22:48:21.329  2035 21368 I F_C.CardProvider:  - batch decomposition revealed no unnecessary deletes (1 deletes affecting 0 cards)
07-01 22:48:21.335  2035 21368 I F_C.CardProvider: delete(ParsedUri(PRODUCER=com.amazon.firelauncher.fireappscardproducer, CARD=2026899589), null, 3392903), batched: true
07-01 22:48:21.336  2035 21368 I F_C.CardProvider: We have 1 results from decomposedOperations.
07-01 22:48:21.336  2035 21368 I F_C.CardProvider: Decomposition not applied
07-01 22:48:21.336  2035 21368 I F_C.CardProvider: Completed batch operation
07-01 22:48:21.341  2035 21368 I F_C.CardProvider: bulkInsert(ParsedUri(PRODUCER=com.amazon.firelauncher.fireappscardproducer), contentValues:[(com.amazon.firelauncher.fireappscardproducer/FOR_YOU/com.amazon.firelauncher.launchercardproducer:RECENT_APPS/-1187143214/1782971301281/0), (com.amazon.firelauncher.fireappscardproducer/FOR_YOU/com.amazon.firelauncher.launchercardproducer:RECENT_APPS/695574577/1782971301283/0), (com.amazon.firelauncher.fireappscardproducer/FOR_YOU/com.amazon.firelauncher.launchercardproducer:RECENT_APPS/-571829124/1782971301284/0), (com.amazon.firelauncher.fireappscardproducer/FOR_YOU/com.amazon.firelauncher.launchercardproducer:RECENT_APPS/977181909/1782971301286/0), (com.amazon.firelauncher.fireappscardproducer/FOR_YOU/com.amazon.firelauncher.launchercardproducer:RECENT_APPS/1853807984/1782971301287/0), (com.amazon.firelauncher.fireappscardproducer/FOR_YOU/com.amazon.firelauncher.launchercardproducer:RECENT_APPS/1262997219/1782971301289/0), (com.amazon.firelauncher.fireappscardproducer/LIBRARY/com.amazon.venezia:library-apps/14886992/1782971301267/1), (com.amazon.firelauncher.fireappscardproducer/UP_NEXT_RECENT/-710106103/1782971301295/0), (com.amazon.firelauncher.fireappscardproducer/UP_NEXT_RECENT/1250913016/1782971301296/0), (com.amazon.firelauncher.fireappscardproducer/UP_NEXT_RECENT/-1447695273/1782971301298/0), (com.amazon.firelauncher.fireappscardproducer/UP_NEXT_RECENT/1623771286/1782971301300/0), (com.amazon.firelauncher.fireappscardproducer/UP_NEXT_RECENT/918387183/1782971301301/0), (com.amazon.firelauncher.fireappscardproducer/GAMESAPPS/-489306989/1782971301261/1), (com.amazon.firelauncher.fireappscardproducer/APPSGAMES/895102831/1782971301262/1)][size=14])
07-01 22:48:21.344  2035 21368 I F_C.CardAgentSynchroniz: Throttling producer refresh
07-01 22:48:21.348  2035 21368 I F_C.SharedPreferencesCa: Could not find rank for card with producerId: com.amazon.firelauncher.fireappscardproducer, widgetId: -1187143214 and target: FOR_YOU/com.amazon.firelauncher.launchercardproducer:RECENT_APPS
07-01 22:48:21.349  2035 21368 I F_C.SharedPreferencesCa: Could not find rank for card with producerId: com.amazon.firelauncher.fireappscardproducer, widgetId: 695574577 and target: FOR_YOU/com.amazon.firelauncher.launchercardproducer:RECENT_APPS
07-01 22:48:21.349  2035 21368 I F_C.SharedPreferencesCa: Could not find rank for card with producerId: com.amazon.firelauncher.fireappscardproducer, widgetId: -571829124 and target: FOR_YOU/com.amazon.firelauncher.launchercardproducer:RECENT_APPS
07-01 22:48:21.350  2035 21368 I F_C.SharedPreferencesCa: Could not find rank for card with producerId: com.amazon.firelauncher.fireappscardproducer, widgetId: 977181909 and target: FOR_YOU/com.amazon.firelauncher.launchercardproducer:RECENT_APPS
07-01 22:48:21.351  2035 21368 I F_C.SharedPreferencesCa: Could not find rank for card with producerId: com.amazon.firelauncher.fireappscardproducer, widgetId: 1853807984 and target: FOR_YOU/com.amazon.firelauncher.launchercardproducer:RECENT_APPS
07-01 22:48:21.352  2035 21368 I F_C.SharedPreferencesCa: Could not find rank for card with producerId: com.amazon.firelauncher.fireappscardproducer, widgetId: 1262997219 and target: FOR_YOU/com.amazon.firelauncher.launchercardproducer:RECENT_APPS
07-01 22:48:21.353  2035 21368 I F_C.SharedPreferencesCa: Could not find rank for card with producerId: com.amazon.firelauncher.fireappscardproducer, widgetId: 14886992 and target: LIBRARY/com.amazon.venezia:library-apps
07-01 22:48:21.354  2035 21368 I F_C.SharedPreferencesCa: Could not find rank for card with producerId: com.amazon.firelauncher.fireappscardproducer, widgetId: -710106103 and target: UP_NEXT_RECENT
07-01 22:48:21.355  2035 21368 I F_C.SharedPreferencesCa: Could not find rank for card with producerId: com.amazon.firelauncher.fireappscardproducer, widgetId: 1250913016 and target: UP_NEXT_RECENT
07-01 22:48:21.356  2035 21368 I F_C.SharedPreferencesCa: Could not find rank for card with producerId: com.amazon.firelauncher.fireappscardproducer, widgetId: -1447695273 and target: UP_NEXT_RECENT
07-01 22:48:21.358  2035 21368 I F_C.SharedPreferencesCa: Could not find rank for card with producerId: com.amazon.firelauncher.fireappscardproducer, widgetId: 1623771286 and target: UP_NEXT_RECENT
07-01 22:48:21.368  2035 21368 I F_C.SharedPreferencesCa: Could not find rank for card with producerId: com.amazon.firelauncher.fireappscardproducer, widgetId: 918387183 and target: UP_NEXT_RECENT
07-01 22:48:21.369  2035 21368 I F_C.SharedPreferencesCa: Could not find rank for card with producerId: com.amazon.firelauncher.fireappscardproducer, widgetId: -489306989 and target: GAMESAPPS
07-01 22:48:21.371  2035 21368 I F_C.SharedPreferencesCa: Could not find rank for card with producerId: com.amazon.firelauncher.fireappscardproducer, widgetId: 895102831 and target: APPSGAMES
07-01 22:48:21.380  2035  2364 I F_C.DefaultConsumerClie: Looking for local ContentProvider...
07-01 22:48:21.381  2035  2364 I F_C.CardProvider: query(ParsedUri(PRODUCER=com.amazon.firelauncher.fireappscardproducer, CARD=-1187143214), projection:null, selection:null, selectionArgs:3392903, sortOrder:null)
07-01 22:48:21.395  2035  2314 I F_C.PrefetchTrigger: Schedule prefetch. lastPrefetchStartTime: Wed Jul 01 22:39:23 PDT 2026, currentTime: Wed Jul 01 22:48:21 PDT 2026, delay: 20097, rescheduleAtJobEnd: false
07-01 22:48:21.395  2035  2314 I F_C.PrefetchJobService: schedule prefetch job with 20097 ms delay from now
07-01 22:48:21.413  2035  2314 I F_C.PrefetchJobService: pending job with id: 196608 exists
07-01 22:48:21.413  2035  2314 I F_C.PrefetchTrigger: Not schedule prefetch due to pending job
07-01 22:48:21.413  2035  2314 I F_C.PrefetchJobService: pending job with id: 196608 exists
07-01 22:48:21.413  2035  2314 I F_C.PrefetchTrigger: Not schedule prefetch due to pending job
07-01 22:48:21.414  2035  2314 I F_C.PrefetchJobService: pending job with id: 196608 exists
07-01 22:48:21.414  2035  2314 I F_C.PrefetchTrigger: Not schedule prefetch due to pending job
07-01 22:48:21.415  2035  2314 I F_C.PrefetchJobService: pending job with id: 196608 exists
07-01 22:48:21.415  2035  2314 I F_C.PrefetchTrigger: Not schedule prefetch due to pending job
07-01 22:48:21.416  2035  2314 I F_C.PrefetchJobService: pending job with id: 196608 exists
07-01 22:48:21.416  2035  2314 I F_C.PrefetchTrigger: Not schedule prefetch due to pending job
07-01 22:48:21.417  2035  2314 I F_C.PrefetchJobService: pending job with id: 196608 exists
07-01 22:48:21.417  2035  2314 I F_C.PrefetchTrigger: Not schedule prefetch due to pending job
07-01 22:48:21.435  2035  2364 I F_C.CardDataSource: Card processing started for: FOR_YOU/com.amazon.firelauncher.launchercardproducer:RECENT_APPS (1 card(s))
07-01 22:48:21.451  2035  2364 W F_C.UpNextDataSourcePri: No datasource found for target: FOR_YOU/com.amazon.firelauncher.launchercardproducer:RECENT_APPS
07-01 22:48:21.454  2035  2364 I F_C.CardIdPatternCardAs: Pattern match failed. Invalid card id -1187143214 from com.amazon.firelauncher.templatedatasources.CompositeCardDataSource$ComponentCard@d65f7d8.
07-01 22:48:21.455  2035  2364 I F_C.CardDataSource: Card processing completed for: FOR_YOU/com.amazon.firelauncher.launchercardproducer:RECENT_APPS (1 card(s))
07-01 22:48:21.455  2035  2314 I F_C.PrefetchJobService: pending job with id: 196608 exists
07-01 22:48:21.455  2035  2314 I F_C.PrefetchTrigger: Not schedule prefetch due to pending job
07-01 22:48:21.455  2035  2314 I F_C.PrefetchJobService: pending job with id: 196608 exists
07-01 22:48:21.455  2035  2314 I F_C.PrefetchTrigger: Not schedule prefetch due to pending job
07-01 22:48:21.456  2035  2364 I F_C.CardDataSource: Card processing started for: FOR_YOU/com.amazon.firelauncher.launchercardproducer:RECENT_APPS (1 card(s))
07-01 22:48:21.457  2035  2364 I F_C.CardDataSource: Card processing completed for: FOR_YOU/com.amazon.firelauncher.launchercardproducer:RECENT_APPS (1 card(s))
07-01 22:48:21.458  2035  2314 I F_C.PrefetchJobService: pending job with id: 196608 exists
07-01 22:48:21.458  2035  2314 I F_C.PrefetchTrigger: Not schedule prefetch due to pending job
07-01 22:48:21.458  2035  2035 I F_C.CardDataSource: Updating cards in target: FOR_YOU/com.amazon.firelauncher.launchercardproducer:RECENT_APPS, cards: [-1187143214]
07-01 22:48:21.458  2035  2364 I F_C.CardDataSource: Card processing started for: FOR_YOU/com.amazon.firelauncher.launchercardproducer:RECENT_APPS (1 card(s))
07-01 22:48:21.459  2035  2314 I F_C.PrefetchJobService: pending job with id: 196608 exists
07-01 22:48:21.459  2035  2314 I F_C.PrefetchTrigger: Not schedule prefetch due to pending job
07-01 22:48:21.460  2035  2314 I F_C.PrefetchJobService: pending job with id: 196608 exists
07-01 22:48:21.460  2035  2314 I F_C.PrefetchTrigger: Not schedule prefetch due to pending job
07-01 22:48:21.462  2035  2364 I F_C.CardDataSource: Card processing completed for: FOR_YOU/com.amazon.firelauncher.launchercardproducer:RECENT_APPS (1 card(s))
07-01 22:48:21.462  2035  2364 I F_C.CardProvider: query(ParsedUri(PRODUCER=com.amazon.firelauncher.fireappscardproducer, CARD=695574577), projection:null, selection:null, selectionArgs:3392903, sortOrder:null)
07-01 22:48:21.464  2035  2314 I F_C.PrefetchJobService: pending job with id: 196608 exists
07-01 22:48:21.464  2035  2314 I F_C.PrefetchTrigger: Not schedule prefetch due to pending job
07-01 22:48:21.465  2035  2364 I F_C.CardDataSource: Card processing started for: FOR_YOU/com.amazon.firelauncher.launchercardproducer:RECENT_APPS (1 card(s))
07-01 22:48:21.465  2035  2314 I F_C.PrefetchJobService: pending job with id: 196608 exists
07-01 22:48:21.465  2035  2314 I F_C.PrefetchTrigger: Not schedule prefetch due to pending job
07-01 22:48:21.466  2035  2364 W F_C.UpNextDataSourcePri: No datasource found for target: FOR_YOU/com.amazon.firelauncher.launchercardproducer:RECENT_APPS
07-01 22:48:21.467  2035  2364 I F_C.CardIdPatternCardAs: Pattern match failed. Invalid card id 695574577 from com.amazon.firelauncher.templatedatasources.CompositeCardDataSource$ComponentCard@6970397.
07-01 22:48:21.467  2035  2364 I F_C.CardDataSource: Card processing completed for: FOR_YOU/com.amazon.firelauncher.launchercardproducer:RECENT_APPS (1 card(s))
07-01 22:48:21.467  2035  2364 I F_C.CardDataSource: Card processing started for: FOR_YOU/com.amazon.firelauncher.launchercardproducer:RECENT_APPS (1 card(s))
07-01 22:48:21.467   614   722 E WifiVendorHal: getWifiLinkLayerStats(l.937) failed {.code = ERROR_NOT_SUPPORTED, .description = }
07-01 22:48:21.468  2035  2364 I F_C.CardDataSource: Card processing completed for: FOR_YOU/com.amazon.firelauncher.launchercardproducer:RECENT_APPS (1 card(s))
07-01 22:48:21.492  2035  2035 I F_C.L28849: PreLoadingAggregateCardDataSource#20.setItem < updateCards < access$600 < onUpdateCards < handleMessage < tryExecuteNextOperation < handleMessage < dispatchMessage
07-01 22:48:21.492  2035  2035 I F_C.L28849:  - card count (moved): 6 -> 6
07-01 22:48:21.498  2035  2035 I F_C.L28849: EmptyFilteredCardDataSource#21.reIndex < access$200 < onUpdated < onUpdated < notifyUpdatedInternal < notifyUpdated < notifyOnUpdated < setItem
07-01 22:48:21.498  2035  2035 I F_C.L28849:  - card count: 6 -> 6
07-01 22:48:21.499  2035  2035 I F_C.Debouncer: Debouncing com.amazon.firelauncher.recency.BaseRecencyManager$AsinRecencyUpdateRunnable@383656d
07-01 22:48:21.499  2035  2364 I F_C.CardDataSource: Card processing started for: FOR_YOU/com.amazon.firelauncher.launchercardproducer:RECENT_APPS (1 card(s))
07-01 22:48:21.501  2035  2364 I F_C.CardDataSource: Card processing completed for: FOR_YOU/com.amazon.firelauncher.launchercardproducer:RECENT_APPS (1 card(s))
07-01 22:48:21.501  2035  2035 I F_C.CardDataSource: Updating cards in target: FOR_YOU/com.amazon.firelauncher.launchercardproducer:RECENT_APPS, cards: [-1187143214]
07-01 22:48:21.501  2035  2035 I F_C.L28849: AggregateCardDataSource#474.setItem < updateCards < access$600 < onUpdateCards < handleMessage < tryExecuteNextOperation < handleMessage < dispatchMessage
07-01 22:48:21.501  2035  2035 I F_C.L28849:  - card count (moved): 6 -> 6
07-01 22:48:21.501  2035  2364 I F_C.CardProvider: query(ParsedUri(PRODUCER=com.amazon.firelauncher.fireappscardproducer, CARD=-571829124), projection:null, selection:null, selectionArgs:3392903, sortOrder:null)
07-01 22:48:21.501  2035  2035 I F_C.L28849: EmptyFilteredCardDataSource#475.reIndex < access$200 < onUpdated < onUpdated < notifyUpdatedInternal < notifyUpdated < notifyOnUpdated < setItem
07-01 22:48:21.501  2035  2035 I F_C.L28849:  - card count: 6 -> 6
07-01 22:48:21.504  2035  2364 I F_C.CardDataSource: Card processing started for: FOR_YOU/com.amazon.firelauncher.launchercardproducer:RECENT_APPS (1 card(s))
07-01 22:48:21.505  2035  2364 W F_C.UpNextDataSourcePri: No datasource found for target: FOR_YOU/com.amazon.firelauncher.launchercardproducer:RECENT_APPS
07-01 22:48:21.505  2035  2364 I F_C.CardDataSource: Card filtered, producer: com.amazon.firelauncher.fireappscardproducer, target: FOR_YOU/com.amazon.firelauncher.launchercardproducer:RECENT_APPS, filter: com.amazon.firelauncher.templatedatasources.CompositeCardDataSource$3@c82b20f
07-01 22:48:21.505  2035  2364 I F_C.CardDataSource: Card processing completed for: FOR_YOU/com.amazon.firelauncher.launchercardproducer:RECENT_APPS (0 card(s))
07-01 22:48:21.505  2035  2364 I F_C.CardDataSource: Card processing started for: FOR_YOU/com.amazon.firelauncher.launchercardproducer:RECENT_APPS (1 card(s))
07-01 22:48:21.506  2035  2035 I F_C.L28849: EmptyFilteredCardDataSource#201.reIndex < access$200 < onUpdated < onUpdated < notifyUpdatedInternal < notifyUpdated < notifyOnUpdated < onReaggregation
07-01 22:48:21.506  2035  2035 I F_C.L28849:  - card count: 7 -> 7
07-01 22:48:21.506  2035  2035 I F_C.L28849: EmptyFilteredCardDataSource#475: onUpdated, new item: RECENT_APPS
07-01 22:48:21.507  2035  2364 I F_C.CardDataSource: Card processing completed for: FOR_YOU/com.amazon.firelauncher.launchercardproducer:RECENT_APPS (1 card(s))
07-01 22:48:21.507  2035  2035 I F_C.CardDataSource: Updating cards in target: FOR_YOU/com.amazon.firelauncher.launchercardproducer:RECENT_APPS, cards: [695574577]
07-01 22:48:21.507  2035  2035 I F_C.L28849: PreLoadingAggregateCardDataSource#20.setItem < updateCards < access$600 < onUpdateCards < handleMessage < tryExecuteNextOperation < handleMessage < dispatchMessage
07-01 22:48:21.507  2035  2035 I F_C.L28849:  - card count (in-place): 6 -> 6
07-01 22:48:21.511  2035  2035 I F_C.L28849: EmptyFilteredCardDataSource#21.reIndex < access$200 < onUpdated < onUpdated < notifyUpdatedInternal < notifyUpdated < notifyOnUpdated < setItem
07-01 22:48:21.511  2035  2035 I F_C.L28849:  - card count: 6 -> 6
07-01 22:48:21.511  2035  2035 I F_C.Debouncer: Debouncing com.amazon.firelauncher.recency.BaseRecencyManager$AsinRecencyUpdateRunnable@79fe9f0
07-01 22:48:21.511  2035  2035 I F_C.CardDataSource: Updating cards in target: FOR_YOU/com.amazon.firelauncher.launchercardproducer:RECENT_APPS, cards: [695574577]
07-01 22:48:21.512  2035  2364 I F_C.CardDataSource: Card processing started for: FOR_YOU/com.amazon.firelauncher.launchercardproducer:RECENT_APPS (1 card(s))
07-01 22:48:21.512  2035  2035 I F_C.L28849: AggregateCardDataSource#474.setItem < updateCards < access$600 < onUpdateCards < handleMessage < tryExecuteNextOperation < handleMessage < dispatchMessage
07-01 22:48:21.512  2035  2035 I F_C.L28849:  - card count (in-place): 6 -> 6
07-01 22:48:21.512  2035  2035 I F_C.L28849: EmptyFilteredCardDataSource#475.reIndex < access$200 < onUpdated < onUpdated < notifyUpdatedInternal < notifyUpdated < notifyOnUpdated < setItem
07-01 22:48:21.512  2035  2035 I F_C.L28849:  - card count: 6 -> 6
07-01 22:48:21.513  2035  2364 I F_C.CardDataSource: Card processing completed for: FOR_YOU/com.amazon.firelauncher.launchercardproducer:RECENT_APPS (1 card(s))
07-01 22:48:21.513  2035  2035 I F_C.L28849: EmptyFilteredCardDataSource#201.reIndex < access$200 < onUpdated < onUpdated < notifyUpdatedInternal < notifyUpdated < notifyOnUpdated < onReaggregation
07-01 22:48:21.513  2035  2035 I F_C.L28849:  - card count: 7 -> 7
07-01 22:48:21.513  2035  2035 I F_C.L28849: EmptyFilteredCardDataSource#475: onUpdated, new item: RECENT_APPS
07-01 22:48:21.513  2035  2035 I F_C.CardDataSource: Updating cards in target: FOR_YOU/com.amazon.firelauncher.launchercardproducer:RECENT_APPS, cards: [-571829124]
07-01 22:48:21.514  2035  2035 I F_C.L28849: PreLoadingAggregateCardDataSource#20.setItem < updateCards < access$600 < onUpdateCards < handleMessage < tryExecuteNextOperation < handleMessage < dispatchMessage
07-01 22:48:21.514  2035  2035 I F_C.L28849:  - card count (in-place): 6 -> 6
07-01 22:48:21.514  2035  2364 I F_C.CardProvider: query(ParsedUri(PRODUCER=com.amazon.firelauncher.fireappscardproducer, CARD=977181909), projection:null, selection:null, selectionArgs:3392903, sortOrder:null)
07-01 22:48:21.514  2035  2035 I F_C.L28849: EmptyFilteredCardDataSource#21.reIndex < access$200 < onUpdated < onUpdated < notifyUpdatedInternal < notifyUpdated < notifyOnUpdated < setItem
07-01 22:48:21.514  2035  2035 I F_C.L28849:  - card count: 6 -> 6
07-01 22:48:21.515  2035  2035 I F_C.Debouncer: Debouncing com.amazon.firelauncher.recency.BaseRecencyManager$AsinRecencyUpdateRunnable@7fdeb69
07-01 22:48:21.516  2035  2035 I F_C.CardDataSource: Updating cards in target: FOR_YOU/com.amazon.firelauncher.launchercardproducer:RECENT_APPS, cards: [-571829124]
07-01 22:48:21.516  2035  2035 I F_C.L28849: AggregateCardDataSource#474.setItem < updateCards < access$600 < onUpdateCards < handleMessage < tryExecuteNextOperation < handleMessage < dispatchMessage
07-01 22:48:21.516  2035  2035 I F_C.L28849:  - card count (in-place): 6 -> 6
07-01 22:48:21.516  2035  2364 I F_C.CardDataSource: Card processing started for: FOR_YOU/com.amazon.firelauncher.launchercardproducer:RECENT_APPS (1 card(s))
07-01 22:48:21.517  2035  2035 I F_C.L28849: EmptyFilteredCardDataSource#475.reIndex < access$200 < onUpdated < onUpdated < notifyUpdatedInternal < notifyUpdated < notifyOnUpdated < setItem
07-01 22:48:21.517  2035  2035 I F_C.L28849:  - card count: 6 -> 6
07-01 22:48:21.517  2035  2364 W F_C.UpNextDataSourcePri: No datasource found for target: FOR_YOU/com.amazon.firelauncher.launchercardproducer:RECENT_APPS
07-01 22:48:21.517  2035  2364 I F_C.CardIdPatternCardAs: Pattern match failed. Invalid card id 977181909 from com.amazon.firelauncher.templatedatasources.CompositeCardDataSource$ComponentCard@510ce8f.
07-01 22:48:21.517  2035  2364 I F_C.CardDataSource: Card processing completed for: FOR_YOU/com.amazon.firelauncher.launchercardproducer:RECENT_APPS (1 card(s))
07-01 22:48:21.517  2035  2364 I F_C.CardDataSource: Card processing started for: FOR_YOU/com.amazon.firelauncher.launchercardproducer:RECENT_APPS (1 card(s))
07-01 22:48:21.518  2035  2035 I F_C.L28849: EmptyFilteredCardDataSource#201.reIndex < access$200 < onUpdated < onUpdated < notifyUpdatedInternal < notifyUpdated < notifyOnUpdated < onReaggregation
07-01 22:48:21.518  2035  2035 I F_C.L28849:  - card count: 7 -> 7
07-01 22:48:21.518  2035  2035 I F_C.L28849: EmptyFilteredCardDataSource#475: onUpdated, new item: RECENT_APPS
07-01 22:48:21.518  2035  2364 I F_C.CardDataSource: Card processing completed for: FOR_YOU/com.amazon.firelauncher.launchercardproducer:RECENT_APPS (1 card(s))
07-01 22:48:21.518  2035  2364 I F_C.CardDataSource: Card processing started for: FOR_YOU/com.amazon.firelauncher.launchercardproducer:RECENT_APPS (1 card(s))
07-01 22:48:21.518  2035  2035 I F_C.CardDataSource: Updating cards in target: FOR_YOU/com.amazon.firelauncher.launchercardproducer:RECENT_APPS, cards: [977181909]
07-01 22:48:21.518  2035  2035 I F_C.L28849: PreLoadingAggregateCardDataSource#20.setItem < updateCards < access$600 < onUpdateCards < handleMessage < tryExecuteNextOperation < handleMessage < dispatchMessage
07-01 22:48:21.518  2035  2035 I F_C.L28849:  - card count (in-place): 6 -> 6
07-01 22:48:21.519  2035  2035 I F_C.L28849: EmptyFilteredCardDataSource#21.reIndex < access$200 < onUpdated < onUpdated < notifyUpdatedInternal < notifyUpdated < notifyOnUpdated < setItem
07-01 22:48:21.519  2035  2035 I F_C.L28849:  - card count: 6 -> 6
07-01 22:48:21.519  2035  2364 I F_C.CardDataSource: Card processing completed for: FOR_YOU/com.amazon.firelauncher.launchercardproducer:RECENT_APPS (1 card(s))
07-01 22:48:21.519  2035  2035 I F_C.Debouncer: Debouncing com.amazon.firelauncher.recency.BaseRecencyManager$AsinRecencyUpdateRunnable@880d525
07-01 22:48:21.519  2035  2035 I F_C.CardDataSource: Updating cards in target: FOR_YOU/com.amazon.firelauncher.launchercardproducer:RECENT_APPS, cards: [977181909]
07-01 22:48:21.519  2035  2035 I F_C.L28849: AggregateCardDataSource#474.setItem < updateCards < access$600 < onUpdateCards < handleMessage < tryExecuteNextOperation < handleMessage < dispatchMessage
07-01 22:48:21.519  2035  2035 I F_C.L28849:  - card count (in-place): 6 -> 6
07-01 22:48:21.519  2035  2364 I F_C.CardProvider: query(ParsedUri(PRODUCER=com.amazon.firelauncher.fireappscardproducer, CARD=1853807984), projection:null, selection:null, selectionArgs:3392903, sortOrder:null)
07-01 22:48:21.519  2035  2035 I F_C.L28849: EmptyFilteredCardDataSource#475.reIndex < access$200 < onUpdated < onUpdated < notifyUpdatedInternal < notifyUpdated < notifyOnUpdated < setItem
07-01 22:48:21.519  2035  2035 I F_C.L28849:  - card count: 6 -> 6
07-01 22:48:21.520  2035  2035 I F_C.L28849: EmptyFilteredCardDataSource#201.reIndex < access$200 < onUpdated < onUpdated < notifyUpdatedInternal < notifyUpdated < notifyOnUpdated < onReaggregation
07-01 22:48:21.520  2035  2035 I F_C.L28849:  - card count: 7 -> 7
07-01 22:48:21.520  2035  2035 I F_C.L28849: EmptyFilteredCardDataSource#475: onUpdated, new item: RECENT_APPS
07-01 22:48:21.521  2035  2364 I F_C.CardDataSource: Card processing started for: FOR_YOU/com.amazon.firelauncher.launchercardproducer:RECENT_APPS (1 card(s))
07-01 22:48:21.522  2035  2364 W F_C.UpNextDataSourcePri: No datasource found for target: FOR_YOU/com.amazon.firelauncher.launchercardproducer:RECENT_APPS
07-01 22:48:21.522  2035  2364 I F_C.CardDataSource: Card filtered, producer: com.amazon.firelauncher.fireappscardproducer, target: FOR_YOU/com.amazon.firelauncher.launchercardproducer:RECENT_APPS, filter: com.amazon.firelauncher.templatedatasources.CompositeCardDataSource$3@c82b20f
07-01 22:48:21.522  2035  2364 I F_C.CardDataSource: Card processing completed for: FOR_YOU/com.amazon.firelauncher.launchercardproducer:RECENT_APPS (0 card(s))
07-01 22:48:21.523  2035  2364 I F_C.CardDataSource: Card processing started for: FOR_YOU/com.amazon.firelauncher.launchercardproducer:RECENT_APPS (1 card(s))
07-01 22:48:21.523  2035  2364 I F_C.CardDataSource: Card processing completed for: FOR_YOU/com.amazon.firelauncher.launchercardproducer:RECENT_APPS (1 card(s))
07-01 22:48:21.523  2035  2364 I F_C.CardDataSource: Card processing started for: FOR_YOU/com.amazon.firelauncher.launchercardproducer:RECENT_APPS (1 card(s))
07-01 22:48:21.523  2035  2035 I F_C.CardDataSource: Updating cards in target: FOR_YOU/com.amazon.firelauncher.launchercardproducer:RECENT_APPS, cards: [1853807984]
07-01 22:48:21.523  2035  2035 I F_C.L28849: PreLoadingAggregateCardDataSource#20.setItem < updateCards < access$600 < onUpdateCards < handleMessage < tryExecuteNextOperation < handleMessage < dispatchMessage
07-01 22:48:21.523  2035  2035 I F_C.L28849:  - card count (in-place): 6 -> 6
07-01 22:48:21.524  2035  2035 I F_C.L28849: EmptyFilteredCardDataSource#21.reIndex < access$200 < onUpdated < onUpdated < notifyUpdatedInternal < notifyUpdated < notifyOnUpdated < setItem
07-01 22:48:21.524  2035  2035 I F_C.L28849:  - card count: 6 -> 6
07-01 22:48:21.524  2035  2364 I F_C.CardDataSource: Card processing completed for: FOR_YOU/com.amazon.firelauncher.launchercardproducer:RECENT_APPS (1 card(s))
07-01 22:48:21.524  2035  2035 I F_C.Debouncer: Debouncing com.amazon.firelauncher.recency.BaseRecencyManager$AsinRecencyUpdateRunnable@9b30708
07-01 22:48:21.524  2035  2035 I F_C.CardDataSource: Updating cards in target: FOR_YOU/com.amazon.firelauncher.launchercardproducer:RECENT_APPS, cards: [1853807984]
07-01 22:48:21.524  2035  2035 I F_C.L28849: AggregateCardDataSource#474.setItem < updateCards < access$600 < onUpdateCards < handleMessage < tryExecuteNextOperation < handleMessage < dispatchMessage
07-01 22:48:21.524  2035  2035 I F_C.L28849:  - card count (in-place): 6 -> 6
07-01 22:48:21.524  2035  2364 I F_C.CardProvider: query(ParsedUri(PRODUCER=com.amazon.firelauncher.fireappscardproducer, CARD=1262997219), projection:null, selection:null, selectionArgs:3392903, sortOrder:null)
07-01 22:48:21.524  2035  2035 I F_C.L28849: EmptyFilteredCardDataSource#475.reIndex < access$200 < onUpdated < onUpdated < notifyUpdatedInternal < notifyUpdated < notifyOnUpdated < setItem
07-01 22:48:21.524  2035  2035 I F_C.L28849:  - card count: 6 -> 6
07-01 22:48:21.526  2035  2035 I F_C.L28849: EmptyFilteredCardDataSource#201.reIndex < access$200 < onUpdated < onUpdated < notifyUpdatedInternal < notifyUpdated < notifyOnUpdated < onReaggregation
07-01 22:48:21.526  2035  2035 I F_C.L28849:  - card count: 7 -> 7
07-01 22:48:21.526  2035  2035 I F_C.L28849: EmptyFilteredCardDataSource#475: onUpdated, new item: RECENT_APPS
07-01 22:48:21.526  2035  2364 I F_C.CardDataSource: Card processing started for: FOR_YOU/com.amazon.firelauncher.launchercardproducer:RECENT_APPS (1 card(s))
07-01 22:48:21.527  2035  2364 W F_C.UpNextDataSourcePri: No datasource found for target: FOR_YOU/com.amazon.firelauncher.launchercardproducer:RECENT_APPS
07-01 22:48:21.527  2035  2364 I F_C.CardDataSource: Card filtered, producer: com.amazon.firelauncher.fireappscardproducer, target: FOR_YOU/com.amazon.firelauncher.launchercardproducer:RECENT_APPS, filter: com.amazon.firelauncher.templatedatasources.CompositeCardDataSource$3@c82b20f
07-01 22:48:21.527  2035  2364 I F_C.CardDataSource: Card processing completed for: FOR_YOU/com.amazon.firelauncher.launchercardproducer:RECENT_APPS (0 card(s))
07-01 22:48:21.527  2035  2364 I F_C.CardDataSource: Card processing started for: FOR_YOU/com.amazon.firelauncher.launchercardproducer:RECENT_APPS (1 card(s))
07-01 22:48:21.527  2035  2035 I F_C.CardDataSource: Updating cards in target: FOR_YOU/com.amazon.firelauncher.launchercardproducer:RECENT_APPS, cards: [-1187143214]
07-01 22:48:21.527  2035  2035 I F_C.L28849: PreLoadingAggregateCardDataSource#7.setItem < updateCards < access$600 < onUpdateCards < handleMessage < tryExecuteNextOperation < handleMessage < dispatchMessage
07-01 22:48:21.527  2035  2035 I F_C.L28849:  - card count (in-place): 3 -> 3
07-01 22:48:21.527  2035  2035 I F_C.L28849: EmptyFilteredCardDataSource#8.reIndex < access$200 < onUpdated < onUpdated < notifyUpdatedInternal < notifyUpdated < notifyOnUpdated < setItem
07-01 22:48:21.527  2035  2035 I F_C.L28849:  - card count: 3 -> 3
07-01 22:48:21.527  2035  2364 I F_C.CardDataSource: Card processing completed for: FOR_YOU/com.amazon.firelauncher.launchercardproducer:RECENT_APPS (1 card(s))
07-01 22:48:21.528  2035  2035 I F_C.CardIdPatternCardAs: Pattern match failed. Invalid card id -1187143214 from com.amazon.firelauncher.templatedatasources.CompositeCardDataSource$ComponentCard@aaa0087.
07-01 22:48:21.528  2035  2364 I F_C.CardDataSource: Card processing started for: FOR_YOU/com.amazon.firelauncher.launchercardproducer:RECENT_APPS (1 card(s))
07-01 22:48:21.528  2035  2364 I F_C.CardDataSource: Card processing completed for: FOR_YOU/com.amazon.firelauncher.launchercardproducer:RECENT_APPS (1 card(s))
07-01 22:48:21.529  2035  2364 I F_C.CardProvider: query(ParsedUri(PRODUCER=com.amazon.firelauncher.fireappscardproducer, CARD=14886992), projection:null, selection:null, selectionArgs:3392903, sortOrder:null)
07-01 22:48:21.530  2035  2364 I F_C.CardDataSource: Card processing started for: LIBRARY/com.amazon.venezia:library-apps (1 card(s))
07-01 22:48:21.531  2035  2364 I F_C.CardDataSource: Card processing completed for: LIBRARY/com.amazon.venezia:library-apps (1 card(s))
07-01 22:48:21.531  2035  2364 I F_C.CardDataSource: Card processing started for: LIBRARY/com.amazon.venezia:library-apps (1 card(s))
07-01 22:48:21.532  2035  2364 I F_C.CardDataSource: Card processing completed for: LIBRARY/com.amazon.venezia:library-apps (1 card(s))
07-01 22:48:21.532  2035  2364 I F_C.CardDataSource: Card processing started for: LIBRARY/com.amazon.venezia:library-apps (1 card(s))
07-01 22:48:21.533  2035  2364 I F_C.CardDataSource: Card processing completed for: LIBRARY/com.amazon.venezia:library-apps (1 card(s))
07-01 22:48:21.533  2035  2364 I F_C.CardProvider: query(ParsedUri(PRODUCER=com.amazon.firelauncher.fireappscardproducer, CARD=-710106103), projection:null, selection:null, selectionArgs:3392903, sortOrder:null)
07-01 22:48:21.535  2035  2364 I F_C.CardProvider: query(ParsedUri(PRODUCER=com.amazon.firelauncher.fireappscardproducer, CARD=1250913016), projection:null, selection:null, selectionArgs:3392903, sortOrder:null)
07-01 22:48:21.537  2035  2364 I F_C.CardProvider: query(ParsedUri(PRODUCER=com.amazon.firelauncher.fireappscardproducer, CARD=-1447695273), projection:null, selection:null, selectionArgs:3392903, sortOrder:null)
07-01 22:48:21.538  2035  2364 I F_C.CardProvider: query(ParsedUri(PRODUCER=com.amazon.firelauncher.fireappscardproducer, CARD=1623771286), projection:null, selection:null, selectionArgs:3392903, sortOrder:null)
07-01 22:48:21.540  2035  2364 I F_C.CardProvider: query(ParsedUri(PRODUCER=com.amazon.firelauncher.fireappscardproducer, CARD=918387183), projection:null, selection:null, selectionArgs:3392903, sortOrder:null)
07-01 22:48:21.542  2035  2364 I F_C.CardProvider: query(ParsedUri(PRODUCER=com.amazon.firelauncher.fireappscardproducer, CARD=-489306989), projection:null, selection:null, selectionArgs:3392903, sortOrder:null)
07-01 22:48:21.543  2035  2364 I F_C.CardProvider: query(ParsedUri(PRODUCER=com.amazon.firelauncher.fireappscardproducer, CARD=895102831), projection:null, selection:null, selectionArgs:3392903, sortOrder:null)
07-01 22:48:21.548  2035  2035 I F_C.CardDataSource: Updating cards in target: FOR_YOU/com.amazon.firelauncher.launchercardproducer:RECENT_APPS, cards: [695574577]
07-01 22:48:21.549  2035  2035 I F_C.L28849: PreLoadingAggregateCardDataSource#7.setItem < updateCards < access$600 < onUpdateCards < handleMessage < tryExecuteNextOperation < handleMessage < dispatchMessage
07-01 22:48:21.549  2035  2035 I F_C.L28849:  - card count (in-place): 3 -> 3
07-01 22:48:21.549  2035  2035 I F_C.L28849: EmptyFilteredCardDataSource#8.reIndex < access$200 < onUpdated < onUpdated < notifyUpdatedInternal < notifyUpdated < notifyOnUpdated < setItem
07-01 22:48:21.549  2035  2035 I F_C.L28849:  - card count: 3 -> 3
07-01 22:48:21.549  2035  2035 I F_C.CardIdPatternCardAs: Pattern match failed. Invalid card id 695574577 from com.amazon.firelauncher.templatedatasources.CompositeCardDataSource$ComponentCard@5f58bb4.
07-01 22:48:21.552  2035  2035 I F_C.CardDataSource: Updating cards in target: FOR_YOU/com.amazon.firelauncher.launchercardproducer:RECENT_APPS, cards: []
07-01 22:48:21.552  2035  2035 I F_C.CardDataSource: Updating cards in target: FOR_YOU/com.amazon.firelauncher.launchercardproducer:RECENT_APPS, cards: [977181909]
07-01 22:48:21.552  2035  2035 I F_C.L28849: PreLoadingAggregateCardDataSource#7.setItem < updateCards < access$600 < onUpdateCards < handleMessage < tryExecuteNextOperation < handleMessage < dispatchMessage
07-01 22:48:21.552  2035  2035 I F_C.L28849:  - card count (in-place): 3 -> 3
07-01 22:48:21.552  2035  2035 I F_C.L28849: EmptyFilteredCardDataSource#8.reIndex < access$200 < onUpdated < onUpdated < notifyUpdatedInternal < notifyUpdated < notifyOnUpdated < setItem
07-01 22:48:21.552  2035  2035 I F_C.L28849:  - card count: 3 -> 3
07-01 22:48:21.553  2035  2035 I F_C.CardIdPatternCardAs: Pattern match failed. Invalid card id 977181909 from com.amazon.firelauncher.templatedatasources.CompositeCardDataSource$ComponentCard@b5583dd.
07-01 22:48:21.555  2035  2035 I F_C.CardDataSource: Updating cards in target: FOR_YOU/com.amazon.firelauncher.launchercardproducer:RECENT_APPS, cards: []
07-01 22:48:21.555  2035  2035 I F_C.CardDataSource: Updating cards in target: FOR_YOU/com.amazon.firelauncher.launchercardproducer:RECENT_APPS, cards: []
07-01 22:48:21.555  2035  2035 I F_C.LauncherCdaClient: Batched 6 operations with result 1 on target FOR_YOU/com.amazon.firelauncher.launchercardproducer:RECENT_APPS
07-01 22:48:21.555  2035  2035 I F_C.CardDataSource: Updating cards in target: FOR_YOU/com.amazon.firelauncher.launchercardproducer:RECENT_APPS, cards: [1262997219]
07-01 22:48:21.555  2035  2035 I F_C.L28849: PreLoadingAggregateCardDataSource#20.setItem < updateCards < access$600 < onUpdateCards < handleMessage < tryExecuteNextOperation < handleMessage < dispatchMessage
07-01 22:48:21.555  2035  2035 I F_C.L28849:  - card count (in-place): 6 -> 6
07-01 22:48:21.555  2035  2035 I F_C.L28849: EmptyFilteredCardDataSource#21.reIndex < access$200 < onUpdated < onUpdated < notifyUpdatedInternal < notifyUpdated < notifyOnUpdated < setItem
07-01 22:48:21.555  2035  2035 I F_C.L28849:  - card count: 6 -> 6
07-01 22:48:21.555  2035  2035 I F_C.Debouncer: Debouncing com.amazon.firelauncher.recency.BaseRecencyManager$AsinRecencyUpdateRunnable@b84ab52
07-01 22:48:21.556  2035  2035 I F_C.CardDataSource: Updating cards in target: FOR_YOU/com.amazon.firelauncher.launchercardproducer:RECENT_APPS, cards: [1262997219]
07-01 22:48:21.556  2035  2035 I F_C.L28849: AggregateCardDataSource#474.setItem < updateCards < access$600 < onUpdateCards < handleMessage < tryExecuteNextOperation < handleMessage < dispatchMessage
07-01 22:48:21.556  2035  2035 I F_C.L28849:  - card count (in-place): 6 -> 6
07-01 22:48:21.556  2035  2035 I F_C.L28849: EmptyFilteredCardDataSource#475.reIndex < access$200 < onUpdated < onUpdated < notifyUpdatedInternal < notifyUpdated < notifyOnUpdated < setItem
07-01 22:48:21.556  2035  2035 I F_C.L28849:  - card count: 6 -> 6
07-01 22:48:21.557  2035  2035 I F_C.L28849: EmptyFilteredCardDataSource#201.reIndex < access$200 < onUpdated < onUpdated < notifyUpdatedInternal < notifyUpdated < notifyOnUpdated < onReaggregation
07-01 22:48:21.557  2035  2035 I F_C.L28849:  - card count: 7 -> 7
07-01 22:48:21.557  2035  2035 I F_C.L28849: EmptyFilteredCardDataSource#475: onUpdated, new item: RECENT_APPS
07-01 22:48:21.559  2035  2035 I F_C.CardDataSource: Updating cards in target: LIBRARY/com.amazon.venezia:library-apps, cards: [14886992]
07-01 22:48:21.559  2035  2035 I chatty  : uid=10092(com.amazon.firelauncher) identical 1 line
07-01 22:48:21.560  2035  2035 I F_C.CardDataSource: Updating cards in target: LIBRARY/com.amazon.venezia:library-apps, cards: [14886992]
07-01 22:48:21.561  2035  2035 I F_C.LibraryFilteredCard: Start processing card {producerId=com.amazon.kindle,cardId=-1902740761}
07-01 22:48:21.561  2035  2035 I F_C.LibraryFilteredCard: Not aggregate Card, processing complete {producerId=com.amazon.kindle,cardId=-429957087}
07-01 22:48:21.561  2035  2035 I F_C.LibraryFilteredCard: Not aggregate Card, processing complete {producerId=com.amazon.kindle,cardId=1314232813}
07-01 22:48:21.561  2035  2035 I F_C.LibraryFilteredCard: Not aggregate Card, processing complete {producerId=com.amazon.kindle,cardId=-1930869496}
07-01 22:48:21.561  2035  2035 I F_C.LibraryFilteredCard: Not aggregate Card, processing complete {producerId=com.amazon.kindle,cardId=-335311499}
07-01 22:48:21.561  2035  2035 I F_C.LibraryFilteredCard: Processing complete {producerId=com.amazon.kindle,cardId=-1902740761}
07-01 22:48:21.562  2035  2035 I F_C.LibraryFilteredCard: Not aggregate Card, processing complete {producerId=com.amazon.kindle,cardId=-429957087}
07-01 22:48:21.562  2035  2035 I F_C.LibraryFilteredCard: Filtering out {producerId=com.amazon.kindle,cardId=1314232813}, target: LIBRARY/com.amazon.kindle:KindleParentCard, filter: ConnectionCardFilters.ONLINE_ONLY
07-01 22:48:21.562  2035  2035 I F_C.LibraryFilteredCard: Not aggregate Card, processing complete {producerId=com.amazon.kindle,cardId=-1930869496}
07-01 22:48:21.562  2035  2035 I F_C.LibraryFilteredCard: Not aggregate Card, processing complete {producerId=com.amazon.kindle,cardId=-335311499}
07-01 22:48:21.562  2035  2035 I F_C.LibraryFilteredCard: Processing complete {producerId=com.amazon.kindle,cardId=-1902740761}
07-01 22:48:21.562  2035  2035 I F_C.LibraryFilteredCard: Filtering out {producerId=com.amazon.kindle,cardId=-429957087}, target: LIBRARY/com.amazon.kindle:KindleParentCard, filter: ConnectionCardFilters.OFFLINE_ONLY
07-01 22:48:21.562  2035  2035 I F_C.LibraryFilteredCard: Not aggregate Card, processing complete {producerId=com.amazon.kindle,cardId=1314232813}
07-01 22:48:21.562  2035  2035 I F_C.LibraryFilteredCard: Filtering out {producerId=com.amazon.kindle,cardId=-1930869496}, target: LIBRARY/com.amazon.kindle:KindleParentCard, filter: ConnectionCardFilters.OFFLINE_ONLY
07-01 22:48:21.562  2035  2035 I F_C.LibraryFilteredCard: Filtering out {producerId=com.amazon.kindle,cardId=-335311499}, target: LIBRARY/com.amazon.kindle:KindleParentCard, filter: ConnectionCardFilters.OFFLINE_ONLY
07-01 22:48:21.562  2035  2035 I F_C.LibraryFilteredCard: Processing complete {producerId=com.amazon.kindle,cardId=-1902740761}
07-01 22:48:21.563  2035  2035 I F_C.LibraryFilteredCard: Card com.amazon.kindleKindleParentCard contains at least 1 child that supports the online experience
07-01 22:48:21.563  2035  2035 I F_C.LibraryFilteredCard: Card com.amazon.kindleKindleParentCard contains at least 1 child that supports the offline experience
07-01 22:48:21.563  2035  2035 I F_C.LibraryFilteredCard: Start processing card {producerId=com.amazon.venezia,cardId=-1756330940}
07-01 22:48:21.563  2035  2035 I F_C.LibraryFilteredCard: Not aggregate Card, processing complete {producerId=com.amazon.firelauncher.fireappscardproducer,cardId=14886992}
07-01 22:48:21.563  2035  2035 I F_C.LibraryFilteredCard: Not aggregate Card, processing complete {producerId=com.amazon.venezia,cardId=973098305}
07-01 22:48:21.563  2035  2035 I F_C.LibraryFilteredCard: Processing complete {producerId=com.amazon.venezia,cardId=-1756330940}
07-01 22:48:21.563  2035  2035 I F_C.LibraryFilteredCard: Not aggregate Card, processing complete {producerId=com.amazon.firelauncher.fireappscardproducer,cardId=14886992}
07-01 22:48:21.563  2035  2035 I F_C.LibraryFilteredCard: Not aggregate Card, processing complete {producerId=com.amazon.venezia,cardId=973098305}
07-01 22:48:21.563  2035  2035 I F_C.LibraryFilteredCard: Processing complete {producerId=com.amazon.venezia,cardId=-1756330940}
07-01 22:48:21.563  2035  2035 I F_C.LibraryFilteredCard: Not aggregate Card, processing complete {producerId=com.amazon.firelauncher.fireappscardproducer,cardId=14886992}
07-01 22:48:21.563  2035  2035 I F_C.LibraryFilteredCard: Filtering out {producerId=com.amazon.venezia,cardId=973098305}, target: LIBRARY/com.amazon.venezia:library-apps, filter: ConnectionCardFilters.OFFLINE_ONLY
07-01 22:48:21.563  2035  2035 I F_C.LibraryFilteredCard: Processing complete {producerId=com.amazon.venezia,cardId=-1756330940}
07-01 22:48:21.564  2035  2035 I F_C.LibraryFilteredCard: Card com.amazon.venezialibrary-apps contains at least 1 child that supports the online experience
07-01 22:48:21.564  2035  2035 I F_C.LibraryFilteredCard: Card com.amazon.venezialibrary-apps contains at least 1 child that supports the offline experience
07-01 22:48:21.564  2035  2035 I F_C.LibraryFilteredCard: Start processing card {producerId=com.amazon.venezia,cardId=1393406767}
07-01 22:48:21.564  2035  2035 I F_C.LibraryFilteredCard: Not aggregate Card, processing complete {producerId=com.amazon.venezia,cardId=449818998}
07-01 22:48:21.564  2035  2035 I F_C.LibraryFilteredCard: Processing complete {producerId=com.amazon.venezia,cardId=1393406767}
07-01 22:48:21.564  2035  2035 I F_C.LibraryFilteredCard: Not aggregate Card, processing complete {producerId=com.amazon.venezia,cardId=449818998}
07-01 22:48:21.564  2035  2035 I F_C.LibraryFilteredCard: Processing complete {producerId=com.amazon.venezia,cardId=1393406767}
07-01 22:48:21.564  2035  2035 I F_C.LibraryFilteredCard: Filtering out {producerId=com.amazon.venezia,cardId=449818998}, target: LIBRARY/com.amazon.venezia:library-games, filter: ConnectionCardFilters.OFFLINE_ONLY
07-01 22:48:21.564  2035  2035 I F_C.LibraryFilteredCard: Card is empty {producerId=com.amazon.venezia,cardId=1393406767}
07-01 22:48:21.564  2035  2035 I F_C.LibraryFilteredCard: Card com.amazon.venezialibrary-games contains at least 1 child that supports the online experience
07-01 22:48:21.564  2035  2035 I F_C.LibraryFilteredCard: Card com.amazon.venezialibrary-games does not support the offline experience
07-01 22:48:21.564  2035  2035 I F_C.LibraryFilteredCard: Start processing card {producerId=com.amazon.cloud9.contentservice,cardId=-1755801561}
07-01 22:48:21.565  2035  2035 I F_C.LibraryFilteredCard: Not aggregate Card, processing complete {producerId=com.amazon.cloud9.contentservice,cardId=1029989062}
07-01 22:48:21.565  2035  2035 I F_C.LibraryFilteredCard: Processing complete {producerId=com.amazon.cloud9.contentservice,cardId=-1755801561}
07-01 22:48:21.565  2035  2035 I F_C.LibraryFilteredCard: Not aggregate Card, processing complete {producerId=com.amazon.cloud9.contentservice,cardId=1029989062}
07-01 22:48:21.565  2035  2035 I F_C.LibraryFilteredCard: Processing complete {producerId=com.amazon.cloud9.contentservice,cardId=-1755801561}
07-01 22:48:21.565  2035  2035 I F_C.LibraryFilteredCard: Filtering out {producerId=com.amazon.cloud9.contentservice,cardId=-1755801561}, target: LIBRARY, filter: ConnectionCardFilters.OFFLINE_ONLY
07-01 22:48:21.565  2035  2035 I F_C.LibraryFilteredCard: Card com.amazon.cloud9.contentservicelibrary-silk contains at least 1 child that supports the online experience
07-01 22:48:21.565  2035  2035 I F_C.LibraryFilteredCard: Card com.amazon.cloud9.contentservicelibrary-silk does not support the offline experience
07-01 22:48:21.565  2035  2035 I F_C.LibraryFilteredCard: Start processing card {producerId=com.amazon.avod,cardId=1407489257}
07-01 22:48:21.565  2035  2035 I F_C.LibraryFilteredCard: Not aggregate Card, processing complete {producerId=com.amazon.avod,cardId=-279883710}
07-01 22:48:21.565  2035  2035 I F_C.LibraryFilteredCard: Processing complete {producerId=com.amazon.avod,cardId=1407489257}
07-01 22:48:21.565  2035  2035 I F_C.LibraryFilteredCard: Not aggregate Card, processing complete {producerId=com.amazon.avod,cardId=-279883710}
07-01 22:48:21.565  2035  2035 I F_C.LibraryFilteredCard: Processing complete {producerId=com.amazon.avod,cardId=1407489257}
07-01 22:48:21.565  2035  2035 I F_C.LibraryFilteredCard: Filtering out {producerId=com.amazon.avod,cardId=-279883710}, target: LIBRARY/com.amazon.avod:library-video, filter: ConnectionCardFilters.OFFLINE_ONLY
07-01 22:48:21.565  2035  2035 I F_C.LibraryFilteredCard: Card is empty {producerId=com.amazon.avod,cardId=1407489257}
07-01 22:48:21.565  2035  2035 I F_C.LibraryFilteredCard: Card com.amazon.avodlibrary-video contains at least 1 child that supports the online experience
07-01 22:48:21.565  2035  2035 I F_C.LibraryFilteredCard: Card com.amazon.avodlibrary-video does not support the offline experience
07-01 22:48:21.565  2035  2035 I F_C.LibraryFilteredCard: Start processing card {producerId=com.audible.application.kindle,cardId=-1431570448}
07-01 22:48:21.565  2035  2035 I F_C.LibraryFilteredCard: Not aggregate Card, processing complete {producerId=com.audible.application.kindle,cardId=-921113896}
07-01 22:48:21.565  2035  2035 I F_C.LibraryFilteredCard: Not aggregate Card, processing complete {producerId=com.audible.application.kindle,cardId=-26380392}
07-01 22:48:21.565  2035  2035 I F_C.LibraryFilteredCard: Processing complete {producerId=com.audible.application.kindle,cardId=-1431570448}
07-01 22:48:21.566  2035  2035 I F_C.LibraryFilteredCard: Not aggregate Card, processing complete {producerId=com.audible.application.kindle,cardId=-921113896}
07-01 22:48:21.566  2035  2035 I F_C.LibraryFilteredCard: Not aggregate Card, processing complete {producerId=com.audible.application.kindle,cardId=-26380392}
07-01 22:48:21.566  2035  2035 I F_C.LibraryFilteredCard: Processing complete {producerId=com.audible.application.kindle,cardId=-1431570448}
07-01 22:48:21.566  2035  2035 I F_C.LibraryFilteredCard: Filtering out {producerId=com.audible.application.kindle,cardId=-921113896}, target: LIBRARY/com.audible.application.kindle:library-audible, filter: ConnectionCardFilters.OFFLINE_ONLY
07-01 22:48:21.566  2035  2035 I F_C.LibraryFilteredCard: Filtering out {producerId=com.audible.application.kindle,cardId=-26380392}, target: LIBRARY/com.audible.application.kindle:library-audible, filter: ConnectionCardFilters.OFFLINE_ONLY
07-01 22:48:21.566  2035  2035 I F_C.LibraryFilteredCard: Card is empty {producerId=com.audible.application.kindle,cardId=-1431570448}
07-01 22:48:21.567  2035  2035 I F_C.LibraryFilteredCard: Card com.audible.application.kindlelibrary-audible contains at least 1 child that supports the online experience
07-01 22:48:21.567  2035  2035 I F_C.LibraryFilteredCard: Card com.audible.application.kindlelibrary-audible does not support the offline experience
07-01 22:48:21.567  2035  2035 I F_C.LibraryFilteredCard: Start processing card {producerId=com.amazon.mp3,cardId=1399549587}
07-01 22:48:21.567  2035  2035 I F_C.LibraryFilteredCard: Card is empty {producerId=com.amazon.mp3,cardId=1399549587}
07-01 22:48:21.567  2035  2035 I F_C.LibraryFilteredCard: Card com.amazon.mp3library-music filtered by non connectivity filters
07-01 22:48:21.568  2035  2035 I F_C.LibraryFilteredCard: Start processing card {producerId=com.amazon.imdb.tv.mobile.app,cardId=1407489257}
07-01 22:48:21.568  2035  2035 I F_C.LibraryFilteredCard: Card is empty {producerId=com.amazon.imdb.tv.mobile.app,cardId=1407489257}
07-01 22:48:21.568  2035  2035 I F_C.LibraryFilteredCard: Card com.amazon.imdb.tv.mobile.applibrary-video filtered by non connectivity filters
07-01 22:48:21.569  2035  2035 I F_C.SectionExpandStates: bind() - dataSource not yet registered
07-01 22:48:21.569  2035  2035 I chatty  : uid=10092(com.amazon.firelauncher) identical 20 lines
07-01 22:48:21.569  2035  2035 I F_C.SectionExpandStates: bind() - dataSource not yet registered
07-01 22:48:21.570  2035  2035 I F_C.LibraryFilteredCard: Start processing card {producerId=com.amazon.kindle,cardId=-1902740761}
07-01 22:48:21.570  2035  2035 I F_C.LibraryFilteredCard: Not aggregate Card, processing complete {producerId=com.amazon.kindle,cardId=-429957087}
07-01 22:48:21.570  2035  2035 I F_C.LibraryFilteredCard: Not aggregate Card, processing complete {producerId=com.amazon.kindle,cardId=1314232813}
07-01 22:48:21.570  2035  2035 I F_C.LibraryFilteredCard: Not aggregate Card, processing complete {producerId=com.amazon.kindle,cardId=-1930869496}
07-01 22:48:21.570  2035  2035 I F_C.LibraryFilteredCard: Not aggregate Card, processing complete {producerId=com.amazon.kindle,cardId=-335311499}
07-01 22:48:21.570  2035  2035 I F_C.LibraryFilteredCard: Processing complete {producerId=com.amazon.kindle,cardId=-1902740761}
07-01 22:48:21.571  2035  2035 I F_C.LibraryFilteredCard: Not aggregate Card, processing complete {producerId=com.amazon.kindle,cardId=-429957087}
07-01 22:48:21.571  2035  2035 I F_C.LibraryFilteredCard: Filtering out {producerId=com.amazon.kindle,cardId=1314232813}, target: LIBRARY/com.amazon.kindle:KindleParentCard, filter: ConnectionCardFilters.ONLINE_ONLY
07-01 22:48:21.571  2035  2035 I F_C.LibraryFilteredCard: Not aggregate Card, processing complete {producerId=com.amazon.kindle,cardId=-1930869496}
07-01 22:48:21.571  2035  2035 I F_C.LibraryFilteredCard: Not aggregate Card, processing complete {producerId=com.amazon.kindle,cardId=-335311499}
07-01 22:48:21.571  2035  2035 I F_C.LibraryFilteredCard: Processing complete {producerId=com.amazon.kindle,cardId=-1902740761}
07-01 22:48:21.572  2035  2035 I F_C.LibraryFilteredCard: Filtering out {producerId=com.amazon.kindle,cardId=-429957087}, target: LIBRARY/com.amazon.kindle:KindleParentCard, filter: ConnectionCardFilters.OFFLINE_ONLY
07-01 22:48:21.572  2035  2035 I F_C.LibraryFilteredCard: Not aggregate Card, processing complete {producerId=com.amazon.kindle,cardId=1314232813}
07-01 22:48:21.572  2035  2035 I F_C.LibraryFilteredCard: Filtering out {producerId=com.amazon.kindle,cardId=-1930869496}, target: LIBRARY/com.amazon.kindle:KindleParentCard, filter: ConnectionCardFilters.OFFLINE_ONLY
07-01 22:48:21.572  2035  2035 I F_C.LibraryFilteredCard: Filtering out {producerId=com.amazon.kindle,cardId=-335311499}, target: LIBRARY/com.amazon.kindle:KindleParentCard, filter: ConnectionCardFilters.OFFLINE_ONLY
07-01 22:48:21.572  2035  2035 I F_C.LibraryFilteredCard: Processing complete {producerId=com.amazon.kindle,cardId=-1902740761}
07-01 22:48:21.573  2035  2035 I F_C.LibraryFilteredCard: Card com.amazon.kindleKindleParentCard contains at least 1 child that supports the online experience
07-01 22:48:21.573  2035  2035 I F_C.LibraryFilteredCard: Card com.amazon.kindleKindleParentCard contains at least 1 child that supports the offline experience
07-01 22:48:21.573  2035  2035 I F_C.LibraryFilteredCard: Start processing card {producerId=com.amazon.venezia,cardId=-1756330940}
07-01 22:48:21.573  2035  2035 I F_C.LibraryFilteredCard: Not aggregate Card, processing complete {producerId=com.amazon.firelauncher.fireappscardproducer,cardId=14886992}
07-01 22:48:21.573  2035  2035 I F_C.LibraryFilteredCard: Not aggregate Card, processing complete {producerId=com.amazon.venezia,cardId=973098305}
07-01 22:48:21.573  2035  2035 I F_C.LibraryFilteredCard: Processing complete {producerId=com.amazon.venezia,cardId=-1756330940}
07-01 22:48:21.573  2035  2035 I F_C.LibraryFilteredCard: Not aggregate Card, processing complete {producerId=com.amazon.firelauncher.fireappscardproducer,cardId=14886992}
07-01 22:48:21.573  2035  2035 I F_C.LibraryFilteredCard: Not aggregate Card, processing complete {producerId=com.amazon.venezia,cardId=973098305}
07-01 22:48:21.574  2035  2035 I F_C.LibraryFilteredCard: Processing complete {producerId=com.amazon.venezia,cardId=-1756330940}
07-01 22:48:21.574  2035  2035 I F_C.LibraryFilteredCard: Not aggregate Card, processing complete {producerId=com.amazon.firelauncher.fireappscardproducer,cardId=14886992}
07-01 22:48:21.574  2035  2035 I F_C.LibraryFilteredCard: Filtering out {producerId=com.amazon.venezia,cardId=973098305}, target: LIBRARY/com.amazon.venezia:library-apps, filter: ConnectionCardFilters.OFFLINE_ONLY
07-01 22:48:21.574  2035  2035 I F_C.LibraryFilteredCard: Processing complete {producerId=com.amazon.venezia,cardId=-1756330940}
07-01 22:48:21.574  2035  2035 I F_C.LibraryFilteredCard: Card com.amazon.venezialibrary-apps contains at least 1 child that supports the online experience
07-01 22:48:21.574  2035  2035 I F_C.LibraryFilteredCard: Card com.amazon.venezialibrary-apps contains at least 1 child that supports the offline experience
07-01 22:48:21.574  2035  2035 I F_C.LibraryFilteredCard: Start processing card {producerId=com.amazon.venezia,cardId=1393406767}
07-01 22:48:21.574  2035  2035 I F_C.LibraryFilteredCard: Not aggregate Card, processing complete {producerId=com.amazon.venezia,cardId=449818998}
07-01 22:48:21.574  2035  2035 I F_C.LibraryFilteredCard: Processing complete {producerId=com.amazon.venezia,cardId=1393406767}
07-01 22:48:21.575  2035  2035 I F_C.LibraryFilteredCard: Not aggregate Card, processing complete {producerId=com.amazon.venezia,cardId=449818998}
07-01 22:48:21.575  2035  2035 I F_C.LibraryFilteredCard: Processing complete {producerId=com.amazon.venezia,cardId=1393406767}
07-01 22:48:21.575  2035  2035 I F_C.LibraryFilteredCard: Filtering out {producerId=com.amazon.venezia,cardId=449818998}, target: LIBRARY/com.amazon.venezia:library-games, filter: ConnectionCardFilters.OFFLINE_ONLY
07-01 22:48:21.575  2035  2035 I F_C.LibraryFilteredCard: Card is empty {producerId=com.amazon.venezia,cardId=1393406767}
07-01 22:48:21.575  2035  2035 I F_C.LibraryFilteredCard: Card com.amazon.venezialibrary-games contains at least 1 child that supports the online experience
07-01 22:48:21.575  2035  2035 I F_C.LibraryFilteredCard: Card com.amazon.venezialibrary-games does not support the offline experience
07-01 22:48:21.575  2035  2035 I F_C.LibraryFilteredCard: Start processing card {producerId=com.amazon.cloud9.contentservice,cardId=-1755801561}
07-01 22:48:21.575  2035  2035 I F_C.LibraryFilteredCard: Not aggregate Card, processing complete {producerId=com.amazon.cloud9.contentservice,cardId=1029989062}
07-01 22:48:21.575  2035  2035 I F_C.LibraryFilteredCard: Processing complete {producerId=com.amazon.cloud9.contentservice,cardId=-1755801561}
07-01 22:48:21.575  2035  2035 I F_C.LibraryFilteredCard: Not aggregate Card, processing complete {producerId=com.amazon.cloud9.contentservice,cardId=1029989062}
07-01 22:48:21.575  2035  2035 I F_C.LibraryFilteredCard: Processing complete {producerId=com.amazon.cloud9.contentservice,cardId=-1755801561}
07-01 22:48:21.575  2035  2035 I F_C.LibraryFilteredCard: Filtering out {producerId=com.amazon.cloud9.contentservice,cardId=-1755801561}, target: LIBRARY, filter: ConnectionCardFilters.OFFLINE_ONLY
07-01 22:48:21.575  2035  2035 I F_C.LibraryFilteredCard: Card com.amazon.cloud9.contentservicelibrary-silk contains at least 1 child that supports the online experience
07-01 22:48:21.575  2035  2035 I F_C.LibraryFilteredCard: Card com.amazon.cloud9.contentservicelibrary-silk does not support the offline experience
07-01 22:48:21.576  2035  2035 I F_C.LibraryFilteredCard: Start processing card {producerId=com.amazon.avod,cardId=1407489257}
07-01 22:48:21.576  2035  2035 I F_C.LibraryFilteredCard: Not aggregate Card, processing complete {producerId=com.amazon.avod,cardId=-279883710}
07-01 22:48:21.576  2035  2035 I F_C.LibraryFilteredCard: Processing complete {producerId=com.amazon.avod,cardId=1407489257}
07-01 22:48:21.576  2035  2035 I F_C.LibraryFilteredCard: Not aggregate Card, processing complete {producerId=com.amazon.avod,cardId=-279883710}
07-01 22:48:21.576  2035  2035 I F_C.LibraryFilteredCard: Processing complete {producerId=com.amazon.avod,cardId=1407489257}
07-01 22:48:21.576  2035  2035 I F_C.LibraryFilteredCard: Filtering out {producerId=com.amazon.avod,cardId=-279883710}, target: LIBRARY/com.amazon.avod:library-video, filter: ConnectionCardFilters.OFFLINE_ONLY
07-01 22:48:21.576  2035  2035 I F_C.LibraryFilteredCard: Card is empty {producerId=com.amazon.avod,cardId=1407489257}
07-01 22:48:21.576  2035  2035 I F_C.LibraryFilteredCard: Card com.amazon.avodlibrary-video contains at least 1 child that supports the online experience
07-01 22:48:21.576  2035  2035 I F_C.LibraryFilteredCard: Card com.amazon.avodlibrary-video does not support the offline experience
07-01 22:48:21.576  2035  2035 I F_C.LibraryFilteredCard: Start processing card {producerId=com.audible.application.kindle,cardId=-1431570448}
07-01 22:48:21.576  2035  2035 I F_C.LibraryFilteredCard: Not aggregate Card, processing complete {producerId=com.audible.application.kindle,cardId=-921113896}
07-01 22:48:21.576  2035  2035 I F_C.LibraryFilteredCard: Not aggregate Card, processing complete {producerId=com.audible.application.kindle,cardId=-26380392}
07-01 22:48:21.576  2035  2035 I F_C.LibraryFilteredCard: Processing complete {producerId=com.audible.application.kindle,cardId=-1431570448}
07-01 22:48:21.577  2035  2035 I F_C.LibraryFilteredCard: Not aggregate Card, processing complete {producerId=com.audible.application.kindle,cardId=-921113896}
07-01 22:48:21.577  2035  2035 I F_C.LibraryFilteredCard: Not aggregate Card, processing complete {producerId=com.audible.application.kindle,cardId=-26380392}
07-01 22:48:21.577  2035  2035 I F_C.LibraryFilteredCard: Processing complete {producerId=com.audible.application.kindle,cardId=-1431570448}
07-01 22:48:21.578  2035  2035 I F_C.LibraryFilteredCard: Filtering out {producerId=com.audible.application.kindle,cardId=-921113896}, target: LIBRARY/com.audible.application.kindle:library-audible, filter: ConnectionCardFilters.OFFLINE_ONLY
07-01 22:48:21.578  2035  2035 I F_C.LibraryFilteredCard: Filtering out {producerId=com.audible.application.kindle,cardId=-26380392}, target: LIBRARY/com.audible.application.kindle:library-audible, filter: ConnectionCardFilters.OFFLINE_ONLY
07-01 22:48:21.578  2035  2035 I F_C.LibraryFilteredCard: Card is empty {producerId=com.audible.application.kindle,cardId=-1431570448}
07-01 22:48:21.578  2035  2035 I F_C.LibraryFilteredCard: Card com.audible.application.kindlelibrary-audible contains at least 1 child that supports the online experience
07-01 22:48:21.578  2035  2035 I F_C.LibraryFilteredCard: Card com.audible.application.kindlelibrary-audible does not support the offline experience
07-01 22:48:21.578  2035  2035 I F_C.LibraryFilteredCard: Start processing card {producerId=com.amazon.mp3,cardId=1399549587}
07-01 22:48:21.578  2035  2035 I F_C.LibraryFilteredCard: Card is empty {producerId=com.amazon.mp3,cardId=1399549587}
07-01 22:48:21.578  2035  2035 I F_C.LibraryFilteredCard: Card com.amazon.mp3library-music filtered by non connectivity filters
07-01 22:48:21.578  2035  2035 I F_C.LibraryFilteredCard: Start processing card {producerId=com.amazon.imdb.tv.mobile.app,cardId=1407489257}
07-01 22:48:21.578  2035  2035 I F_C.LibraryFilteredCard: Card is empty {producerId=com.amazon.imdb.tv.mobile.app,cardId=1407489257}
07-01 22:48:21.578  2035  2035 I F_C.LibraryFilteredCard: Card com.amazon.imdb.tv.mobile.applibrary-video filtered by non connectivity filters
07-01 22:48:21.579  2035  2035 I F_C.LibraryState: Got 2 empty sections, 6 populated sections, 9 total sections.
07-01 22:48:21.579  2035  2035 I F_C.LibraryState: Channel already populated, Not transitioning out of POPULATED
07-01 22:48:21.579  2035  2035 I F_C.LibraryState: Not changing population state. Current state: POPULATED
07-01 22:48:22.603  2035  3941 I F_C.BaseRecencyManager: Recency order has not changed
07-01 22:48:22.630  1909  1909 E SPCH-SIM_UserActivityModel: lastUserActivityTime not found in power manager dump
07-01 22:48:23.012 21445 21445 I dex2oat : Large app, accepted running with swap.
07-01 22:48:23.901 21445 21447 W dex2oat : Accessing hidden method Landroid/media/ImageWriter;->newInstance(Landroid/view/Surface;II)Landroid/media/ImageWriter; (dark greylist, linking)
07-01 22:48:23.915 21445 21445 W dex2oat : Accessing hidden method Landroid/media/ImageWriter;->newInstance(Landroid/view/Surface;II)Landroid/media/ImageWriter; (dark greylist, linking)
07-01 22:48:24.249 21445 21450 W dex2oat : Class androidx.compose.runtime.snapshots.SnapshotStateMap failed lock verification and will run slower.
07-01 22:48:24.249 21445 21450 W dex2oat : Common causes for lock verification issues are non-optimized dex code
07-01 22:48:24.249 21445 21450 W dex2oat : and incorrect proguard optimizations.
07-01 22:48:24.250 21445 21451 W dex2oat : Class androidx.compose.runtime.snapshots.SnapshotStateList failed lock verification and will run slower.
07-01 22:48:24.292 21445 21452 W dex2oat : Accessing hidden method Landroid/view/RenderNode;->getAmbientShadowColor()I (dark greylist, linking)
07-01 22:48:24.292 21445 21452 W dex2oat : Accessing hidden method Landroid/view/RenderNode;->getSpotShadowColor()I (dark greylist, linking)
07-01 22:48:24.292 21445 21452 W dex2oat : Accessing hidden method Landroid/view/RenderNode;->setAmbientShadowColor(I)Z (dark greylist, linking)
07-01 22:48:24.292 21445 21452 W dex2oat : Accessing hidden method Landroid/view/RenderNode;->setSpotShadowColor(I)Z (dark greylist, linking)
07-01 22:48:24.293 21445 21447 W dex2oat : Accessing hidden method Landroid/view/RenderNode;->getScaleX()F (dark greylist, linking)
07-01 22:48:24.293 21445 21447 W dex2oat : Accessing hidden method Landroid/view/RenderNode;->setScaleX(F)Z (dark greylist, linking)
07-01 22:48:24.293 21445 21447 W dex2oat : Accessing hidden method Landroid/view/RenderNode;->getScaleY()F (dark greylist, linking)
07-01 22:48:24.293 21445 21447 W dex2oat : Accessing hidden method Landroid/view/RenderNode;->setScaleY(F)Z (dark greylist, linking)
07-01 22:48:24.293 21445 21447 W dex2oat : Accessing hidden method Landroid/view/RenderNode;->getTranslationX()F (dark greylist, linking)
07-01 22:48:24.294 21445 21447 W dex2oat : Accessing hidden method Landroid/view/RenderNode;->setTranslationX(F)Z (dark greylist, linking)
07-01 22:48:24.294 21445 21447 W dex2oat : Accessing hidden method Landroid/view/RenderNode;->getTranslationY()F (dark greylist, linking)
07-01 22:48:24.294 21445 21447 W dex2oat : Accessing hidden method Landroid/view/RenderNode;->setTranslationY(F)Z (dark greylist, linking)
07-01 22:48:24.294 21445 21447 W dex2oat : Accessing hidden method Landroid/view/RenderNode;->getElevation()F (dark greylist, linking)
07-01 22:48:24.294 21445 21447 W dex2oat : Accessing hidden method Landroid/view/RenderNode;->setElevation(F)Z (dark greylist, linking)
07-01 22:48:24.294 21445 21447 W dex2oat : Accessing hidden method Landroid/view/RenderNode;->getRotation()F (dark greylist, linking)
07-01 22:48:24.294 21445 21447 W dex2oat : Accessing hidden method Landroid/view/RenderNode;->setRotation(F)Z (dark greylist, linking)
07-01 22:48:24.294 21445 21447 W dex2oat : Accessing hidden method Landroid/view/RenderNode;->getRotationX()F (dark greylist, linking)
07-01 22:48:24.294 21445 21447 W dex2oat : Accessing hidden method Landroid/view/RenderNode;->setRotationX(F)Z (dark greylist, linking)
07-01 22:48:24.294 21445 21447 W dex2oat : Accessing hidden method Landroid/view/RenderNode;->getRotationY()F (dark greylist, linking)
07-01 22:48:24.294 21445 21447 W dex2oat : Accessing hidden method Landroid/view/RenderNode;->setRotationY(F)Z (dark greylist, linking)
07-01 22:48:24.294 21445 21447 W dex2oat : Accessing hidden method Landroid/view/RenderNode;->getCameraDistance()F (dark greylist, linking)
07-01 22:48:24.294 21445 21447 W dex2oat : Accessing hidden method Landroid/view/RenderNode;->setCameraDistance(F)Z (dark greylist, linking)
07-01 22:48:24.294 21445 21447 W dex2oat : Accessing hidden method Landroid/view/RenderNode;->getPivotX()F (dark greylist, linking)
07-01 22:48:24.294 21445 21447 W dex2oat : Accessing hidden method Landroid/view/RenderNode;->setPivotX(F)Z (dark greylist, linking)
07-01 22:48:24.294 21445 21447 W dex2oat : Accessing hidden method Landroid/view/RenderNode;->getPivotY()F (dark greylist, linking)
07-01 22:48:24.294 21445 21447 W dex2oat : Accessing hidden method Landroid/view/RenderNode;->setPivotY(F)Z (dark greylist, linking)
07-01 22:48:24.295 21445 21447 W dex2oat : Accessing hidden method Landroid/view/RenderNode;->getClipToOutline()Z (dark greylist, linking)
07-01 22:48:24.295 21445 21447 W dex2oat : Accessing hidden method Landroid/view/RenderNode;->setClipToOutline(Z)Z (dark greylist, linking)
07-01 22:48:24.295 21445 21447 W dex2oat : Accessing hidden method Landroid/view/RenderNode;->getAlpha()F (dark greylist, linking)
07-01 22:48:24.295 21445 21447 W dex2oat : Accessing hidden method Landroid/view/RenderNode;->setAlpha(F)Z (dark greylist, linking)
07-01 22:48:24.295 21445 21447 W dex2oat : Accessing hidden method Landroid/view/RenderNode;->offsetTopAndBottom(I)Z (dark greylist, linking)
07-01 22:48:24.295 21445 21447 W dex2oat : Accessing hidden method Landroid/view/RenderNode;->setLayerType(I)Z (dark greylist, linking)
07-01 22:48:24.295 21445 21447 W dex2oat : Accessing hidden method Landroid/view/RenderNode;->hasOverlappingRendering()Z (dark greylist, linking)
07-01 22:48:24.295 21445 21447 W dex2oat : Accessing hidden method Landroid/view/RenderNode;->setClipToOutline(Z)Z (dark greylist, linking)
07-01 22:48:24.295 21445 21447 W dex2oat : Accessing hidden method Landroid/view/RenderNode;->setClipToOutline(Z)Z (dark greylist, linking)
07-01 22:48:24.296 21445 21447 W dex2oat : Accessing hidden method Landroid/view/RenderNode;->setLayerType(I)Z (dark greylist, linking)
07-01 22:48:24.296 21445 21447 W dex2oat : Accessing hidden method Landroid/view/RenderNode;->setLayerPaint(Landroid/graphics/Paint;)Z (dark greylist, linking)
07-01 22:48:24.296 21445 21447 W dex2oat : Accessing hidden method Landroid/view/RenderNode;->setLayerType(I)Z (dark greylist, linking)
07-01 22:48:24.296 21445 21447 W dex2oat : Accessing hidden method Landroid/view/RenderNode;->setLayerPaint(Landroid/graphics/Paint;)Z (dark greylist, linking)
07-01 22:48:24.296 21445 21447 W dex2oat : Accessing hidden method Landroid/view/RenderNode;->setLayerType(I)Z (dark greylist, linking)
07-01 22:48:24.296 21445 21447 W dex2oat : Accessing hidden method Landroid/view/RenderNode;->setLayerPaint(Landroid/graphics/Paint;)Z (dark greylist, linking)
07-01 22:48:24.304 21445 21447 W dex2oat : Accessing hidden method Landroid/view/RenderNode;->getMatrix(Landroid/graphics/Matrix;)V (dark greylist, linking)
07-01 22:48:24.305 21445 21447 W dex2oat : Accessing hidden method Landroid/view/RenderNode;->setAlpha(F)Z (dark greylist, linking)
07-01 22:48:24.305 21445 21447 W dex2oat : Accessing hidden method Landroid/view/RenderNode;->setCameraDistance(F)Z (dark greylist, linking)
07-01 22:48:24.305 21445 21447 W dex2oat : Accessing hidden method Landroid/view/RenderNode;->setLayerPaint(Landroid/graphics/Paint;)Z (dark greylist, linking)
07-01 22:48:24.305 21445 21447 W dex2oat : Accessing hidden method Landroid/view/RenderNode;->setOutline(Landroid/graphics/Outline;)Z (dark greylist, linking)
07-01 22:48:24.306 21445 21447 W dex2oat : Accessing hidden method Landroid/view/RenderNode;->setPivotX(F)Z (dark greylist, linking)
07-01 22:48:24.306 21445 21447 W dex2oat : Accessing hidden method Landroid/view/RenderNode;->setPivotY(F)Z (dark greylist, linking)
07-01 22:48:24.306 21445 21447 W dex2oat : Accessing hidden method Landroid/view/RenderNode;->setPivotX(F)Z (dark greylist, linking)
07-01 22:48:24.306 21445 21447 W dex2oat : Accessing hidden method Landroid/view/RenderNode;->setPivotY(F)Z (dark greylist, linking)
07-01 22:48:24.306 21445 21447 W dex2oat : Accessing hidden method Landroid/view/RenderNode;->setPivotX(F)Z (dark greylist, linking)
07-01 22:48:24.306 21445 21447 W dex2oat : Accessing hidden method Landroid/view/RenderNode;->setPivotY(F)Z (dark greylist, linking)
07-01 22:48:24.306 21445 21447 W dex2oat : Accessing hidden method Landroid/view/RenderNode;->setRotationX(F)Z (dark greylist, linking)
07-01 22:48:24.306 21445 21447 W dex2oat : Accessing hidden method Landroid/view/RenderNode;->setRotationY(F)Z (dark greylist, linking)
07-01 22:48:24.306 21445 21447 W dex2oat : Accessing hidden method Landroid/view/RenderNode;->setRotation(F)Z (dark greylist, linking)
07-01 22:48:24.306 21445 21447 W dex2oat : Accessing hidden method Landroid/view/RenderNode;->setScaleX(F)Z (dark greylist, linking)
07-01 22:48:24.306 21445 21447 W dex2oat : Accessing hidden method Landroid/view/RenderNode;->setScaleY(F)Z (dark greylist, linking)
07-01 22:48:24.306 21445 21447 W dex2oat : Accessing hidden method Landroid/view/RenderNode;->setElevation(F)Z (dark greylist, linking)
07-01 22:48:24.307 21445 21447 W dex2oat : Accessing hidden method Landroid/view/RenderNode;->setTranslationX(F)Z (dark greylist, linking)
07-01 22:48:24.307 21445 21447 W dex2oat : Accessing hidden method Landroid/view/RenderNode;->setTranslationY(F)Z (dark greylist, linking)
07-01 22:48:24.357 21445 21453 W dex2oat : Accessing hidden method Landroid/view/RenderNode;->getScaleX()F (dark greylist, linking)
07-01 22:48:24.357 21445 21453 W dex2oat : Accessing hidden method Landroid/view/RenderNode;->setScaleX(F)Z (dark greylist, linking)
07-01 22:48:24.358 21445 21453 W dex2oat : Accessing hidden method Landroid/view/RenderNode;->getScaleY()F (dark greylist, linking)
07-01 22:48:24.358 21445 21453 W dex2oat : Accessing hidden method Landroid/view/RenderNode;->setScaleY(F)Z (dark greylist, linking)
07-01 22:48:24.358 21445 21453 W dex2oat : Accessing hidden method Landroid/view/RenderNode;->getTranslationX()F (dark greylist, linking)
07-01 22:48:24.358 21445 21453 W dex2oat : Accessing hidden method Landroid/view/RenderNode;->setTranslationX(F)Z (dark greylist, linking)
07-01 22:48:24.358 21445 21453 W dex2oat : Accessing hidden method Landroid/view/RenderNode;->getTranslationY()F (dark greylist, linking)
07-01 22:48:24.358 21445 21453 W dex2oat : Accessing hidden method Landroid/view/RenderNode;->setTranslationY(F)Z (dark greylist, linking)
07-01 22:48:24.358 21445 21453 W dex2oat : Accessing hidden method Landroid/view/RenderNode;->getElevation()F (dark greylist, linking)
07-01 22:48:24.358 21445 21453 W dex2oat : Accessing hidden method Landroid/view/RenderNode;->setElevation(F)Z (dark greylist, linking)
07-01 22:48:24.358 21445 21453 W dex2oat : Accessing hidden method Landroid/view/RenderNode;->getRotation()F (dark greylist, linking)
07-01 22:48:24.358 21445 21453 W dex2oat : Accessing hidden method Landroid/view/RenderNode;->setRotation(F)Z (dark greylist, linking)
07-01 22:48:24.358 21445 21453 W dex2oat : Accessing hidden method Landroid/view/RenderNode;->getRotationX()F (dark greylist, linking)
07-01 22:48:24.358 21445 21453 W dex2oat : Accessing hidden method Landroid/view/RenderNode;->setRotationX(F)Z (dark greylist, linking)
07-01 22:48:24.358 21445 21453 W dex2oat : Accessing hidden method Landroid/view/RenderNode;->getRotationY()F (dark greylist, linking)
07-01 22:48:24.358 21445 21448 W dex2oat : Accessing hidden method Landroid/view/RenderNode;->getAmbientShadowColor()I (dark greylist, linking)
07-01 22:48:24.358 21445 21453 W dex2oat : Accessing hidden method Landroid/view/RenderNode;->setRotationY(F)Z (dark greylist, linking)
07-01 22:48:24.358 21445 21448 W dex2oat : Accessing hidden method Landroid/view/RenderNode;->getSpotShadowColor()I (dark greylist, linking)
07-01 22:48:24.358 21445 21448 W dex2oat : Accessing hidden method Landroid/view/RenderNode;->setAmbientShadowColor(I)Z (dark greylist, linking)
07-01 22:48:24.359 21445 21448 W dex2oat : Accessing hidden method Landroid/view/RenderNode;->setSpotShadowColor(I)Z (dark greylist, linking)
07-01 22:48:24.361 21445 21453 W dex2oat : Accessing hidden method Landroid/view/RenderNode;->getCameraDistance()F (dark greylist, linking)
07-01 22:48:24.361 21445 21453 W dex2oat : Accessing hidden method Landroid/view/RenderNode;->setCameraDistance(F)Z (dark greylist, linking)
07-01 22:48:24.361 21445 21453 W dex2oat : Accessing hidden method Landroid/view/RenderNode;->getPivotX()F (dark greylist, linking)
07-01 22:48:24.361 21445 21453 W dex2oat : Accessing hidden method Landroid/view/RenderNode;->setPivotX(F)Z (dark greylist, linking)
07-01 22:48:24.361 21445 21453 W dex2oat : Accessing hidden method Landroid/view/RenderNode;->getPivotY()F (dark greylist, linking)
07-01 22:48:24.361 21445 21453 W dex2oat : Accessing hidden method Landroid/view/RenderNode;->setPivotY(F)Z (dark greylist, linking)
07-01 22:48:24.361 21445 21453 W dex2oat : Accessing hidden method Landroid/view/RenderNode;->getClipToOutline()Z (dark greylist, linking)
07-01 22:48:24.361 21445 21453 W dex2oat : Accessing hidden method Landroid/view/RenderNode;->setClipToOutline(Z)Z (dark greylist, linking)
07-01 22:48:24.361 21445 21453 W dex2oat : Accessing hidden method Landroid/view/RenderNode;->getAlpha()F (dark greylist, linking)
07-01 22:48:24.361 21445 21453 W dex2oat : Accessing hidden method Landroid/view/RenderNode;->setAlpha(F)Z (dark greylist, linking)
07-01 22:48:24.361 21445 21453 W dex2oat : Accessing hidden method Landroid/view/RenderNode;->offsetTopAndBottom(I)Z (dark greylist, linking)
07-01 22:48:24.361 21445 21453 W dex2oat : Accessing hidden method Landroid/view/RenderNode;->setLayerType(I)Z (dark greylist, linking)
07-01 22:48:24.361 21445 21453 W dex2oat : Accessing hidden method Landroid/view/RenderNode;->hasOverlappingRendering()Z (dark greylist, linking)
07-01 22:48:24.362 21445 21453 W dex2oat : Accessing hidden method Landroid/view/RenderNode;->getScaleX()F (dark greylist, linking)
07-01 22:48:24.362 21445 21453 W dex2oat : Accessing hidden method Landroid/view/RenderNode;->getScaleY()F (dark greylist, linking)
07-01 22:48:24.362 21445 21453 W dex2oat : Accessing hidden method Landroid/view/RenderNode;->getTranslationX()F (dark greylist, linking)
07-01 22:48:24.362 21445 21453 W dex2oat : Accessing hidden method Landroid/view/RenderNode;->getTranslationY()F (dark greylist, linking)
07-01 22:48:24.362 21445 21453 W dex2oat : Accessing hidden method Landroid/view/RenderNode;->getElevation()F (dark greylist, linking)
07-01 22:48:24.362 21445 21453 W dex2oat : Accessing hidden method Landroid/view/RenderNode;->getRotation()F (dark greylist, linking)
07-01 22:48:24.362 21445 21453 W dex2oat : Accessing hidden method Landroid/view/RenderNode;->getRotationX()F (dark greylist, linking)
07-01 22:48:24.362 21445 21453 W dex2oat : Accessing hidden method Landroid/view/RenderNode;->getRotationY()F (dark greylist, linking)
07-01 22:48:24.362 21445 21453 W dex2oat : Accessing hidden method Landroid/view/RenderNode;->getCameraDistance()F (dark greylist, linking)
07-01 22:48:24.362 21445 21453 W dex2oat : Accessing hidden method Landroid/view/RenderNode;->getPivotX()F (dark greylist, linking)
07-01 22:48:24.362 21445 21453 W dex2oat : Accessing hidden method Landroid/view/RenderNode;->getPivotY()F (dark greylist, linking)
07-01 22:48:24.363 21445 21453 W dex2oat : Accessing hidden method Landroid/view/RenderNode;->getClipToOutline()Z (dark greylist, linking)
07-01 22:48:24.363 21445 21453 W dex2oat : Accessing hidden method Landroid/view/RenderNode;->getAlpha()F (dark greylist, linking)
07-01 22:48:24.363 21445 21453 W dex2oat : Accessing hidden method Landroid/view/RenderNode;->getAlpha()F (dark greylist, linking)
07-01 22:48:24.363 21445 21453 W dex2oat : Accessing hidden method Landroid/view/RenderNode;->getCameraDistance()F (dark greylist, linking)
07-01 22:48:24.363 21445 21453 W dex2oat : Accessing hidden method Landroid/view/RenderNode;->getClipToOutline()Z (dark greylist, linking)
07-01 22:48:24.363 21445 21453 W dex2oat : Accessing hidden method Landroid/view/RenderNode;->getElevation()F (dark greylist, linking)
07-01 22:48:24.363 21445 21453 W dex2oat : Accessing hidden method Landroid/view/RenderNode;->getInverseMatrix(Landroid/graphics/Matrix;)V (dark greylist, linking)
07-01 22:48:24.363 21445 21453 W dex2oat : Accessing hidden method Landroid/view/RenderNode;->getMatrix(Landroid/graphics/Matrix;)V (dark greylist, linking)
07-01 22:48:24.363 21445 21453 W dex2oat : Accessing hidden method Landroid/view/RenderNode;->getPivotX()F (dark greylist, linking)
07-01 22:48:24.364 21445 21453 W dex2oat : Accessing hidden method Landroid/view/RenderNode;->getPivotY()F (dark greylist, linking)
07-01 22:48:24.364 21445 21453 W dex2oat : Accessing hidden method Landroid/view/RenderNode;->getRotationX()F (dark greylist, linking)
07-01 22:48:24.364 21445 21453 W dex2oat : Accessing hidden method Landroid/view/RenderNode;->getRotationY()F (dark greylist, linking)
07-01 22:48:24.364 21445 21453 W dex2oat : Accessing hidden method Landroid/view/RenderNode;->getRotation()F (dark greylist, linking)
07-01 22:48:24.364 21445 21453 W dex2oat : Accessing hidden method Landroid/view/RenderNode;->getScaleX()F (dark greylist, linking)
07-01 22:48:24.364 21445 21453 W dex2oat : Accessing hidden method Landroid/view/RenderNode;->getScaleY()F (dark greylist, linking)
07-01 22:48:24.364 21445 21453 W dex2oat : Accessing hidden method Landroid/view/RenderNode;->getTranslationX()F (dark greylist, linking)
07-01 22:48:24.364 21445 21453 W dex2oat : Accessing hidden method Landroid/view/RenderNode;->getTranslationY()F (dark greylist, linking)
07-01 22:48:24.364 21445 21453 W dex2oat : Accessing hidden method Landroid/view/RenderNode;->hasOverlappingRendering()Z (dark greylist, linking)
07-01 22:48:24.364 21445 21453 W dex2oat : Accessing hidden method Landroid/view/RenderNode;->offsetTopAndBottom(I)Z (dark greylist, linking)
07-01 22:48:24.365 21445 21453 W dex2oat : Accessing hidden method Landroid/view/RenderNode;->setAlpha(F)Z (dark greylist, linking)
07-01 22:48:24.365 21445 21453 W dex2oat : Accessing hidden method Landroid/view/RenderNode;->setCameraDistance(F)Z (dark greylist, linking)
07-01 22:48:24.365 21445 21453 W dex2oat : Accessing hidden method Landroid/view/RenderNode;->setClipToOutline(Z)Z (dark greylist, linking)
07-01 22:48:24.365 21445 21453 W dex2oat : Accessing hidden method Landroid/view/RenderNode;->setLayerType(I)Z (dark greylist, linking)
07-01 22:48:24.365 21445 21453 I chatty  : uid=50175(com.lonetechwiz.hearthshelf) Compiler driver identical 1 line
07-01 22:48:24.365 21445 21453 W dex2oat : Accessing hidden method Landroid/view/RenderNode;->setLayerType(I)Z (dark greylist, linking)
07-01 22:48:24.365 21445 21453 W dex2oat : Accessing hidden method Landroid/view/RenderNode;->setElevation(F)Z (dark greylist, linking)
07-01 22:48:24.365 21445 21453 W dex2oat : Accessing hidden method Landroid/view/RenderNode;->setOutline(Landroid/graphics/Outline;)Z (dark greylist, linking)
07-01 22:48:24.365 21445 21453 W dex2oat : Accessing hidden method Landroid/view/RenderNode;->setPivotX(F)Z (dark greylist, linking)
07-01 22:48:24.366 21445 21453 W dex2oat : Accessing hidden method Landroid/view/RenderNode;->setPivotY(F)Z (dark greylist, linking)
07-01 22:48:24.366 21445 21453 W dex2oat : Accessing hidden method Landroid/view/RenderNode;->setRotationX(F)Z (dark greylist, linking)
07-01 22:48:24.366 21445 21453 W dex2oat : Accessing hidden method Landroid/view/RenderNode;->setRotationY(F)Z (dark greylist, linking)
07-01 22:48:24.366 21445 21453 W dex2oat : Accessing hidden method Landroid/view/RenderNode;->setRotation(F)Z (dark greylist, linking)
07-01 22:48:24.366 21445 21453 W dex2oat : Accessing hidden method Landroid/view/RenderNode;->setScaleX(F)Z (dark greylist, linking)
07-01 22:48:24.366 21445 21453 W dex2oat : Accessing hidden method Landroid/view/RenderNode;->setScaleY(F)Z (dark greylist, linking)
07-01 22:48:24.366 21445 21453 W dex2oat : Accessing hidden method Landroid/view/RenderNode;->setTranslationX(F)Z (dark greylist, linking)
07-01 22:48:24.366 21445 21453 W dex2oat : Accessing hidden method Landroid/view/RenderNode;->setTranslationY(F)Z (dark greylist, linking)
07-01 22:48:24.401 21445 21447 W dex2oat : Accessing hidden method Landroid/graphics/Canvas;->drawPatch(Landroid/graphics/NinePatch;Landroid/graphics/Rect;Landroid/graphics/Paint;)V (dark greylist, linking)
07-01 22:48:24.402 21445 21447 W dex2oat : Accessing hidden method Landroid/graphics/Canvas;->drawPatch(Landroid/graphics/NinePatch;Landroid/graphics/RectF;Landroid/graphics/Paint;)V (dark greylist, linking)
07-01 22:48:24.402 21445 21447 W dex2oat : Accessing hidden method Landroid/graphics/Paint;->getTextBounds(Ljava/lang/CharSequence;IILandroid/graphics/Rect;)V (dark greylist, linking)
07-01 22:48:24.473   614   722 E WifiVendorHal: getWifiLinkLayerStats(l.937) failed {.code = ERROR_NOT_SUPPORTED, .description = }
07-01 22:48:24.534 21445 21447 W dex2oat : Accessing hidden method Landroid/content/res/Resources$Theme;->rebase()V (dark greylist, linking)
07-01 22:48:24.577 21445 21453 W dex2oat : Accessing hidden method Landroid/view/accessibility/AccessibilityNodeInfo$RangeInfo;-><init>(IFFF)V (dark greylist, linking)
07-01 22:48:24.581 21445 21451 W dex2oat : Accessing hidden method Landroid/view/accessibility/AccessibilityWindowInfo;-><init>()V (dark greylist, linking)
07-01 22:48:24.712 21445 21448 W dex2oat : Accessing hidden method Landroid/view/View;->setTransitionVisibility(I)V (dark greylist, linking)
07-01 22:48:24.715 21445 21445 W dex2oat : Accessing hidden method Landroid/view/View;->setTransitionVisibility(I)V (dark greylist, linking)
07-01 22:48:24.850   456   456 I thermal_repeater: socket -1
07-01 22:48:24.854 21087 21184 W WhisperLink: DPDiscovery - runAndRetry() RegisterDeviceServicesTask Attempt #1:com.amazon.dp.discovery.http.TimeoutException: makeRequestSyncDiscoveryReturnResponse - Timed out making the request.; destination: https://dp-discovery-na-ext.amazon.com:443/registerServices com.amazon.dp.discovery.client.AndroidDiscoveryClientImpl.doPost:118 com.amazon.dp.discovery.client.AndroidDiscoveryClientImpl.registerDeviceServices:7 com.amazon.whisperlink.core.android.explorers.DPDiscovery$RegisterDeviceServicesTask.execute:331 com.amazon.whisperlink.core.android.explorers.DPDiscovery.runAndRetry:481 com.amazon.whisperlink.core.android.explorers.DPDiscovery.access$500:42 com.amazon.whisperlink.core.android.explorers.DPDiscovery$1.run:207 java.util.concurrent.ThreadPoolExecutor.runWorker:1167 java.util.concurrent.ThreadPoolExecutor$Worker.run:641 java.lang.Thread.run:764;
07-01 22:48:25.306 21087 21184 I com.amazon.whisperlink.core.android/ClientSideAmazonPlatformDependencyImpl: isAmazonDevice() in ClientSideAmazonPlatformDependencyImpl is called
07-01 22:48:25.306 21087 21184 I com.amazon.whisperlink.core.android/LocalKeyValueStore: Create DE shared preference, OS supports direct boot.
07-01 22:48:25.313 21087 21184 I com.amazon.whisperlink.core.android/ClientSideAmazonPlatformDependencyImpl: isAmazonDevice() in ClientSideAmazonPlatformDependencyImpl is called
07-01 22:48:25.372 21087 21184 I com.amazon.whisperlink.core.android/ClientSideAmazonPlatformDependencyImpl: isAmazonDevice() in ClientSideAmazonPlatformDependencyImpl is called
07-01 22:48:25.372 21087 21184 I com.amazon.whisperlink.core.android/AmazonSerialNumber: MAP Client side on FireOS 7+ calls IPC to get the DSN.
07-01 22:48:25.372 21087 21184 I com.amazon.whisperlink.core.android/ClientSideAmazonPlatformDependencyImpl: isAmazonDevice() in ClientSideAmazonPlatformDependencyImpl is called
07-01 22:48:25.372 21087 21184 I com.amazon.whisperlink.core.android/LocalKeyValueStore: Create DE shared preference, OS supports direct boot.
07-01 22:48:25.373 21087 21184 I com.amazon.whisperlink.core.android/ClientSideAmazonPlatformDependencyImpl: isAmazonDevice() in ClientSideAmazonPlatformDependencyImpl is called
07-01 22:48:27.481   614   722 E WifiVendorHal: getWifiLinkLayerStats(l.937) failed {.code = ERROR_NOT_SUPPORTED, .description = }
07-01 22:48:27.675 21445 21445 W dex2oat : Accessing hidden method Landroid/content/res/Resources$Theme;->rebase()V (dark greylist, linking)
07-01 22:48:27.755   458   458 I thermal_src: recvmsg_expect 2, but get 4 
07-01 22:48:27.959 21445 21445 I dex2oat : Explicit concurrent copying GC freed 124270(14MB) AllocSpace objects, 0(0B) LOS objects, 99% free, 1264B/1537KB, paused 84us total 13.240ms
07-01 22:48:29.696 21445 21445 I dex2oat : dex2oat took 10.262s (18.435s cpu) (threads: 8) arena alloc=26KB (27112B) java alloc=17KB (17648B) native alloc=19MB (20319880B) free=6MB (6943096B) swap=16MB (16777216B)
07-01 22:48:29.747   614   648 E SELinux : avc:  denied  { grant } for  scontext=u:r:untrusted_app_25:s0:c512,c768 tcontext=u:r:system_server:s0 tclass=serendipity_perms permissive=0
07-01 22:48:29.788   614   782 W Process : Unable to open /proc/0/status
07-01 22:48:29.795   614   648 W CleanUpDalvikCache: null object found, returning
07-01 22:48:29.804   614   632 I NetworkPolicy: setUidFirewallRule() for uid = 10006, packageName = com.amazon.appverification, chain = 2, uidRules = {10006=0, 10008=0, 10009=2, 10013=2, 10014=0, 10021=0, 10022=2, 10027=0, 10029=2, 10030=2, 10031=2, 10035=2, 10037=0, 10042=2, 10044=2, 10045=0, 10047=2, 10048=2, 10050=2, 10054=2, 10059=2, 10061=2, 10062=2, 10063=2, 10064=2, 10065=2, 10067=2, 10068=2, 10069=2, 10070=0, 10071=2, 10073=2, 10074=0, 10076=2, 10078=2, 10079=0, 10080=2, 10081=2, 10082=2, 10084=2, 10085=2, 10086=2, 10087=2, 10088=2, 10090=2, 10092=0, 10093=2, 10094=2, 10095=2, 10096=2, 10097=2, 10098=2, 10099=2, 10100=0, 10101=0, 10102=2, 10103=2, 10104=2, 10105=2, 10106=0, 10107=0, 10108=2, 10109=2, 10110=2, 10111=2, 10112=0, 10113=2, 10114=2, 10115=0, 10116=2, 10117=2, 10118=2, 10119=2, 10121=2, 10122=2, 10123=0, 10125=2, 10126=2, 10127=2, 10128=0, 10129=2, 10130=2, 10131=2, 10132=2, 10133=2, 10134=0, 10136=0, 10138=0, 10140=0, 10143=2, 10148=2, 10151=2, 10155=2, 10159=2, 10162=2, 10166=2, 10167=0, 10169=2}
07-01 22:48:29.811   440   684 E         : Couldn't opendir /data/app/vmdl1408341512.tmp: No such file or directory
07-01 22:48:29.812   440   684 E installd: Failed to delete /data/app/vmdl1408341512.tmp: No such file or directory
07-01 22:48:29.819   614   633 I ActivityManager: Start proc 21461:com.amazon.appverification/u0a6 for service com.amazon.appverification/.AppVerificationApplication
07-01 22:48:29.846   614   648 I com.android.server.pm.ExternalInstallPackageManagerCallback: Installation succeeded for app com.lonetechwiz.hearthshelf on internal storage. Return code:1
07-01 22:48:29.851   456   456 I thermal_repeater: socket -1
07-01 22:48:29.861 21461 21461 E appverificatio: Not starting debugger since process cannot load the jdwp agent.
07-01 22:48:29.862   614   631 W BroadcastQueue: Background execution not allowed: receiving Intent { act=android.intent.action.PACKAGE_ADDED (has data) flg=0x4000010 (has extras) } to com.amazon.venezia/com.amazon.mas.client.locker.receiver.LockerSystemEventsBroadcastReceiver
07-01 22:48:29.863   614   631 W BroadcastQueue: Background execution not allowed: receiving Intent { act=android.intent.action.PACKAGE_ADDED (has data) flg=0x4000010 (has extras) } to com.amazon.sync.service/com.amazon.sync.framework.receivers.ApplicationChangedReceiver
07-01 22:48:29.864   614   631 W BroadcastQueue: Background execution not allowed: receiving Intent { act=android.intent.action.PACKAGE_ADDED (has data) flg=0x4000010 (has extras) } to com.amazon.venezia/com.amazon.juggler.settings.AppEventReceiver
07-01 22:48:29.865   614   631 W BroadcastQueue: Background execution not allowed: receiving Intent { act=android.intent.action.PACKAGE_ADDED (has data) flg=0x4000010 (has extras) } to amazon.speech.sim/amazon.speech.simclient.endpointstate.defaultvalue.DefaultStateTrigger
07-01 22:48:29.866   614   719 I NetworkPolicy: setUidFirewallRule() for uid = 10175, packageName = com.lonetechwiz.hearthshelf, chain = 2, uidRules = {10006=0, 10008=0, 10009=2, 10013=2, 10014=0, 10021=0, 10022=2, 10027=0, 10029=2, 10030=2, 10031=2, 10035=2, 10037=0, 10042=2, 10044=2, 10045=0, 10047=2, 10048=2, 10050=2, 10054=2, 10059=2, 10061=2, 10062=2, 10063=2, 10064=2, 10065=2, 10067=2, 10068=2, 10069=2, 10070=0, 10071=2, 10073=2, 10074=0, 10076=2, 10078=2, 10079=0, 10080=2, 10081=2, 10082=2, 10084=2, 10085=2, 10086=2, 10087=2, 10088=2, 10090=2, 10092=0, 10093=2, 10094=2, 10095=2, 10096=2, 10097=2, 10098=2, 10099=2, 10100=0, 10101=0, 10102=2, 10103=2, 10104=2, 10105=2, 10106=0, 10107=0, 10108=2, 10109=2, 10110=2, 10111=2, 10112=0, 10113=2, 10114=2, 10115=0, 10116=2, 10117=2, 10118=2, 10119=2, 10121=2, 10122=2, 10123=0, 10125=2, 10126=2, 10127=2, 10128=0, 10129=2, 10130=2, 10131=2, 10132=2, 10133=2, 10134=0, 10136=0, 10138=0, 10140=0, 10143=2, 10148=2, 10151=2, 10155=2, 10159=2, 10162=2, 10166=2, 10167=0, 10169=2, 10175=2}
07-01 22:48:29.866   614   631 W Process : Unable to open /proc/0/status
07-01 22:48:29.869  2035  2319 I F_C.PackageMonitor: onReceive: android.intent.action.PACKAGE_ADDED
07-01 22:48:29.869  2035  2319 I F_C.PackageMonitor: onReceive: android.intent.action.PACKAGE_ADDED
07-01 22:48:29.874  1909  1909 I SPCH-SIM_PackageChangedReceiver: Intent action: android.intent.action.PACKAGE_ADDED
07-01 22:48:29.874  1909  1909 I SPCH-SIM_BroadcastPackageChangedListener: Broadcasting package added
07-01 22:48:29.879  2035  2319 I F_C.PackageMonitor: onReceive: android.intent.action.PACKAGE_ADDED
07-01 22:48:29.880  2035  2262 I F_C.LibrarySectionRegis: Populating installed Library producers.
07-01 22:48:29.880  2035  2035 I F_C.PackageMonitor: onReceive: android.intent.action.PACKAGE_ADDED
07-01 22:48:29.888 21473 21473 E com.amazon.aca: Not starting debugger since process cannot load the jdwp agent.
07-01 22:48:29.889   614   633 I ActivityManager: Start proc 21473:com.amazon.aca/u0a62 for broadcast com.amazon.aca/.livecards.app.PackageChangeBroadcastReceiver
07-01 22:48:29.891  2078  2078 I EMP_1.0.18125.0_ExternalMediaPlayerAgentService: Running background enabled version. Doing nothing.
07-01 22:48:29.891  2035  2262 I F_C.LibrarySectionRegis: Retrieved 7 library producer(s) from package manager.
07-01 22:48:29.911  2035  2430 I F_C.AppManager: addPackage '-44595707'
07-01 22:48:29.911  2035  2262 I F_C.DefaultAppSuppressi: App -1817173184 isSuppressed = false for key default
07-01 22:48:29.911  2035  2262 I F_C.DefaultAppSuppressi: App -1689406723 isSuppressed = false for key US_ATVPDKIKX0DER
07-01 22:48:29.911  2035  2262 I F_C.DefaultAppSuppressi: No app suppression setting found for app: 1605450182, cor: US, pfm: ATVPDKIKX0DER
07-01 22:48:29.911  2035  2262 I F_C.DefaultAppSuppressi: No app suppression setting found for app: 1781042172, cor: US, pfm: ATVPDKIKX0DER
07-01 22:48:29.911  2035  2262 I F_C.DefaultAppSuppressi: App 807720779 isSuppressed = false for key ATVPDKIKX0DER
07-01 22:48:29.912  2035  2262 I F_C.DefaultAppSuppressi: App -633111672 isSuppressed = false for key default
07-01 22:48:29.912  2035  2262 I F_C.DefaultAppSuppressi: No app suppression setting found for app: 1377100773, cor: US, pfm: ATVPDKIKX0DER
07-01 22:48:29.912  2035  2262 I F_C.LibrarySectionRegis: Library producers count after app suppression is 7.
07-01 22:48:29.930  2035  2262 I F_C.PmSyncState: Sequence number: 0 Last boot count: -1 Current boot count 4
07-01 22:48:29.930  2035  2262 I F_C.PmSyncState: Setting full sync override to false
07-01 22:48:29.931   614 22241 E ActivityManager: Sending non-protected broadcast com.amazon.alexa.android.intent.action.PACKAGE_ADDED from system 1909:amazon.speech.sim/u0a45 pkg amazon.speech.sim
07-01 22:48:29.931   614 22241 E ActivityManager: java.lang.Throwable
07-01 22:48:29.931   614 22241 E ActivityManager: 	at com.android.server.am.ActivityManagerService.checkBroadcastFromSystem(ActivityManagerService.java:21717)
07-01 22:48:29.931   614 22241 E ActivityManager: 	at com.android.server.am.ActivityManagerService.broadcastIntentLocked(ActivityManagerService.java:22326)
07-01 22:48:29.931   614 22241 E ActivityManager: 	at com.android.server.am.ActivityManagerService.broadcastIntent(ActivityManagerService.java:22468)
07-01 22:48:29.931   614 22241 E ActivityManager: 	at android.app.IActivityManager$Stub.onTransact$broadcastIntent$(IActivityManager.java:10172)
07-01 22:48:29.931   614 22241 E ActivityManager: 	at android.app.IActivityManager$Stub.onTransact(IActivityManager.java:167)
07-01 22:48:29.931   614 22241 E ActivityManager: 	at com.android.server.am.ActivityManagerService.onTransact(ActivityManagerService.java:3360)
07-01 22:48:29.931   614 22241 E ActivityManager: 	at android.os.Binder.execTransact(Binder.java:731)
07-01 22:48:29.931 17260 17260 I SALE_SaleService: PackageStatusReceiver onReceive
07-01 22:48:29.932  2078  2078 I EMP_1.0.18125.0_ExternalMediaPlayerAgent: handleIntent: android.intent.action.PACKAGE_ADDED
07-01 22:48:29.932  2078  2078 I EMP_1.0.18125.0_DiscoveryAgent: Discovering compatible players on the device.
07-01 22:48:29.942  2035  2262 I F_C.LibraryParentSectio: Building section info from Package Manager for com.audible.application.kindle
07-01 22:48:29.944  2035  2262 I F_C.LibraryParentSectio: Building section info from Package Manager for com.amazon.mp3
07-01 22:48:29.952  2035  2262 I F_C.LibraryParentSectio: Building section info from Package Manager for com.amazon.avod
07-01 22:48:29.960  2035  2035 I F_C.PackageManagerRestr: onReceive: 11239641
07-01 22:48:29.961  2035  2430 I F_C.DefaultAppSuppressi: No app suppression setting found for app: -386963941, cor: US, pfm: ATVPDKIKX0DER
07-01 22:48:29.962  2035  2430 I F_C.FolderManager: getGridApps
07-01 22:48:29.962  2035  2430 I F_C.ForwardingPmFacade: getAllApps, skipResourceLoading=false
07-01 22:48:29.965 21294 21308 I ContentSyncFramework: Got Intent android.intent.action.PACKAGE_ADDED
07-01 22:48:29.974   614   623 I system_server: Background concurrent copying GC freed 95924(4MB) AllocSpace objects, 24(1056KB) LOS objects, 24% free, 18MB/24MB, paused 4.944ms total 165.178ms
07-01 22:48:29.977   614   624 I ActivityManager: START u0 {(has data) flg=0x2000000 cmp=com.android.packageinstaller/.InstallSuccess (has extras)} from uid 10053
07-01 22:48:29.977  2035  2430 I F_C.AllDbUnHiddenAppPro: Transaction is successful
07-01 22:48:29.978  2035  2430 I F_C.AllDbUnHiddenAppPro: Finish getting apps from AllDbUnHiddenAppProvider
07-01 22:48:29.988 17260 17279 I SALE_SaleService: PackageStatusReceiver: package added: com.lonetechwiz.hearthshelf
07-01 22:48:29.992   382   421 I vendor.mediatek.hardware.power@2.0-impl: powerHintAsync hint:8, data:1
07-01 22:48:29.993   382   420 I libPowerHal: 8: legacy set freq: 1989000 -1 1989000 -1
07-01 22:48:30.073   614   711 I InputReader: Reconfiguring input devices.  changes=0x00000010
07-01 22:48:30.087   614 22241 I AlexaModeSwitchManagerImpl: Inside getMode
07-01 22:48:30.105  1909  1909 I amazon.speech.sim/ClientSideAmazonPlatformDependencyImpl: isAmazonDevice() in ClientSideAmazonPlatformDependencyImpl is called
07-01 22:48:30.106  1909  1909 I amazon.speech.sim/ClientSideAmazonPlatformDependencyImpl: isAmazonDevice() in ClientSideAmazonPlatformDependencyImpl is called
07-01 22:48:30.114 21473 21473 I com.amazon.aca: The ClassLoaderContext is a special shared library.
07-01 22:48:30.123  1909  1909 I DeviceCapabilityServer-DeviceCapabilityTrigger: Trigger (AppChangeTrigger) has requested a capability publish, Scheduled (SCHEDULED)
07-01 22:48:30.124 21294 21308 I ContentSyncFramework: Scheduling job CLIENT_SYNC_SERVICE:PACKAGE_ADDED, with id: 2 for action android.intent.action.PACKAGE_ADDED
07-01 22:48:30.144 15386 15404 I QSB.RestrictionsManager: Refreshing restrictions took 157 ms
07-01 22:48:30.151  2035  3475 I F_C.ParentalControlCont: package manager restriction changes for com.lonetechwiz.hearthshelf
07-01 22:48:30.153  1909  2931 I SPCH-SIM_AccountRegisteredCondition: isMet
07-01 22:48:30.156  1909  1909 I SPCH-ADW_TabletWindowContract: onActivityResume() com.android.packageinstaller.InstallSuccess
07-01 22:48:30.161   614   632 W Looper  : Slow dispatch took 203ms android.ui h=com.android.server.am.ActivityManagerService$UiHandler c=null m=53
07-01 22:48:30.161 21383 21383 W ActivityThread: handleWindowVisibility: no activity for token android.os.BinderProxy@79e2481
07-01 22:48:30.162 21473 21473 I com.amazon.aca: The ClassLoaderContext is a special shared library.
07-01 22:48:30.173 21473 21473 W com.amazon.aca: ClassLoaderContext classpath size mismatch for position 0. expected=0, found=2 (PCL[] | PCL[/system/framework/org.apache.http.legacy.boot.jar*796383208:/system/framework/com.amazon.identity.auth.device.jar*2906869564])
07-01 22:48:30.191 21461 21493 E libc    : Access denied finding property "ro.product.config.type"
07-01 22:48:30.186 21461 21461 W Thread-2: type=1400 audit(0.0:415): avc: denied { read } for name="u:object_r:devicetype_prop:s0" dev="tmpfs" ino=2251 scontext=u:r:platform_app:s0:c512,c768 tcontext=u:object_r:devicetype_prop:s0 tclass=file permissive=0
07-01 22:48:30.201 21294 21308 I ContentSyncFramework: Job with id 2 schedule status is 1: 
07-01 22:48:30.202 21294 21308 I ContentSyncFramework: Scheduling job CSF_MAINTENANCE_SERVICE:PACKAGE_ADDED, with id: 1001 for action android.intent.action.PACKAGE_ADDED
07-01 22:48:30.205 21294 21308 I ContentSyncFramework: Job with id 1001 schedule status is 1: 
07-01 22:48:30.226   374 15957 W AudioALSAHardware: setParameters(), still have param.size() = 1, remain param = "continuous_audio_mode=0"
07-01 22:48:30.231   387  2085 I hash_map_utils: key: 'continuous_audio_mode' value: '0'
07-01 22:48:30.243  1909  2931 I amazon.speech.sim/ClientSideAmazonPlatformDependencyImpl: isAmazonDevice() in ClientSideAmazonPlatformDependencyImpl is called
07-01 22:48:30.250 21473 21473 I com.amazon.aca: The ClassLoaderContext is a special shared library.
07-01 22:48:30.254  1909  2931 I amazon.speech.sim/ClientSideAmazonPlatformDependencyImpl: isAmazonDevice() in ClientSideAmazonPlatformDependencyImpl is called
07-01 22:48:30.436  2078  2078 W EMP_1.0.18125.0_PlayerMetadataFactory: Defaults service com.amazon.mp3.auto.AutoMusicService version 2.0 to use PlayerMetadataV1
07-01 22:48:30.453  2035  2262 I F_C.SectionXmlLoader: Building section info(s) from section xml meta data for com.amazon.venezia
07-01 22:48:30.463   614   614 W system_server: resources.arsc in APK '/system/priv-app/DeviceClientPlatformContractsFramework/DeviceClientPlatformContractsFramework.apk' is compressed.
07-01 22:48:30.473  2035  2262 I F_C.LibraryParentSectio: Building section info from Package Manager for com.amazon.imdb.tv.mobile.app
07-01 22:48:30.489   614   722 E WifiVendorHal: getWifiLinkLayerStats(l.937) failed {.code = ERROR_NOT_SUPPORTED, .description = }
07-01 22:48:30.518  2035  2262 I F_C.SectionXmlLoader: Building section info(s) from section xml meta data for com.amazon.cloud9.contentservice
07-01 22:48:30.545  1909  2931 I amazon.speech.sim/ClientSideAmazonPlatformDependencyImpl: isAmazonDevice() in ClientSideAmazonPlatformDependencyImpl is called
07-01 22:48:30.546  1909  2931 I amazon.speech.sim/ClientSideAmazonPlatformDependencyImpl: isAmazonDevice() in ClientSideAmazonPlatformDependencyImpl is called
07-01 22:48:30.549  2035  2430 W on.firelaunche: Unknown chunk type '200'.
07-01 22:48:30.598  1909  2931 I amazon.speech.sim/ClientSideAmazonPlatformDependencyImpl: isAmazonDevice() in ClientSideAmazonPlatformDependencyImpl is called
07-01 22:48:30.611  1909  2931 I chatty  : uid=10045(com.amazon.media.session.monitor) pool-10-thread- identical 2 lines
07-01 22:48:30.611  1909  2931 I amazon.speech.sim/ClientSideAmazonPlatformDependencyImpl: isAmazonDevice() in ClientSideAmazonPlatformDependencyImpl is called
07-01 22:48:30.615  1909  2931 I DeviceCapabilityServer-DefaultCapabilityResolver: Default Capability Conflict for Capability (MediaPlayer) resolving higher version (0.2)
07-01 22:48:30.641  1909  2931 I DeviceCapabilityServer-AndroidManifestCapabilityProvider: Finished Scanning 203 Packages
07-01 22:48:30.647  1909  2931 I DeviceCapabilityServer-SerializationUtil: After merge: {"endpoints":[{"endpointId":"A1ZB65LA390I4K@redacted","legacyIdentifier":{"deviceType":"RedactedDeviceType","deviceSerialNumber":"RedactedDSN"},"manufacturerName":"amazon","description":"Amazon Alexa","friendlyName":"redacted","displayCategoriesMetadata":[{"name":"ALEXA_VOICE_ENABLED","providerType":"RESERVED_INTERNAL_ONLY_DYNAMIC","owningPackages":["amazon.speech.sim"],"clientRef":"amazon.speech.sim/amazon.afe.AFECapabilityHelper"}],"capabilities":[{"type":"AlexaInterface","interface":"Alexa.ApiGateway","version":"1.0","owningPackages":["com.amazon.alexa.multimodal.gemini"],"clientRef":"com.amazon.alexa.multimodal.gemini","providerType":"STATIC"},{"type":"AlexaInterface","interface":"LocalSearchEngine","version":"0.1","owningPackages":["amazon.speech.sim"],"clientRef":"amazon.speech.sim","providerType":"STATIC"},{"type":"AlexaInterface","interface":"Alexa.Presentation","version":"1.0","owningPackages":["com.amazon.alexa.multimodal.gemini"],"clientRef":"com.amazon.alexa.multimodal.gemini","providerType":"STATIC"},{"type":"AlexaInterface","version":"0.1","clientRef":"amazon.speech.sim","owningPackages":["amazon.speech.sim"],"providerType":"STATIC","interface":"NavigationManager"},{"type":"AlexaInterface","interface":"Alexa.PlaylistController","version":"1.0","owningPackages":["com.amazon.alexa.multimodal.gemini"],"clientRef":"com.amazon.alexa.multimodal.gemini","providerType":"STATIC"},{"type":"AlexaInterface","interface":"SpeechSynthesizer","version":"1.0","owningPackages":["amazon.speech.sim"],"clientRef":"amazon.speech.sim","providerType":"STATIC"},{"type":"AlexaInterface","interface":"Alerts","version":"0.4","owningPackages":["amazon.speech.sim"],"clientRef":"amazon.speech.sim","providerType":"STATIC"},{"type":"AlexaInterface","interface":"PlaybackController","version":"0.1","owningPackages":["amazon.speech.sim"],"clientRef":"amazon.speech.sim","providerType":"STATIC"},{"type":"AlexaInterface","interface":"MediaPlayer","version":"0.2","owningPackages":["amazon.speech.sim","com.amazon.alexa.multimodal.gemini"],"clientRef":"com.amazon.alexa.multimodal.gemini","providerType":"STATIC","configurations":{"players":"[ \"GENERAL\", \"FLASH_BRIEFING\" ]"}},{"type":"AlexaInterface","interface":"Alexa.FavoritesController","version":"1.0","owningPackages":["com.amazon.alexa.multimodal.gemini"],"clientRef":"com.amazon.alexa.multimodal.gemini","providerType":"STATIC"},{"type":"AlexaInterface","interface":"EXTERNAL_MEDIA_PLAYER_INTERFACE_VERSION","version":"1.1","owningPackages":["com.amazon.alexa.multimodal.gemini"],"clientRef":"com.amazon.alexa.multimodal.gemini","providerType":"STATIC"},{"type":"AlexaInterface","interface":"Alexa.SeekController","version":"1.0","owningPackages":["com.amazon.alexa.multimodal.gemini"],"clientRef":"com.amazon.alexa.multimodal.gemini","providerType":"STATIC"},{"type":"AlexaInterface","interface":"InteractionModel","version":"1.2","owningPackages":["amazon.speech.sim"],"clientRef":"amazon.speech.sim","providerType":"STATIC"},{"type":"AlexaInterface","interface":"Alexa.Launcher","version":"0.2","owningPackages":["com.amazon.alexa.multimodal.gemini"],"clientRef":"com.amazon.alexa.multimodal.gemini","providerType":"STATIC","configurations":{"catalogs":[{"type":"AMAZON_APP_STORE","identifierTypes":["URI_ANDROID_INTENT_SCHEME"]},{"type":"GOOGLE_PLAY_STORE","identifierTypes":["URI_ANDROID_INTENT_SCHEME"]}]}},{"type":"AlexaInterface","interface":"DuckingController","version":"1.0","owningPackages":["amazon.speech.sim"],"clientRef":"amazon.speech.sim","providerType":"STATIC"},{"type":"AlexaInterface","interface":"SpeechRecognizer","version":"2.6","owningPackages":["amazon.speech.sim"],"clientRef":"amazon.speech.sim","providerType":"STATIC","configurations":{"wakeWords":"[{\"scopes\": [\"en-US\"],\"values\": [[\"ALEXA\"],[\"AMAZON\"]]},{\"scopes\": [\"DEFAULT\"],\"values\": [[\"ALEXA\"],[\"AMAZON\"]]},{\"scopes\": [\"en\",\"de\",\"ja\"],\"values\": [[\"ALEXA\"],[\"AMAZON\"]]}]"}},{"type":"AlexaInterface
07-01 22:48:30.647  1909  2931 I DeviceCapabilityServer-SerializationUtil: ","interface":"Alexa.Display.Window","version":"1.0","owningPackages":["amazon.speech.sim"],"clientRef":"amazon.speech.sim/amazon.speech.simclient.display.devicecapability.WindowCapabilityManager","providerType":"RESERVED_INTERNAL_ONLY_DYNAMIC","configurations":{"templates":[{"id":"TabletFullScreen","type":"STANDARD","configuration":{"interactionModes":["TabletInteractionMode","ShowInteractionMode"],"sizes":[{"value":{"value":{"width":1200,"height":1920},"unit":"PIXEL"},"id":"TabletPortraitFullScreenSize","type":"DISCRETE"},{"value":{"value":{"width":1920,"height":1200},"unit":"PIXEL"},"id":"TabletLandscapeFullScreenSize","type":"DISCRETE"}]}},{"id":"TabletPartialScreen","type":"OVERLAY","configuration":{"interactionModes":["TabletInteractionMode","ShowInteractionMode"],"sizes":[{"value":{"value":{"width":640,"height":1200},"unit":"PIXEL"},"id":"TabletLandscapePartialScreenSize","type":"DISCRETE"}]}}]}},{"type":"AlexaInterface","interface":"Alexa.Presentation.APL.Video","version":"1.0","owningPackages":["com.amazon.alexa.multimodal.gemini"],"clientRef":"com.amazon.alexa.multimodal.gemini","providerType":"STATIC","configurations":{"video":{"codecs":["H_264_42","H_264_41"]}}},{"type":"AlexaInterface","interface":"VisualFocusManager","version":"0.1","owningPackages":["com.amazon.alexa.multimodal.gemini"],"clientRef":"com.amazon.alexa.multimodal.gemini","providerType":"STATIC"},{"type":"AlexaInterface","interface":"Notifications","version":"0.1","owningPackages":["amazon.speech.sim"],"clientRef":"amazon.speech.sim","providerType":"STATIC"},{"type":"AlexaInterface","interface":"Alexa.DeviceArtifactManager","version":"1.0","instance":"asset-manager","owningPackages":["amazon.speech.davs.davcservice"],"clientRef":"amazon.speech.davs.davcservice","providerType":"STATIC"},{"type":"AlexaInterface","interface":"AudioPlayer","version":"1.5","owningPackages":["com.amazon.alexa.multimodal.gemini"],"clientRef":"com.amazon.alexa.multimodal.gemini","providerType":"STATIC","configurations":{"fingerprint":{"package":"com.amazon.alexa.multimodal.gemini","buildType":"RELEASE","versionNumber":"55006"}}},{"type":"AlexaInterface","interface":"System","version":"0.2","owningPackages":["amazon.speech.sim"],"clientRef":"amazon.speech.sim","providerType":"STATIC","configurations":{"localeSwitch":false,"locales":["en-US","en-GB","de-DE","ja-JP"],"settings":["System.screenBrightness","System.adaptiveBrightness"]}},{"type":"AlexaInterface","interface":"ExternalMediaPlayer","version":"1.1","owningPackages":["com.amazon.alexa.multimodal.gemini"],"clientRef":"com.amazon.alexa.multimodal.gemini","providerType":"STATIC"},{"type":"AlexaInterface","interface":"AudioPlayer.Presentation.APL","version":"1.0","owningPackages":["com.amazon.alexa.multimodal.gemini"],"clientRef":"com.amazon.alexa.multimodal.gemini","providerType":"STATIC","configurations":{"payloadVersion":"1.0","runtime":{"maxVersion":"1.9"}}},{"type":"AlexaInterface","version":"0.1","clientRef":"amazon.speech.sim","owningPackages":["amazon.speech.sim"],"providerType":"STATIC","interface":"LegacyFlags","configurations":{"AUDIO_PLAYER_SUPPORTS_TTS_URLS":true,"SPEECH_SYNTH_SUPPORTS_TTS_URLS":false,"SUPPORTS_DIRECTIVE_STREAMING_ON_EVENT_CHANNEL":true,"VOICE_PROFILE_SWITCHING_DISABLED":true,"envelopeVersion":"20160207","SUPPORTS_PFM_CHANGED":true,"SUPPORTS_SECURE_LOCKSCREEN":true,"SUPPORTS_SCRUBBING":true,"SUPPORTS_LYRICS_IN_CARD":true,"SUPPORTS_ARBITRATION":true,"SUPPORTS_BLUETOOTH_SETTINGS_ON_DEVICE":false,"SUPPORTS_TTS_SPEECHMARKS":true,"SCREEN_WIDTH":"1280","SUPPORTS_HOME_AUTOMATION":true,"SUPPORTS_MIXING_BEHAVIOR_FOR_AUDIO_PLAYER":true,"SUPPORTS_DATAMART_NAMESPACE":"Tablet","SUPPORTS_KEYS_IN_HEADER":true,"SUPPORTS_TARGET_PLATFORM":"TABLET"}},{"type":"AlexaInterface","interface":"Alexa.PlaybackStateReporter","version":"1.0","owningPackages":["com.amazon.alexa.multimodal.gemini"],"clientRef":"com.amazon.alexa.multimodal.gemini","providerType":"STATIC"},{"type":"AlexaInterface","interface":"Alexa.Skill.Co
07-01 22:48:30.647  1909  2931 I DeviceCapabilityServer-SerializationUtil: nnections","version":"1.0","owningPackages":["com.amazon.alexa.multimodal.gemini"],"clientRef":"com.amazon.alexa.multimodal.gemini","providerType":"STATIC"},{"type":"AlexaInterface","interface":"Alexa.Input.Text","version":"1.0","owningPackages":["com.amazon.alexa.multimodal.gemini"],"clientRef":"com.amazon.alexa.multimodal.gemini","providerType":"STATIC"},{"type":"AlexaInterface","interface":"Alexa.InteractionMode","version":"1.1","owningPackages":["amazon.speech.sim"],"clientRef":"amazon.speech.sim/amazon.speech.simclient.display.devicecapability.WindowCapabilityManager","providerType":"RESERVED_INTERNAL_ONLY_DYNAMIC","configurations":{"interactionModes":[{"uiMode":"MOBILE","id":"TabletInteractionMode","interactionDistance":{"value":18.0,"unit":"CENTIMETERS"},"touch":"SUPPORTED","keyboard":"SUPPORTED","video":"SUPPORTED","dialog":"SUPPORTED"},{"uiMode":"HUB","id":"ShowInteractionMode","interactionDistance":{"value":50.0,"unit":"CENTIMETERS"},"touch":"SUPPORTED","keyboard":"SUPPORTED","video":"SUPPORTED","dialog":"SUPPORTED"}]}},{"type":"AlexaInterface","interface":"Alexa","version":"3","owningPackages":["amazon.speech.sim","com.amazon.alexa.multimodal.gemini"],"clientRef":"com.amazon.alexa.multimodal.gemini","providerType":"STATIC"},{"type":"AlexaInterface","interface":"AudioPlayer.Presentation","version":"1.0","owningPackages":["com.amazon.alexa.multimodal.gemini"],"clientRef":"com.amazon.alexa.multimodal.gemini","providerType":"STATIC"},{"type":"AlexaInterface","interface":"Alexa.Presentation.APL","version":"1.5","owningPackages":["com.amazon.alexa.multimodal.gemini"],"clientRef":"com.amazon.alexa.multimodal.gemini","providerType":"STATIC","configurations":{"runtime":{"maxVersion":"2022.2"}}},{"type":"AlexaInterface","version":"0.1","clientRef":"amazon.speech.sim","owningPackages":["amazon.speech.sim"],"providerType":"STATIC","interface":"ApplicationManager"},{"type":"AlexaInterface","interface":"DEV.Alexa.Presentation.Home","version":"1.4","owningPackages":["com.amazon.alexa.multimodal.gemini"],"clientRef":"com.amazon.alexa.multimodal.gemini","providerType":"STATIC"},{"type":"AlexaInterface","interface":"Alexa.AudioFrontEndController","version":"1.0","owningPackages":["amazon.speech.sim","com.amazon.alexa.multimodal.gemini"],"clientRef":"com.amazon.alexa.multimodal.gemini/amazon.afe.AFECapabilityHelper","providerType":"RESERVED_INTERNAL_ONLY_DYNAMIC","configurations":{"referenceAudioLevelOutputInDb":-52.3}},{"type":"AlexaInterface","interface":"Alexa.Display","version":"1.0","owningPackages":["amazon.speech.sim"],"clientRef":"amazon.speech.sim/amazon.speech.simclient.display.devicecapability.WindowCapabilityManager","providerType":"RESERVED_INTERNAL_ONLY_DYNAMIC","configurations":{"display":{"type":"PIXEL","shape":"RECTANGLE","touch":["SINGLE"],"dimensions":{"resolution":{"value":{"width":1200,"height":1920},"unit":"PIXEL"},"pixelDensity":{"value":240,"unit":"DPI"},"densityIndependentResolution":{"value":{"width":800,"height":1280},"unit":"DP"},"physicalSize":{"value":{"width":5.314979,"height":8.54332},"unit":"INCHES"}}}}},{"type":"AlexaInterface","interface":"Speaker","version":"0.1","owningPackages":["amazon.speech.sim"],"clientRef":"amazon.speech.sim","providerType":"STATIC"},{"type":"AlexaInterface","interface":"ListRenderer","version":"0.1","owningPackages":["com.amazon.alexa.multimodal.gemini"],"clientRef":"com.amazon.alexa.multimodal.gemini","providerType":"STATIC"},{"type":"AlexaInterface","interface":"TemplateRuntime","version":"0.1","owningPackages":["amazon.speech.sim"],"clientRef":"amazon.speech.sim","providerType":"STATIC"},{"type":"AlexaInterface","interface":"Geolocation","version":"1.0","owningPackages":["amazon.speech.sim"],"clientRef":"amazon.speech.sim","providerType":"STATIC"},{"type":"AlexaInterface","interface":"Alexa.PlaybackController","version":"1.0","owningPackages":["com.amazon.alexa.multimodal.gemini"],"clientRef":"com.amazon.alexa.multimodal.gemini","providerType":"STATIC"}],"owningPackage":"
07-01 22:48:30.647  1909  2931 I DeviceCapabilityServer-SerializationUtil: amazon.speech.sim","providerType":"STATIC","displayCategories":["ALEXA_VOICE_ENABLED"]}],"legacyFlags":[{"key":"AUDIO_PLAYER_SUPPORTS_TTS_URLS","value":true,"owningPackages":["amazon.speech.sim"],"clientRef":"amazon.speech.sim","providerType":"STATIC"},{"key":"SPEECH_SYNTH_SUPPORTS_TTS_URLS","value":false,"owningPackages":["amazon.speech.sim"],"clientRef":"amazon.speech.sim","providerType":"STATIC"},{"key":"SUPPORTS_DIRECTIVE_STREAMING_ON_EVENT_CHANNEL","value":true,"owningPackages":["amazon.speech.sim"],"clientRef":"amazon.speech.sim","providerType":"STATIC"},{"key":"VOICE_PROFILE_SWITCHING_DISABLED","value":true,"owningPackages":["amazon.speech.sim"],"clientRef":"amazon.speech.sim","providerType":"STATIC"},{"key":"envelopeVersion","value":"20160207","owningPackages":["amazon.speech.sim"],"clientRef":"amazon.speech.sim","providerType":"STATIC"},{"key":"SUPPORTS_PFM_CHANGED","value":true,"owningPackages":["com.amazon.alexa.multimodal.gemini"],"clientRef":"com.amazon.alexa.multimodal.gemini","providerType":"STATIC"},{"key":"SUPPORTS_SECURE_LOCKSCREEN","value":true,"owningPackages":["amazon.speech.sim"],"clientRef":"amazon.speech.sim","providerType":"STATIC"},{"key":"SUPPORTS_SCRUBBING","value":true,"owningPackages":["amazon.speech.sim"],"clientRef":"amazon.speech.sim","providerType":"STATIC"},{"key":"SUPPORTS_LYRICS_IN_CARD","value":true,"owningPackages":["amazon.speech.sim"],"clientRef":"amazon.speech.sim","providerType":"STATIC"},{"key":"SUPPORTS_ARBITRATION","value":true,"owningPackages":["amazon.speech.sim"],"clientRef":"amazon.speech.sim","providerType":"STATIC"},{"key":"SUPPORTS_BLUETOOTH_SETTINGS_ON_DEVICE","value":false,"owningPackages":["amazon.speech.sim"],"clientRef":"amazon.speech.sim","providerType":"STATIC"},{"key":"SUPPORTS_TTS_SPEECHMARKS","value":true,"owningPackages":["amazon.speech.sim"],"clientRef":"amazon.speech.sim","providerType":"STATIC"},{"key":"SCREEN_WIDTH","value":"1280","owningPackages":["amazon.speech.sim"],"clientRef":"amazon.speech.sim","providerType":"STATIC"},{"key":"SUPPORTS_HOME_AUTOMATION","value":true,"owningPackages":["amazon.speech.sim"],"clientRef":"amazon.speech.sim","providerType":"STATIC"},{"key":"SUPPORTS_MIXING_BEHAVIOR_FOR_AUDIO_PLAYER","value":true,"owningPackages":["amazon.speech.sim"],"clientRef":"amazon.speech.sim","providerType":"STATIC"},{"key":"SUPPORTS_DATAMART_NAMESPACE","value":"Tablet","owningPackages":["amazon.speech.sim"],"clientRef":"amazon.speech.sim","providerType":"STATIC"},{"key":"SUPPORTS_KEYS_IN_HEADER","value":true,"owningPackages":["amazon.speech.sim"],"clientRef":"amazon.speech.sim","providerType":"STATIC"},{"key":"SUPPORTS_TARGET_PLATFORM","value":"TABLET","owningPackages":["amazon.speech.sim"],"clientRef":"amazon.speech.sim","providerType":"STATIC"}]}
07-01 22:48:30.647  1909  2931 I ServiceConnectionManager: Attempting to bind service, setting context => amazon.speech.sim.service.SpeechInteractionService@50787bd
07-01 22:48:30.680   458   458 I thermal_src: recvmsg_expect 4, but get 5 
07-01 22:48:30.680   458   458 E thermal_src: set_ttj_to_kernel 1:error -1
07-01 22:48:30.680   458   458 I thermal_src: recvmsg_expect 2, but get 4 
07-01 22:48:30.688  1909  1909 I SPCH-BaseClient: onBind(), serviceClass => ISimClientEventServer isSuccess => true
07-01 22:48:30.702  1909  2931 I CSM-EndpointRegistry: EndpointRegistry updated to {"endpoints":[{"endpointId":"A1ZB65LA390I4K@redacted","legacyIdentifier":{"deviceType":"RedactedDeviceType","deviceSerialNumber":"RedactedDSN"},"manufacturerName":"amazon","description":"Amazon Alexa","friendlyName":"redacted","displayCategoriesMetadata":[{"name":"ALEXA_VOICE_ENABLED","providerType":"RESERVED_INTERNAL_ONLY_DYNAMIC","owningPackages":["amazon.speech.sim"],"clientRef":"amazon.speech.sim/amazon.afe.AFECapabilityHelper"}],"capabilities":[{"type":"AlexaInterface","interface":"Alexa.ApiGateway","version":"1.0","owningPackages":["com.amazon.alexa.multimodal.gemini"],"clientRef":"com.amazon.alexa.multimodal.gemini","providerType":"STATIC"},{"type":"AlexaInterface","interface":"LocalSearchEngine","version":"0.1","owningPackages":["amazon.speech.sim"],"clientRef":"amazon.speech.sim","providerType":"STATIC"},{"type":"AlexaInterface","interface":"Alexa.Presentation","version":"1.0","owningPackages":["com.amazon.alexa.multimodal.gemini"],"clientRef":"com.amazon.alexa.multimodal.gemini","providerType":"STATIC"},{"type":"AlexaInterface","version":"0.1","clientRef":"amazon.speech.sim","owningPackages":["amazon.speech.sim"],"providerType":"STATIC","interface":"NavigationManager"},{"type":"AlexaInterface","interface":"Alexa.PlaylistController","version":"1.0","owningPackages":["com.amazon.alexa.multimodal.gemini"],"clientRef":"com.amazon.alexa.multimodal.gemini","providerType":"STATIC"},{"type":"AlexaInterface","interface":"SpeechSynthesizer","version":"1.0","owningPackages":["amazon.speech.sim"],"clientRef":"amazon.speech.sim","providerType":"STATIC"},{"type":"AlexaInterface","interface":"Alerts","version":"0.4","owningPackages":["amazon.speech.sim"],"clientRef":"amazon.speech.sim","providerType":"STATIC"},{"type":"AlexaInterface","interface":"PlaybackController","version":"0.1","owningPackages":["amazon.speech.sim"],"clientRef":"amazon.speech.sim","providerType":"STATIC"},{"type":"AlexaInterface","interface":"MediaPlayer","version":"0.2","owningPackages":["amazon.speech.sim","com.amazon.alexa.multimodal.gemini"],"clientRef":"com.amazon.alexa.multimodal.gemini","providerType":"STATIC","configurations":{"players":"[ \"GENERAL\", \"FLASH_BRIEFING\" ]"}},{"type":"AlexaInterface","interface":"Alexa.FavoritesController","version":"1.0","owningPackages":["com.amazon.alexa.multimodal.gemini"],"clientRef":"com.amazon.alexa.multimodal.gemini","providerType":"STATIC"},{"type":"AlexaInterface","interface":"EXTERNAL_MEDIA_PLAYER_INTERFACE_VERSION","version":"1.1","owningPackages":["com.amazon.alexa.multimodal.gemini"],"clientRef":"com.amazon.alexa.multimodal.gemini","providerType":"STATIC"},{"type":"AlexaInterface","interface":"Alexa.SeekController","version":"1.0","owningPackages":["com.amazon.alexa.multimodal.gemini"],"clientRef":"com.amazon.alexa.multimodal.gemini","providerType":"STATIC"},{"type":"AlexaInterface","interface":"InteractionModel","version":"1.2","owningPackages":["amazon.speech.sim"],"clientRef":"amazon.speech.sim","providerType":"STATIC"},{"type":"AlexaInterface","interface":"Alexa.Launcher","version":"0.2","owningPackages":["com.amazon.alexa.multimodal.gemini"],"clientRef":"com.amazon.alexa.multimodal.gemini","providerType":"STATIC","configurations":{"catalogs":[{"type":"AMAZON_APP_STORE","identifierTypes":["URI_ANDROID_INTENT_SCHEME"]},{"type":"GOOGLE_PLAY_STORE","identifierTypes":["URI_ANDROID_INTENT_SCHEME"]}]}},{"type":"AlexaInterface","interface":"DuckingController","version":"1.0","owningPackages":["amazon.speech.sim"],"clientRef":"amazon.speech.sim","providerType":"STATIC"},{"type":"AlexaInterface","interface":"SpeechRecognizer","version":"2.6","owningPackages":["amazon.speech.sim"],"clientRef":"amazon.speech.sim","providerType":"STATIC","configurations":{"wakeWords":"[{\"scopes\": [\"en-US\"],\"values\": [[\"ALEXA\"],[\"AMAZON\"]]},{\"scopes\": [\"DEFAULT\"],\"values\": [[\"ALEXA\"],[\"AMAZON\"]]},{\"scopes\": [\"en\",\"de\",\"ja\"],\"values\": [[\"ALEXA\"],[\"AMAZON\"]]}]"}},{"type":
07-01 22:48:30.702  1909  2931 I CSM-EndpointRegistry: "AlexaInterface","interface":"Alexa.Display.Window","version":"1.0","owningPackages":["amazon.speech.sim"],"clientRef":"amazon.speech.sim/amazon.speech.simclient.display.devicecapability.WindowCapabilityManager","providerType":"RESERVED_INTERNAL_ONLY_DYNAMIC","configurations":{"templates":[{"id":"TabletFullScreen","type":"STANDARD","configuration":{"interactionModes":["TabletInteractionMode","ShowInteractionMode"],"sizes":[{"value":{"value":{"width":1200,"height":1920},"unit":"PIXEL"},"id":"TabletPortraitFullScreenSize","type":"DISCRETE"},{"value":{"value":{"width":1920,"height":1200},"unit":"PIXEL"},"id":"TabletLandscapeFullScreenSize","type":"DISCRETE"}]}},{"id":"TabletPartialScreen","type":"OVERLAY","configuration":{"interactionModes":["TabletInteractionMode","ShowInteractionMode"],"sizes":[{"value":{"value":{"width":640,"height":1200},"unit":"PIXEL"},"id":"TabletLandscapePartialScreenSize","type":"DISCRETE"}]}}]}},{"type":"AlexaInterface","interface":"Alexa.Presentation.APL.Video","version":"1.0","owningPackages":["com.amazon.alexa.multimodal.gemini"],"clientRef":"com.amazon.alexa.multimodal.gemini","providerType":"STATIC","configurations":{"video":{"codecs":["H_264_42","H_264_41"]}}},{"type":"AlexaInterface","interface":"VisualFocusManager","version":"0.1","owningPackages":["com.amazon.alexa.multimodal.gemini"],"clientRef":"com.amazon.alexa.multimodal.gemini","providerType":"STATIC"},{"type":"AlexaInterface","interface":"Notifications","version":"0.1","owningPackages":["amazon.speech.sim"],"clientRef":"amazon.speech.sim","providerType":"STATIC"},{"type":"AlexaInterface","interface":"Alexa.DeviceArtifactManager","version":"1.0","instance":"asset-manager","owningPackages":["amazon.speech.davs.davcservice"],"clientRef":"amazon.speech.davs.davcservice","providerType":"STATIC"},{"type":"AlexaInterface","interface":"AudioPlayer","version":"1.5","owningPackages":["com.amazon.alexa.multimodal.gemini"],"clientRef":"com.amazon.alexa.multimodal.gemini","providerType":"STATIC","configurations":{"fingerprint":{"package":"com.amazon.alexa.multimodal.gemini","buildType":"RELEASE","versionNumber":"55006"}}},{"type":"AlexaInterface","interface":"System","version":"0.2","owningPackages":["amazon.speech.sim"],"clientRef":"amazon.speech.sim","providerType":"STATIC","configurations":{"localeSwitch":false,"locales":["en-US","en-GB","de-DE","ja-JP"],"settings":["System.screenBrightness","System.adaptiveBrightness"]}},{"type":"AlexaInterface","interface":"ExternalMediaPlayer","version":"1.1","owningPackages":["com.amazon.alexa.multimodal.gemini"],"clientRef":"com.amazon.alexa.multimodal.gemini","providerType":"STATIC"},{"type":"AlexaInterface","interface":"AudioPlayer.Presentation.APL","version":"1.0","owningPackages":["com.amazon.alexa.multimodal.gemini"],"clientRef":"com.amazon.alexa.multimodal.gemini","providerType":"STATIC","configurations":{"payloadVersion":"1.0","runtime":{"maxVersion":"1.9"}}},{"type":"AlexaInterface","version":"0.1","clientRef":"amazon.speech.sim","owningPackages":["amazon.speech.sim"],"providerType":"STATIC","interface":"LegacyFlags","configurations":{"AUDIO_PLAYER_SUPPORTS_TTS_URLS":true,"SPEECH_SYNTH_SUPPORTS_TTS_URLS":false,"SUPPORTS_DIRECTIVE_STREAMING_ON_EVENT_CHANNEL":true,"VOICE_PROFILE_SWITCHING_DISABLED":true,"envelopeVersion":"20160207","SUPPORTS_PFM_CHANGED":true,"SUPPORTS_SECURE_LOCKSCREEN":true,"SUPPORTS_SCRUBBING":true,"SUPPORTS_LYRICS_IN_CARD":true,"SUPPORTS_ARBITRATION":true,"SUPPORTS_BLUETOOTH_SETTINGS_ON_DEVICE":false,"SUPPORTS_TTS_SPEECHMARKS":true,"SCREEN_WIDTH":"1280","SUPPORTS_HOME_AUTOMATION":true,"SUPPORTS_MIXING_BEHAVIOR_FOR_AUDIO_PLAYER":true,"SUPPORTS_DATAMART_NAMESPACE":"Tablet","SUPPORTS_KEYS_IN_HEADER":true,"SUPPORTS_TARGET_PLATFORM":"TABLET"}},{"type":"AlexaInterface","interface":"Alexa.PlaybackStateReporter","version":"1.0","owningPackages":["com.amazon.alexa.multimodal.gemini"],"clientRef":"com.amazon.alexa.multimodal.gemini","providerType":"STATIC"},{"type":"AlexaInterface","interface":
07-01 22:48:30.703  1909  2931 I CSM-EndpointRegistry: "Alexa.Skill.Connections","version":"1.0","owningPackages":["com.amazon.alexa.multimodal.gemini"],"clientRef":"com.amazon.alexa.multimodal.gemini","providerType":"STATIC"},{"type":"AlexaInterface","interface":"Alexa.Input.Text","version":"1.0","owningPackages":["com.amazon.alexa.multimodal.gemini"],"clientRef":"com.amazon.alexa.multimodal.gemini","providerType":"STATIC"},{"type":"AlexaInterface","interface":"Alexa.InteractionMode","version":"1.1","owningPackages":["amazon.speech.sim"],"clientRef":"amazon.speech.sim/amazon.speech.simclient.display.devicecapability.WindowCapabilityManager","providerType":"RESERVED_INTERNAL_ONLY_DYNAMIC","configurations":{"interactionModes":[{"uiMode":"MOBILE","id":"TabletInteractionMode","interactionDistance":{"value":18.0,"unit":"CENTIMETERS"},"touch":"SUPPORTED","keyboard":"SUPPORTED","video":"SUPPORTED","dialog":"SUPPORTED"},{"uiMode":"HUB","id":"ShowInteractionMode","interactionDistance":{"value":50.0,"unit":"CENTIMETERS"},"touch":"SUPPORTED","keyboard":"SUPPORTED","video":"SUPPORTED","dialog":"SUPPORTED"}]}},{"type":"AlexaInterface","interface":"Alexa","version":"3","owningPackages":["amazon.speech.sim","com.amazon.alexa.multimodal.gemini"],"clientRef":"com.amazon.alexa.multimodal.gemini","providerType":"STATIC"},{"type":"AlexaInterface","interface":"AudioPlayer.Presentation","version":"1.0","owningPackages":["com.amazon.alexa.multimodal.gemini"],"clientRef":"com.amazon.alexa.multimodal.gemini","providerType":"STATIC"},{"type":"AlexaInterface","interface":"Alexa.Presentation.APL","version":"1.5","owningPackages":["com.amazon.alexa.multimodal.gemini"],"clientRef":"com.amazon.alexa.multimodal.gemini","providerType":"STATIC","configurations":{"runtime":{"maxVersion":"2022.2"}}},{"type":"AlexaInterface","version":"0.1","clientRef":"amazon.speech.sim","owningPackages":["amazon.speech.sim"],"providerType":"STATIC","interface":"ApplicationManager"},{"type":"AlexaInterface","interface":"DEV.Alexa.Presentation.Home","version":"1.4","owningPackages":["com.amazon.alexa.multimodal.gemini"],"clientRef":"com.amazon.alexa.multimodal.gemini","providerType":"STATIC"},{"type":"AlexaInterface","interface":"Alexa.AudioFrontEndController","version":"1.0","owningPackages":["amazon.speech.sim","com.amazon.alexa.multimodal.gemini"],"clientRef":"com.amazon.alexa.multimodal.gemini/amazon.afe.AFECapabilityHelper","providerType":"RESERVED_INTERNAL_ONLY_DYNAMIC","configurations":{"referenceAudioLevelOutputInDb":-52.3}},{"type":"AlexaInterface","interface":"Alexa.Display","version":"1.0","owningPackages":["amazon.speech.sim"],"clientRef":"amazon.speech.sim/amazon.speech.simclient.display.devicecapability.WindowCapabilityManager","providerType":"RESERVED_INTERNAL_ONLY_DYNAMIC","configurations":{"display":{"type":"PIXEL","shape":"RECTANGLE","touch":["SINGLE"],"dimensions":{"resolution":{"value":{"width":1200,"height":1920},"unit":"PIXEL"},"pixelDensity":{"value":240,"unit":"DPI"},"densityIndependentResolution":{"value":{"width":800,"height":1280},"unit":"DP"},"physicalSize":{"value":{"width":5.314979,"height":8.54332},"unit":"INCHES"}}}}},{"type":"AlexaInterface","interface":"Speaker","version":"0.1","owningPackages":["amazon.speech.sim"],"clientRef":"amazon.speech.sim","providerType":"STATIC"},{"type":"AlexaInterface","interface":"ListRenderer","version":"0.1","owningPackages":["com.amazon.alexa.multimodal.gemini"],"clientRef":"com.amazon.alexa.multimodal.gemini","providerType":"STATIC"},{"type":"AlexaInterface","interface":"TemplateRuntime","version":"0.1","owningPackages":["amazon.speech.sim"],"clientRef":"amazon.speech.sim","providerType":"STATIC"},{"type":"AlexaInterface","interface":"Geolocation","version":"1.0","owningPackages":["amazon.speech.sim"],"clientRef":"amazon.speech.sim","providerType":"STATIC"},{"type":"AlexaInterface","interface":"Alexa.PlaybackController","version":"1.0","owningPackages":["com.amazon.alexa.multimodal.gemini"],"clientRef":"com.amazon.alexa.multimodal.gemini","providerType":"STATIC"}],"o
07-01 22:48:30.703  1909  2931 I CSM-EndpointRegistry: wningPackage":"amazon.speech.sim","providerType":"STATIC","displayCategories":["ALEXA_VOICE_ENABLED"]}],"legacyFlags":[{"key":"AUDIO_PLAYER_SUPPORTS_TTS_URLS","value":true,"owningPackages":["amazon.speech.sim"],"clientRef":"amazon.speech.sim","providerType":"STATIC"},{"key":"SPEECH_SYNTH_SUPPORTS_TTS_URLS","value":false,"owningPackages":["amazon.speech.sim"],"clientRef":"amazon.speech.sim","providerType":"STATIC"},{"key":"SUPPORTS_DIRECTIVE_STREAMING_ON_EVENT_CHANNEL","value":true,"owningPackages":["amazon.speech.sim"],"clientRef":"amazon.speech.sim","providerType":"STATIC"},{"key":"VOICE_PROFILE_SWITCHING_DISABLED","value":true,"owningPackages":["amazon.speech.sim"],"clientRef":"amazon.speech.sim","providerType":"STATIC"},{"key":"envelopeVersion","value":"20160207","owningPackages":["amazon.speech.sim"],"clientRef":"amazon.speech.sim","providerType":"STATIC"},{"key":"SUPPORTS_PFM_CHANGED","value":true,"owningPackages":["com.amazon.alexa.multimodal.gemini"],"clientRef":"com.amazon.alexa.multimodal.gemini","providerType":"STATIC"},{"key":"SUPPORTS_SECURE_LOCKSCREEN","value":true,"owningPackages":["amazon.speech.sim"],"clientRef":"amazon.speech.sim","providerType":"STATIC"},{"key":"SUPPORTS_SCRUBBING","value":true,"owningPackages":["amazon.speech.sim"],"clientRef":"amazon.speech.sim","providerType":"STATIC"},{"key":"SUPPORTS_LYRICS_IN_CARD","value":true,"owningPackages":["amazon.speech.sim"],"clientRef":"amazon.speech.sim","providerType":"STATIC"},{"key":"SUPPORTS_ARBITRATION","value":true,"owningPackages":["amazon.speech.sim"],"clientRef":"amazon.speech.sim","providerType":"STATIC"},{"key":"SUPPORTS_BLUETOOTH_SETTINGS_ON_DEVICE","value":false,"owningPackages":["amazon.speech.sim"],"clientRef":"amazon.speech.sim","providerType":"STATIC"},{"key":"SUPPORTS_TTS_SPEECHMARKS","value":true,"owningPackages":["amazon.speech.sim"],"clientRef":"amazon.speech.sim","providerType":"STATIC"},{"key":"SCREEN_WIDTH","value":"1280","owningPackages":["amazon.speech.sim"],"clientRef":"amazon.speech.sim","providerType":"STATIC"},{"key":"SUPPORTS_HOME_AUTOMATION","value":true,"owningPackages":["amazon.speech.sim"],"clientRef":"amazon.speech.sim","providerType":"STATIC"},{"key":"SUPPORTS_MIXING_BEHAVIOR_FOR_AUDIO_PLAYER","value":true,"owningPackages":["amazon.speech.sim"],"clientRef":"amazon.speech.sim","providerType":"STATIC"},{"key":"SUPPORTS_DATAMART_NAMESPACE","value":"Tablet","owningPackages":["amazon.speech.sim"],"clientRef":"amazon.speech.sim","providerType":"STATIC"},{"key":"SUPPORTS_KEYS_IN_HEADER","value":true,"owningPackages":["amazon.speech.sim"],"clientRef":"amazon.speech.sim","providerType":"STATIC"},{"key":"SUPPORTS_TARGET_PLATFORM","value":"TABLET","owningPackages":["amazon.speech.sim"],"clientRef":"amazon.speech.sim","providerType":"STATIC"}]}
07-01 22:48:30.708  1909  2931 I DeviceCapabilityServer-PublishCapabilitiesTask: Publish Attempt (b1e1d0a2-7630-4bfc-8679-b7f63ce8c6e1) Result (No Capabilities Updates Since Last Publish)
07-01 22:48:30.708  1909  2931 I DeviceCapabilityServer-DynamicCapabilityProvider: onPublishSkipped token (b1e1d0a2-7630-4bfc-8679-b7f63ce8c6e1) result (NOOP_NOTHING_NEW)
07-01 22:48:30.708  1909  2931 I DeviceCapabilityServer-DynamicCapabilityProvider: onPublishFinished token (b1e1d0a2-7630-4bfc-8679-b7f63ce8c6e1) result (NOOP_NOTHING_NEW)
07-01 22:48:30.708  1909  2931 I DeviceCapabilityServer-Scheduler: Static publish not needed.
07-01 22:48:30.720  1909  2931 I SPCH-SIM_SimStateMachine: CapabilityPublishWatcher.onPublishSkipped: token (b1e1d0a2-7630-4bfc-8679-b7f63ce8c6e1) reason (NOOP_NOTHING_NEW)
07-01 22:48:30.720  1909  2931 I SPCH-SIM_SimStateMachine: Discovery Block Removal Check token (b1e1d0a2-7630-4bfc-8679-b7f63ce8c6e1) active (null)
07-01 22:48:30.720  1909  2931 I SPCH-SIM_SimStateMachine: removeClientCloudTrafficBlockConfig: Publishing Device Capabilities
07-01 22:48:30.787   614   614 W Looper  : Slow dispatch took 925ms main h=android.app.ActivityThread$H c=android.app.-$$Lambda$LoadedApk$ReceiverDispatcher$Args$_BumDX2UKsnxLVrE6UJsJZkotuA@17ff08f m=0
07-01 22:48:30.788   614   614 W Looper  : Slow delivery took 930ms main h=android.app.ActivityThread$H c=android.app.-$$Lambda$LoadedApk$ReceiverDispatcher$Args$_BumDX2UKsnxLVrE6UJsJZkotuA@c5f2f1c m=0
07-01 22:48:30.828   614  1065 E WindowManager: App trying to use insecure INPUT_FEATURE_NO_INPUT_CHANNEL flag. Ignoring
07-01 22:48:30.946  2078  2078 W EMP_1.0.18125.0_PlayerMetadataFactory: Unsupported version [1.1]
07-01 22:48:30.946  2078  2078 I EMP_1.0.18125.0_DiscoveryAgent: Found [3] players.
07-01 22:48:30.955  2035  2262 I F_C.SectionXmlLoader: Building section info(s) from section xml meta data for com.amazon.kindle
07-01 22:48:30.966  2078  2078 I EMP_1.0.18125.0_DiscoveryAgent: Package 'com.amazon.alexa.multimodal.gemini' already discovered, but we haven't reported successfully to Alexa recently (last attempt was 741415 ms ago). Attempting to report again.
07-01 22:48:30.966  2078  2078 I EMP_1.0.18125.0_DiscoveryAgent: Discovered player in package 'com.amazon.alexa.multimodal.gemini'.
07-01 22:48:30.966  2078  2078 I EMP_1.0.18125.0_DiscoveryAgent: Package 'com.amazon.avod' already authorized.
07-01 22:48:30.966  2078  2078 I EMP_1.0.18125.0_DiscoveryAgent: Package 'com.amazon.mp3' already discovered, but we haven't reported successfully to Alexa recently (last attempt was 741415 ms ago). Attempting to report again.
07-01 22:48:30.966  2078  2078 I EMP_1.0.18125.0_DiscoveryAgent: Discovered player in package 'com.amazon.mp3'.
07-01 22:48:30.972  2035  2262 I F_C.LibrarySectionRegis: No change in library sections
07-01 22:48:31.034   382   421 I vendor.mediatek.hardware.power@2.0-impl: powerHintAsync hint:8, data:0
07-01 22:48:31.036   382   420 I libPowerHal: 8: legacy set freq: -1 -1 -1 -1
07-01 22:48:31.071   614   630 W system_server: Unknown chunk type '200'.
07-01 22:48:31.104   614   639 I ActivityManager: Displayed com.android.packageinstaller/.InstallSuccess: +982ms
07-01 22:48:31.121   614   804 I LaunchTimeProcessor: warm_app_cool_transition_launch_time of com.android.packageinstaller is 1012ms with activity = com.android.packageinstaller/.InstallSuccess, app_version = 28, prev_activity = com.android.packageinstaller/.InstallInstalling, isChild = false, context = S1T0A1D0I0L1E0M9999R0
07-01 22:48:31.202   614   804 I LaunchTimeProcessor: cool_activity_launch_time of com.android.packageinstaller is 1012ms with activity = com.android.packageinstaller/.InstallSuccess, app_version = 28, prev_activity = com.android.packageinstaller/.InstallInstalling, isChild = false, context = S1T0A1D0I0L1E0M9999R0
07-01 22:48:31.227  2035  2430 I F_C.DefaultAppSuppressi: No app suppression setting found for app: -1917670602, cor: US, pfm: ATVPDKIKX0DER
07-01 22:48:31.227  2035  2430 I F_C.DefaultAppSuppressi: App 474618250 isSuppressed = false for key default
07-01 22:48:31.227  2035  2430 I F_C.DefaultAppSuppressi: No app suppression setting found for app: -1796274098, cor: US, pfm: ATVPDKIKX0DER
07-01 22:48:31.227  2035  2430 I F_C.DefaultAppSuppressi: No app suppression setting found for app: 42618325, cor: US, pfm: ATVPDKIKX0DER
07-01 22:48:31.227  2035  2430 I F_C.DefaultAppSuppressi: No app suppression setting found for app: -868513413, cor: US, pfm: ATVPDKIKX0DER
07-01 22:48:31.227  2035  2430 I F_C.DefaultAppSuppressi: No app suppression setting found for app: -1151270590, cor: US, pfm: ATVPDKIKX0DER
07-01 22:48:31.227  2035  2430 I F_C.DefaultAppSuppressi: App -2079715648 isSuppressed = false for key ATVPDKIKX0DER
07-01 22:48:31.227  2035  2430 I F_C.DefaultAppSuppressi: No app suppression setting found for app: -1433750371, cor: US, pfm: ATVPDKIKX0DER
07-01 22:48:31.227  2035  2430 I F_C.DefaultAppSuppressi: No app suppression setting found for app: 388409730, cor: US, pfm: ATVPDKIKX0DER
07-01 22:48:31.227  2035  2430 I F_C.DefaultAppSuppressi: No app suppression setting found for app: 1819508777, cor: US, pfm: ATVPDKIKX0DER
07-01 22:48:31.228  2035  2430 I F_C.DefaultAppSuppressi: App 923450085 isSuppressed = true for key default
07-01 22:48:31.228  2035  2430 I F_C.DefaultAppSuppressi: App -980808708 isSuppressed = false for key default
07-01 22:48:31.228  2035  2430 I F_C.DefaultAppSuppressi: No app suppression setting found for app: -2051107360, cor: US, pfm: ATVPDKIKX0DER
07-01 22:48:31.228  2035  2430 I F_C.DefaultAppSuppressi: No app suppression setting found for app: -1622062048, cor: US, pfm: ATVPDKIKX0DER
07-01 22:48:31.228  2035  2430 I F_C.DefaultAppSuppressi: No app suppression setting found for app: -1977311692, cor: US, pfm: ATVPDKIKX0DER
07-01 22:48:31.228  2035  2430 I F_C.DefaultAppSuppressi: App -650904938 isSuppressed = true for key default
07-01 22:48:31.228  2035  2430 I F_C.DefaultAppSuppressi: App 1886180987 isSuppressed = false for key ATVPDKIKX0DER
07-01 22:48:31.228  2035  2430 I F_C.DefaultAppSuppressi: No app suppression setting found for app: -1939804276, cor: US, pfm: ATVPDKIKX0DER
07-01 22:48:31.228  2035  2430 I F_C.DefaultAppSuppressi: No app suppression setting found for app: 901496555, cor: US, pfm: ATVPDKIKX0DER
07-01 22:48:31.228  2035  2430 I F_C.DefaultAppSuppressi: No app suppression setting found for app: -1445047286, cor: US, pfm: ATVPDKIKX0DER
07-01 22:48:31.228  2035  2430 I F_C.DefaultAppSuppressi: App 1308713689 isSuppressed = false for key US_ATVPDKIKX0DER
07-01 22:48:31.229  2035  2430 I F_C.DefaultAppSuppressi: No app suppression setting found for app: -386963941, cor: US, pfm: ATVPDKIKX0DER
07-01 22:48:31.229  2035  2430 I F_C.DefaultAppSuppressi: App -457327969 isSuppressed = false for key ATVPDKIKX0DER
07-01 22:48:31.229  2035  2430 I F_C.DefaultAppSuppressi: No app suppression setting found for app: -1015981718, cor: US, pfm: ATVPDKIKX0DER
07-01 22:48:31.229  2035  2430 I F_C.DefaultAppSuppressi: App -587248963 isSuppressed = true for key default
07-01 22:48:31.229  2035  2430 I F_C.DefaultAppSuppressi: App -2136372369 isSuppressed = false for key default
07-01 22:48:31.229  2035  2430 I F_C.DefaultAppSuppressi: App -227184595 isSuppressed = false for key default
07-01 22:48:31.229  2035  2430 I F_C.DefaultAppSuppressi: No app suppression setting found for app: 2117839100, cor: US, pfm: ATVPDKIKX0DER
07-01 22:48:31.229  2035  2430 I F_C.DefaultAppSuppressi: No app suppression setting found for app: 676794423, cor: US, pfm: ATVPDKIKX0DER
07-01 22:48:31.229  2035  2430 I F_C.DefaultAppSuppressi: App 1505360982 isSuppressed = true for key default
07-01 22:48:31.229  2035  2430 I F_C.DefaultAppSuppressi: No app suppression setting found for app: 824860906, cor: US, pfm: ATVPDKIKX0DER
07-01 22:48:31.267  2078  2078 I EMP_1.0.18125.0_EventsManager: Sending event: namespace: [ExternalMediaPlayer], name: [ReportDiscoveredPlayers], payload: [[REDACTED]]
07-01 22:48:31.318  2035  2430 I F_C.FolderManager: getGridShortcuts
07-01 22:48:31.323 15386 15419 I QSB.PackageParser: Writing to cache file
07-01 22:48:31.325  2078  2078 I EMP_1.0.18125.0_BaseQueueRequest: SendEventsQueueRequest: Executing request (128). Retry number (0).
07-01 22:48:31.325  2078  2078 I EMP_1.0.18125.0_SendEventsQueueRequest: Attempting to send event for namespace [ExternalMediaPlayer], name [ReportDiscoveredPlayers].
07-01 22:48:31.325  2078  2078 I SPCH-EventMetadata: writeToParcel with bundle :true
07-01 22:48:31.326  1909  9779 I SPCH-EventMetadata: bundle found
07-01 22:48:31.339  1909  2702 I SPCH-SIM_SimStateMachine: Got AlexaEvent in ReadyState
07-01 22:48:31.346  2035  2430 I F_C.LauncherShortcutMan: Available Shortcuts for the package: -44595707 []
07-01 22:48:31.346  2035  2430 I F_C.AppManager: Results from Filtering out the shortcuts based on Apps []
07-01 22:48:31.346  2035  2430 I F_C.AppManager: refreshGridItems source: addPackage
07-01 22:48:31.347  2035  2430 I F_C.AppManager: apps to add: [App{databaseId='null', packageName='-44595707', activityName='1211514193'}]
07-01 22:48:31.347  2035  2430 I F_C.DefaultAppSuppressi: No app suppression setting found for app: -386963941, cor: US, pfm: ATVPDKIKX0DER
07-01 22:48:31.348  2035  2430 W F_C.AppIconCache: There were no apps to load icons for.
07-01 22:48:31.348  2035  2430 W F_C.AppIconCache: There were no shortcuts to load icons for.
07-01 22:48:31.348  2035  2430 I F_C.AppManager: list of Updated Shortcuts:  []
07-01 22:48:31.348  2035  2430 I F_C.FolderManager: updateGridItems: apps[] shortcuts: []
07-01 22:48:31.349  2035  2430 I F_C.AppManager: shortcuts to remove: []
07-01 22:48:31.349  2035  2430 I F_C.FolderManager: hideAppsAndShortcuts: Apps: [] Shortcuts: []
07-01 22:48:31.352  2035  2430 I F_C.FolderManager: removeAppsFromMemory: [], removeShortcutsFromMemory: []
07-01 22:48:31.352  2035  2430 I F_C.FolderManager: beginTransaction:hideAppsAndShortcuts
07-01 22:48:31.352  2035  2430 I F_C.FolderManager: endTransaction:hideAppsAndShortcuts
07-01 22:48:31.352  2035  2430 I F_C.FolderManager: removeAppsFromGrid: [], fullyUninstalledApps: [], removeShortcutsFromGrid: []
07-01 22:48:31.364  1909  2913 I SPCH-SIM_SIMSCLSession: sendEvent ExternalMediaPlayer:ReportDiscoveredPlayers
07-01 22:48:31.365  2035  2430 I F_C.AppManager: shortcuts to add: []
07-01 22:48:31.365  2035  2430 I F_C.FolderManager: showAnyHiddenGridItems: Apps: [AppId{packageName='-44595707', activityName='1211514193'}] Shortcuts: []
07-01 22:48:31.365  2035  2430 I F_C.FolderManager: showing 1 apps if hidden and 0 shortcuts if hidden
07-01 22:48:31.365  2035  2430 I F_C.FolderManager: beginTransaction:showAnyHiddenGridItems
07-01 22:48:31.365  1909  2913 I DeviceEvent: CSMSIM#alexa_event#1#ExternalMediaPlayer#ReportDiscoveredPlayers#true#false
07-01 22:48:31.366  2035  2430 E F_C.AppDao: Did not find such app in db: [pkgName: -44595707, activityName: 1211514193]
07-01 22:48:31.366  2035  2430 I F_C.FolderManager: app AppId{packageName='-44595707', activityName='1211514193'} not in the db
07-01 22:48:31.366  2035  2430 I F_C.FolderManager: endTransaction:showAnyHiddenGridItems
07-01 22:48:31.366  2035  2430 I F_C.FolderManager: No folders to reload
07-01 22:48:31.366  2035  2430 I F_C.FolderManager: addItemsToGrid: [App{databaseId='null', packageName='-44595707', activityName='1211514193'}][]
07-01 22:48:31.366  2035  2430 I F_C.FolderManager: addItemsToFolder apps: [App{databaseId='null', packageName='-44595707', activityName='1211514193'}], shortcuts: [], folderId: FolderId{value=-1}
07-01 22:48:31.366  2035  2430 I F_C.FolderManager: Added [App{databaseId='null', packageName='-44595707', activityName='1211514193'}] to folder: Folder{id=FolderId{value=-1}, path_to_icon=-1229776210}
07-01 22:48:31.367  2035  2430 I F_C.FolderManager: beginTransaction:addItemsToFolder
07-01 22:48:31.367  2035  2430 I F_C.AppDao: Saving App{databaseId='null', packageName='-44595707', activityName='1211514193'} to apps
07-01 22:48:31.367  2035  2430 I F_C.AppDao: Saved with id #27
07-01 22:48:31.368  1909  2200 E SPCH-MinervaSchemaRetriever: No schema was found for metric SIM.SIMSCLSession.SendEvent in source SIM_basic
07-01 22:48:31.370  2035  2430 I F_C.ItemLinkDao: Saving ItemLink{databaseId=null, containerId=-1, itemType=1, itemId=27, position=21, isHidden=false} to item_links
07-01 22:48:31.371  2035  2430 I F_C.ItemLinkDao: Saved with id #34
07-01 22:48:31.373  1909  2913 I SPCH-SIM_RequestDataMapperController: Counting the size of the current mapper: 2
07-01 22:48:31.397  2035  2430 I F_C.FolderManager: endTransaction:addItemsToFolder
07-01 22:48:31.399  2035  2430 I F_C.AppIconCache: loadAppIcons: total=1, new=0, updated=1, unavailable=0, uncached=0
07-01 22:48:31.399  2035  2430 W F_C.AppIconCache: There were no shortcuts to load icons for.
07-01 22:48:31.409   614   614 W Looper  : Slow dispatch took 588ms main h=android.app.ActivityThread$H c=android.app.-$$Lambda$LoadedApk$ReceiverDispatcher$Args$_BumDX2UKsnxLVrE6UJsJZkotuA@7e757dc m=0
07-01 22:48:31.474  1909  2913 I SPCH-SIM_LockscreenContextCollector: isDeviceLocked: false | isDeviceSecure: false | mIsInTrustedWifi: false
07-01 22:48:31.493  1909  2200 E SPCH-MinervaSchemaRetriever: No schema was found for metric SIM.SIMSCLSession.StartRequestDuration.SendEvent in source SIM_basic
07-01 22:48:31.534  2035 21370 I F_C.PackageEventHandler: Attempting to add package: -44595707
07-01 22:48:31.625   614   630 W Searchables: No web search activity found
07-01 22:48:31.628   614   614 W Looper  : Slow dispatch took 108ms main h=com.android.server.notification.NotificationManagerService$WorkerHandler c=com.android.server.notification.NotificationManagerService$EnqueueNotificationRunnable@60f5586 m=0
07-01 22:48:31.638 21294 21308 I ContentSyncFramework: BaseService.onStartJob executing job with id: 2
07-01 22:48:31.688   614   781 I AppCompatWhitelist: AppCompat whitelist is FALSE so no need to check further.
07-01 22:48:31.697  2035  2430 I F_C.AppManager: Notifying CMS & launcher CMS producer 1 apps added.
07-01 22:48:31.785   614   630 I PackageRecency: Install of com.lonetechwiz.hearthshelf
07-01 22:48:31.816  2035  2035 I F_C.VisibleRecyclerView: getFirstVisiblePosition, firstVisibleAdapterPosition: 0, correctedAdapterIndex: 0, indexOffset: 0
07-01 22:48:31.817  2035  2035 I F_C.SectionExpandStates: bind() - dataSource not yet registered
07-01 22:48:31.818  2035  2035 I chatty  : uid=10092(com.amazon.firelauncher) identical 19 lines
07-01 22:48:31.818  2035  2035 I F_C.SectionExpandStates: bind() - dataSource not yet registered
07-01 22:48:31.818  2035  2035 I F_C.VisibleRecyclerView: getLastVisiblePosition, lastNonFixedViewPosition: 21, correctedAdapterIndex: 21, indexOffset: 0
07-01 22:48:31.822   614   630 W PackageRecency: No listeners found
07-01 22:48:31.824   614   614 W TelecomManager: Telecom Service not found.
07-01 22:48:31.833   614   614 W Looper  : Drained
07-01 22:48:31.850  2035  2901 I F_C.AppsGridAtfImageLoa: items.size(): 22
07-01 22:48:31.862  2035  2035 I F_C.VisibleRecyclerView: getFirstVisiblePosition, firstVisibleAdapterPosition: 0, correctedAdapterIndex: 0, indexOffset: 0
07-01 22:48:31.862  2035  2035 I F_C.SectionExpandStates: bind() - dataSource not yet registered
07-01 22:48:31.862  2035  2035 I chatty  : uid=10092(com.amazon.firelauncher) identical 19 lines
07-01 22:48:31.862  2035  2035 I F_C.SectionExpandStates: bind() - dataSource not yet registered
07-01 22:48:31.862  2035  2035 I F_C.VisibleRecyclerView: getLastVisiblePosition, lastNonFixedViewPosition: 21, correctedAdapterIndex: 21, indexOffset: 0
07-01 22:48:31.871 21294 21308 I ContentSyncFramework: BaseService.onStartJob executing job with id: 1001
07-01 22:48:31.940 21294 21308 I ContentSyncFramework: BaseService.runJobFinished JobId: 1001 needsReschedule : false
07-01 22:48:31.968  2035  2901 I F_C.AppsGridAtfImageLoa: items.size(): 22
07-01 22:48:31.973  2035  2035 I F_C.PendingImageBinder: Pending load is null for: 843196603
07-01 22:48:31.974 21294 21308 I ContentSyncFramework: performSyncIfNeededForIntent android.intent.action.PACKAGE_ADDED
07-01 22:48:31.975 21294 21308 I ContentSyncFramework: No SyncProviders match for intent android.intent.action.PACKAGE_ADDED
07-01 22:48:31.976 21294 21308 I ContentSyncFramework: BaseService.runJobFinished JobId: 2 needsReschedule : false
07-01 22:48:32.028   891   891 W NotificationEntryMgr: removeNotification for unknown key: 0|com.amazon.appverification|102|null|10006
07-01 22:48:32.095 21230 21502 I AmazonAppstore.Install/AndroidPackageService: Received action: android.intent.action.PACKAGE_ADDED
07-01 22:48:32.183  1909  5752 I SPCH-SCL_Http2Message: status: 200
07-01 22:48:32.186  1909  5752 I SPCH-SCL_Http2Message: header: DefaultHttp2Headers[:status: 200, x-amzn-requestid: 1eeb0648-7c54-45cb-81fc-0bbc3c320a29, content-type: multipart/related; boundary=------abcde123; start=metadata.1782845103173; type="application/json", x-amzn-requestid: 0afff4fffe8ecbbb-00005b0e-21b81647-29e8289e1dba126c-5d9bd60e-89, access-control-allow-origin: *]
07-01 22:48:32.187  1909  5752 I SPCH-SCL_Http2Message: onDataRead: 89
07-01 22:48:32.188  1909  5752 I chatty  : uid=10045(com.amazon.media.session.monitor) nioEventLoopGro identical 1 line
07-01 22:48:32.189  1909  5752 I SPCH-SCL_Http2Message: onDataRead: 89
07-01 22:48:32.190  1909  5763 I SPCH-SCL_MultipartParser: content-Type: application/json; charset=UTF-8
07-01 22:48:32.191  1909  5763 I SPCH-SCL_MultipartParser: processJsonData
07-01 22:48:32.192  1909  5752 I SPCH-SCL_Http2Message: onStreamClosed: 89
07-01 22:48:32.214  1909  5763 I SPCH-SCL_MessageParser: event ID: CSM_6b0f9dd7-67a5-4e52-8472-5ac18dd3c3b8_1782971311334.0..CSM_6b0f9dd7-67a5-4e52-8472-5ac18dd3c3b8_1782971311334
07-01 22:48:32.215  1909  5763 I SPCH-SCL_MessageParser: message ID: 03f95c13-4bdd-45c5-9d79-8cef13d2084d
07-01 22:48:32.215  1909  5763 I SPCH-SCL_MessageParser: [namespace=ExternalMediaPlayer, name=AuthorizeDiscoveredPlayers]
07-01 22:48:32.216  1909  5763 I DeviceEvent: CSMSIM#directive_received#1#ExternalMediaPlayer#AuthorizeDiscoveredPlayers#CSM_6b0f9dd7-67a5-4e52-8472-5ac18dd3c3b8_1782971311334.0..CSM_6b0f9dd7-67a5-4e52-8472-5ac18dd3c3b8_1782971311334#03f95c13-4bdd-45c5-9d79-8cef13d2084d
07-01 22:48:32.219  1909  5763 I SPCH-SCL_MultipartParser: readBoundary false
07-01 22:48:32.223  1909  5763 I SPCH-SCL_Http2Message: Finished sendSuccessToObserver
07-01 22:48:32.224  1909  2702 I SPCH-SIM_SimStateMachine: Got NonSpeechResponseEvent in ReadyState
07-01 22:48:32.226  1909  2702 I SPCH-SIM_DirectiveHelper: Directive namespace (ExternalMediaPlayer) name (AuthorizeDiscoveredPlayers) approved
07-01 22:48:32.240  1909  2702 E SPCH-SIM_NexusControllerImpl: decorateIntent: can not find a nexus session ID for request: CSM_6b0f9dd7-67a5-4e52-8472-5ac18dd3c3b8_1782971311334.0..CSM_6b0f9dd7-67a5-4e52-8472-5ac18dd3c3b8_1782971311334
07-01 22:48:32.242  1909  2702 W SPCH-DirectiveIntent: Directive not present in intent, checking old format
07-01 22:48:32.242  1909  2702 W SPCH-DirectiveIntent: Directive not present in intent, checking old format
07-01 22:48:32.242  1909  2702 W UPLRecorder: Missing 'intent_name', which is optional. Continue
07-01 22:48:32.242  1909  2702 W UPLRecorder: Missing 'interaction_label', which is optional. Continue
07-01 22:48:32.249  2078  2078 I EMP_1.0.18125.0_CsmClientsCallbacksImpl: SendEventsQueueRequest: Finished invoking request (128) on retry (0).
07-01 22:48:32.259  1909  2702 I SPCH-SIM_CancelledDirectiveCache: Directive with sequence ID CSM_6b0f9dd7-67a5-4e52-8472-5ac18dd3c3b8_1782971311334.0..CSM_6b0f9dd7-67a5-4e52-8472-5ac18dd3c3b8_1782971311334 has been cancelled: false
07-01 22:48:32.259  1909  2702 I SPCH-SIM_SimIntentRouterImpl: Creating voice sequence with ID:CSM_6b0f9dd7-67a5-4e52-8472-5ac18dd3c3b8_1782971311334.0..CSM_6b0f9dd7-67a5-4e52-8472-5ac18dd3c3b8_1782971311334
07-01 22:48:32.260  1909  2702 I DeviceEvent: CSMSIM#directive_sequence_start#0#CSM_6b0f9dd7-67a5-4e52-8472-5ac18dd3c3b8_1782971311334.0..CSM_6b0f9dd7-67a5-4e52-8472-5ac18dd3c3b8_1782971311334
07-01 22:48:32.260  1909  2702 I SPCH-SIM_SimDirectiveSequenceCallback: onDirectiveSequenceStarted ID (CSM_6b0f9dd7-67a5-4e52-8472-5ac18dd3c3b8_1782971311334.0..CSM_6b0f9dd7-67a5-4e52-8472-5ac18dd3c3b8_1782971311334)
07-01 22:48:32.260  1909  2702 I SPCH-CapAg_CapabilityAgentDirectiveInterceptor: Intercepting directive ExternalMediaPlayer.AuthorizeDiscoveredPlayers? false
07-01 22:48:32.260  1909  2702 I SPCH-SIM_DirectiveSequence: broadcasting sequence CSM_6b0f9dd7-67a5-4e52-8472-5ac18dd3c3b8_1782971311334.0..CSM_6b0f9dd7-67a5-4e52-8472-5ac18dd3c3b8_1782971311334
07-01 22:48:32.260  1909  2702 I SPCH-SIM_DirectiveSequence: Getting action for directive (ExternalMediaPlayer_AuthorizeDiscoveredPlayers dirId:03f95c13-4bdd-45c5-9d79-8cef13d2084d seqId:CSM_6b0f9dd7-67a5-4e52-8472-5ac18dd3c3b8_1782971311334.0..CSM_6b0f9dd7-67a5-4e52-8472-5ac18dd3c3b8_1782971311334 keys:{})
07-01 22:48:32.261  1909  2702 I DeviceEvent: CSMSIM#directive_dispatching#1#CSM_6b0f9dd7-67a5-4e52-8472-5ac18dd3c3b8_1782971311334.0..CSM_6b0f9dd7-67a5-4e52-8472-5ac18dd3c3b8_1782971311334#03f95c13-4bdd-45c5-9d79-8cef13d2084d#ExternalMediaPlayer#AuthorizeDiscoveredPlayers#neither
07-01 22:48:32.262  1909  2702 I DeviceEvent: CSMSIM#directive_execution_started#0#ExternalMediaPlayer#AuthorizeDiscoveredPlayers#03f95c13-4bdd-45c5-9d79-8cef13d2084d
07-01 22:48:32.262  1909  2702 I SPCH-SIM_ExplicitIntentAction: Broadcasting EXECUTE for ExternalMediaPlayer_AuthorizeDiscoveredPlayers 
07-01 22:48:32.262  1909  2702 I SPCH-SIM_ExplicitIntentAction: Applying delay for pause directive
07-01 22:48:32.264  1909  2702 I SPCH-SIM_DirectiveAppRegistry: Number of registered components for intent [com.amazon.speech.ExternalMediaPlayer_AuthorizeDiscoveredPlayers]: 1
07-01 22:48:32.268  1909  2702 I DeviceEvent: CSMSIM#intent_fired#0#ExternalMediaPlayer
07-01 22:48:32.268  1909  2702 I SPCH-SIM_MetricsManager: Cannot record directive dispatch. No record for element.
07-01 22:48:32.269  1909  2702 E SPCH-SIM_NexusControllerImpl: decorateIntent: can not find a nexus session ID for request: CSM_6b0f9dd7-67a5-4e52-8472-5ac18dd3c3b8_1782971311334.0..CSM_6b0f9dd7-67a5-4e52-8472-5ac18dd3c3b8_1782971311334
07-01 22:48:32.269  1909  2702 I SPCH-SIM_ExplicitIntentAction: Sending intent: (com.amazon.speech.ExternalMediaPlayer_AuthorizeDiscoveredPlayers)
07-01 22:48:32.269  1909  2702 I SPCH-SIM_ExplicitIntentAction: 	Target: (TargetApp: Component (com.amazon.alexa.externalmediaplayeragent.receivers.DirectiveReceiver), Package (com.amazon.alexa.multimodal.gemini), Type (RECEIVER))
07-01 22:48:32.270  1909  2200 E SPCH-MinervaSchemaRetriever: No schema was found for metric SIM.DirectiveAppRegistry.DirectiveTarget in source SIM_basic
07-01 22:48:32.278  1909  2702 I DeviceEvent: CSMSIM#directive_execution_ended#0#ExternalMediaPlayer#AuthorizeDiscoveredPlayers#03f95c13-4bdd-45c5-9d79-8cef13d2084d
07-01 22:48:32.278  1909  2702 I SPCH-SIM_DirectiveSequence: broadcasting sequence CSM_6b0f9dd7-67a5-4e52-8472-5ac18dd3c3b8_1782971311334.0..CSM_6b0f9dd7-67a5-4e52-8472-5ac18dd3c3b8_1782971311334
07-01 22:48:32.278  1909  2702 I SPCH-SIM_SimIntentRouterImpl: cancelSequence: CSM_6b0f9dd7-67a5-4e52-8472-5ac18dd3c3b8_1782971311334.0..CSM_6b0f9dd7-67a5-4e52-8472-5ac18dd3c3b8_1782971311334
07-01 22:48:32.278  1909  2702 I SPCH-SIM_RequestDataMapperController: Finish for directiveSequence => CSM_6b0f9dd7-67a5-4e52-8472-5ac18dd3c3b8_1782971311334.0..CSM_6b0f9dd7-67a5-4e52-8472-5ac18dd3c3b8_1782971311334
07-01 22:48:32.278  1909  2702 I SPCH-SIM_RequestDataMapperController: Publish UPL request data to server for directiveSequenceId => CSM_6b0f9dd7-67a5-4e52-8472-5ac18dd3c3b8_1782971311334.0..CSM_6b0f9dd7-67a5-4e52-8472-5ac18dd3c3b8_1782971311334
07-01 22:48:32.282  1909  2702 W SPCH-SIM_RequestDataMapperController: unset time -1: pointName => interactionStart directiveSequenceId => CSM_6b0f9dd7-67a5-4e52-8472-5ac18dd3c3b8_1782971311334.0..CSM_6b0f9dd7-67a5-4e52-8472-5ac18dd3c3b8_1782971311334 and directiveId => null
07-01 22:48:32.282  1909  2702 I SPCH-SIM_RequestDataMapperController: Publish UPL directive data to server for directiveSequenceId => CSM_6b0f9dd7-67a5-4e52-8472-5ac18dd3c3b8_1782971311334.0..CSM_6b0f9dd7-67a5-4e52-8472-5ac18dd3c3b8_1782971311334 and directiveId 03f95c13-4bdd-45c5-9d79-8cef13d2084d
07-01 22:48:32.283  1909  2702 I DeviceEvent: CSMSIM#directive_sequence_complete#1#CSM_6b0f9dd7-67a5-4e52-8472-5ac18dd3c3b8_1782971311334.0..CSM_6b0f9dd7-67a5-4e52-8472-5ac18dd3c3b8_1782971311334#false
07-01 22:48:32.284  1909  2702 I SPCH-SIM_SimDirectiveSequenceCallback: onDirectiveSequenceCompleted ID (CSM_6b0f9dd7-67a5-4e52-8472-5ac18dd3c3b8_1782971311334.0..CSM_6b0f9dd7-67a5-4e52-8472-5ac18dd3c3b8_1782971311334) cancelled (false) bargeIn (false)
07-01 22:48:32.284  1909  2702 I SPCH-SIM_SimStateMachine: Got SendDirectiveSequenceEvent in ReadyState
07-01 22:48:32.284  1909  2702 I SPCH-SIM_SendDirectiveSequenceEventCommand: execute action (STARTED) verified (false) seq-id (CSM_6b0f9dd7-67a5-4e52-8472-5ac18dd3c3b8_1782971311334.0..CSM_6b0f9dd7-67a5-4e52-8472-5ac18dd3c3b8_1782971311334)
07-01 22:48:32.284  1909  2702 I SPCH-SIM_DirectiveSequenceManager: recordSequenceStarted: CSM_6b0f9dd7-67a5-4e52-8472-5ac18dd3c3b8_1782971311334.0..CSM_6b0f9dd7-67a5-4e52-8472-5ac18dd3c3b8_1782971311334
07-01 22:48:32.284  1909  2702 W SPCH-SIM_DirectiveSequenceManager: No active sequence: CSM_6b0f9dd7-67a5-4e52-8472-5ac18dd3c3b8_1782971311334.0..CSM_6b0f9dd7-67a5-4e52-8472-5ac18dd3c3b8_1782971311334
07-01 22:48:32.284  1909  2702 I SPCH-SIM_SimStateMachine: Got SendDirectiveSequenceEvent in ReadyState
07-01 22:48:32.285  1909  2702 I SPCH-SIM_SendDirectiveSequenceEventCommand: execute action (FINISHED) verified (false) seq-id (CSM_6b0f9dd7-67a5-4e52-8472-5ac18dd3c3b8_1782971311334.0..CSM_6b0f9dd7-67a5-4e52-8472-5ac18dd3c3b8_1782971311334)
07-01 22:48:32.285  1909  2702 I SPCH-SIM_DirectiveSequenceManager: recordSequenceCompleted: CSM_6b0f9dd7-67a5-4e52-8472-5ac18dd3c3b8_1782971311334.0..CSM_6b0f9dd7-67a5-4e52-8472-5ac18dd3c3b8_1782971311334
07-01 22:48:32.285  1909  2702 W SPCH-SIM_DirectiveSequenceManager: No active sequence: CSM_6b0f9dd7-67a5-4e52-8472-5ac18dd3c3b8_1782971311334.0..CSM_6b0f9dd7-67a5-4e52-8472-5ac18dd3c3b8_1782971311334
07-01 22:48:32.292  2078  2078 I EMP_1.0.18125.0_ExternalMediaPlayerAgentService: Running background enabled version. Doing nothing.
07-01 22:48:32.292  2078  2078 I EMP_1.0.18125.0_ExternalMediaPlayerAgent: handleIntent: com.amazon.speech.ExternalMediaPlayer_AuthorizeDiscoveredPlayers
07-01 22:48:32.311  2078  3372 W SPCH-DirectiveIntent: Attempting to fetch directive from directive holder
07-01 22:48:32.311  1909  9779 I DirectiveHolder: Getting Directive (03f95c13-4bdd-45c5-9d79-8cef13d2084d)
07-01 22:48:32.583  2078  3372 I EMP_1.0.18125.0_EventsManager: Sending event: namespace: [ExternalMediaPlayer], name: [AuthorizationComplete], payload: [[REDACTED]]
07-01 22:48:32.583  2078  3372 I EMP_1.0.18125.0_BaseQueueRequest: SendEventsQueueRequest: Executing request (129). Retry number (0).
07-01 22:48:32.584  2078  3372 I EMP_1.0.18125.0_SendEventsQueueRequest: Attempting to send event for namespace [ExternalMediaPlayer], name [AuthorizationComplete].
07-01 22:48:32.584  2078  3372 I SPCH-EventMetadata: writeToParcel with bundle :true
07-01 22:48:32.585  1909  9779 I SPCH-EventMetadata: bundle found
07-01 22:48:32.589  1909  2702 I SPCH-SIM_SimStateMachine: Got AlexaEvent in ReadyState
07-01 22:48:32.590  1909  2913 I SPCH-SIM_SIMSCLSession: sendEvent ExternalMediaPlayer:AuthorizationComplete
07-01 22:48:32.591  1909  2913 I DeviceEvent: CSMSIM#alexa_event#1#ExternalMediaPlayer#AuthorizationComplete#true#false
07-01 22:48:32.592  1909  2913 I SPCH-SIM_RequestDataMapperController: Counting the size of the current mapper: 2
07-01 22:48:32.597  1909  2200 E SPCH-MinervaSchemaRetriever: No schema was found for metric SIM.SIMSCLSession.SendEvent in source SIM_basic
07-01 22:48:32.602  1909  2913 I SPCH-SIM_LockscreenContextCollector: isDeviceLocked: false | isDeviceSecure: false | mIsInTrustedWifi: false
07-01 22:48:32.608  1909  2200 E SPCH-MinervaSchemaRetriever: No schema was found for metric SIM.SIMSCLSession.StartRequestDuration.SendEvent in source SIM_basic
07-01 22:48:32.725  1909  5752 I SPCH-SCL_FrameLogger: INBOUND WINDOW_UPDATE: streamId=0 windowSizeIncrement=37862
07-01 22:48:32.800  1909  5752 I SPCH-SCL_Http2Message: status: 204
07-01 22:48:32.800  1909  5752 I SPCH-SCL_Http2Message: header: DefaultHttp2Headers[:status: 204, access-control-allow-origin: *, x-amzn-requestid: d66b2f71-b570-4c06-95cd-5e53cc5ab1aa, content-type: application/octet-stream, x-amzn-requestid: 0afff4fffe8ecbbb-00005b0e-21b81647-29e8289e1dba126c-5d9bd60e-91]
07-01 22:48:32.802  1909  2702 I SPCH-SIM_SimStateMachine: Got EndEventResponseEvent in ReadyState
07-01 22:48:32.802  1909  2702 I SPCH-SIM_SIMState: Ignoring EndEventResponseEvent
07-01 22:48:32.865  2078  2078 I EMP_1.0.18125.0_CsmClientsCallbacksImpl: SendEventsQueueRequest: Finished invoking request (129) on retry (0).
07-01 22:48:33.189 21473 21473 I com.amazon.aca/MAPInit: Initializing MAP (130050002 / MAPAndroidLib-1.3.38241.0) for app com.amazon.aca. MAP release version: 20250221N
07-01 22:48:33.319 21473 21473 W com.amazon.aca/MetricsHelper: FireOS Minerva metrics not supported
07-01 22:48:33.319 21473 21473 I com.amazon.aca/ClientSideAmazonPlatformDependencyImpl: isAmazonDevice() in ClientSideAmazonPlatformDependencyImpl is called
07-01 22:48:33.367 21473 21473 I com.amazon.aca/IsolatedModeSwitcher: App does not support client driven runtime isolation.
07-01 22:48:33.367 21473 21473 I com.amazon.aca/FeatureSetCache: Caching feature IsolateApplication as false
07-01 22:48:33.369 21473 21473 I com.amazon.aca/ClientToCentralTrustLogicImpl: Current package is: com.amazon.aca. Directly trust central package: com.amazon.imp, since it is system MAP library
07-01 22:48:33.380 21473 21473 W com.amazon.aca/MetricsHelper: FireOS Metrics component is not integrated. Please integrate with latest metrics component.
07-01 22:48:33.386 21473 21473 W com.amazon.aca/MetricsHelper: ThirdParty DCP metrics not supported
07-01 22:48:33.386 21473 21473 I com.amazon.aca/ClientSideAmazonPlatformDependencyImpl: isAmazonDevice() in ClientSideAmazonPlatformDependencyImpl is called
07-01 22:48:33.395 21473 21473 I com.amazon.aca/MAPInit: Running MAPInit on main thread: true
07-01 22:48:33.400 21473 21520 E com.amazon.aca/PlatformUtils: Could not initialize FidoAuthenticatorJSBridge because Fido client could not be initialized
07-01 22:48:33.428 21473 21473 E AlexaCentralForApps.MonitorMetricsLogger: Metrics Service could not be accessed: com.amazon.client.metrics.api, cannot log metrics
07-01 22:48:33.429 21473 21473 E AlexaCentralForApps.MonitorMetricsLogger: Metrics Service could not be accessed: com.amazon.client.metrics.api, cannot log metrics
07-01 22:48:33.436 21473 21521 I com.amazon.aca/DataStorageFactoryImpl: Creating new DataStorageFactoryImpl
07-01 22:48:33.436 21473 21521 I com.amazon.aca/MAPInitTasks: Get DataStorage instance for initialization
07-01 22:48:33.436 21473 21521 I com.amazon.aca/DataStorageFactoryImpl: Initializing new DataStorage
07-01 22:48:33.437 21473 21521 I com.amazon.aca/IsolatedModeSwitcher: App does not support client driven runtime isolation.
07-01 22:48:33.438 21473 21521 I com.amazon.aca/DeviceAttributeCache: Setting device attribute CentralAPK to true
07-01 22:48:33.439 21473 21473 E AlexaCentralForApps.MonitorMetricsLogger: Metrics Service could not be accessed: com.amazon.client.metrics.api, cannot log metrics
07-01 22:48:33.497   614   722 E WifiVendorHal: getWifiLinkLayerStats(l.937) failed {.code = ERROR_NOT_SUPPORTED, .description = }
07-01 22:48:33.502 21473 21521 I com.amazon.aca/ClientSideAmazonPlatformDependencyImpl: isAmazonDevice() in ClientSideAmazonPlatformDependencyImpl is called
07-01 22:48:33.503 21473 21521 I com.amazon.aca/DataStorageFactoryImpl: Creating and using new CentralAccountManagerDataStorage
07-01 22:48:33.555 21473 21521 I com.amazon.aca/ClientSideAmazonPlatformDependencyImpl: isAmazonDevice() in ClientSideAmazonPlatformDependencyImpl is called
07-01 22:48:33.583 21473 21521 I com.amazon.aca/LocalKeyValueStore: Create DE shared preference, OS supports direct boot.
07-01 22:48:33.589 21473 21473 I AlexaCentralForApps.PackageChangeBroadcastReceiver: Received package changed broadcast
07-01 22:48:33.618 21473 21521 I com.amazon.aca/ClientSideAmazonPlatformDependencyImpl: isAmazonDevice() in ClientSideAmazonPlatformDependencyImpl is called
07-01 22:48:33.618 21473 21521 I com.amazon.aca/LocalKeyValueStore: Create DE shared preference, OS supports direct boot.
07-01 22:48:33.618 21473 21521 I com.amazon.aca/MAPInitTasks: Initialize DataStorage instance
07-01 22:48:33.618 21473 21521 I com.amazon.aca/MAPInitTasks: Setup DataStorage instance
07-01 22:48:33.619 21473 21521 I com.amazon.aca/ClientToCentralTrustLogicImpl: Current package is: com.amazon.aca. Directly trust central package: com.amazon.imp, since it is system MAP library
07-01 22:48:33.621 21473 21521 I com.amazon.aca/IsolatedModeSwitcher: App does not support client driven runtime isolation.
07-01 22:48:33.628   614  1065 W BroadcastQueue: Background execution not allowed: receiving Intent { act=android.intent.action.PACKAGE_ADDED (has data) flg=0x4000010 (has extras) } to com.amazon.adep/.nimh.device.management.PackageStatusReceiver
07-01 22:48:33.634   614   631 W BroadcastQueue: Background execution not allowed: receiving Intent { act=android.intent.action.PACKAGE_ADDED (has data) flg=0x4000010 (has extras) } to com.amazon.alexa.multimodal.gemini/com.amazon.alexamediaplayer.runtime.broadcastreceiver.MediaReceivers$PackageUpdatedReceiver
07-01 22:48:33.635   614   631 W BroadcastQueue: Background execution not allowed: receiving Intent { act=android.intent.action.PACKAGE_ADDED (has data) flg=0x4000010 (has extras) } to com.amazon.alexa.multimodal.gemini/amazon.speech.simclient.endpointstate.defaultvalue.DefaultStateTrigger
07-01 22:48:33.636   614   631 W BroadcastQueue: Background execution not allowed: receiving Intent { act=android.intent.action.PACKAGE_ADDED (has data) flg=0x4000010 (has extras) } to com.amazon.identity.auth.device.authorization/.appsync.PackageChangedReceiver
07-01 22:48:33.636   614   631 W BroadcastQueue: Background execution not allowed: receiving Intent { act=android.intent.action.PACKAGE_ADDED (has data) flg=0x4000010 (has extras) } to com.amazon.venezia/com.amazon.mas.client.appupdateservice.PackageStateReceiver
07-01 22:48:33.636   614   631 W BroadcastQueue: Background execution not allowed: receiving Intent { act=android.intent.action.PACKAGE_ADDED (has data) flg=0x4000010 (has extras) } to com.amazon.venezia/com.amazon.mas.client.install.background.AndroidPackageBroadcastReceiver
07-01 22:48:33.646 21473 21521 I com.amazon.aca/TrustedPackageManager: Trying to use default signature based package trust logic. This should be on 3P device
07-01 22:48:33.646 21473 21521 I com.amazon.aca/TrustedPackageManager: Setting package trust logic as: signature based package trust logic
07-01 22:48:33.648 21473 21521 W com.amazon.aca: Class com.amazon.identity.auth.device.framework.AmazonDeviceInfo failed lock verification and will run slower.
07-01 22:48:33.649 21473 21521 W com.amazon.aca: Common causes for lock verification issues are non-optimized dex code
07-01 22:48:33.649 21473 21521 W com.amazon.aca: and incorrect proguard optimizations.
07-01 22:48:33.676 21473 21521 I com.amazon.aca/ClientSideAmazonPlatformDependencyImpl: isAmazonDevice() in ClientSideAmazonPlatformDependencyImpl is called
07-01 22:48:33.676 21473 21521 I com.amazon.aca/LocalKeyValueStore: Create DE shared preference, OS supports direct boot.
07-01 22:48:33.676 21473 21521 I com.amazon.aca/ClientSideAmazonPlatformDependencyImpl: isAmazonDevice() in ClientSideAmazonPlatformDependencyImpl is called
07-01 22:48:33.868 21473 21521 I com.amazon.aca/ClientToCentralTrustLogicImpl: Current package is: com.amazon.aca. Directly trust central package: com.amazon.imp, since it is system MAP library
07-01 22:48:33.869 21473 21521 I com.amazon.aca/ClientToCentralTrustLogicImpl: Current package is: com.amazon.aca. Directly trust central package: com.amazon.imp, since it is system MAP library
07-01 22:48:33.870 21473 21521 I com.amazon.aca/MAPInitTasks: Start update legacy authportal domain in database if needed
07-01 22:48:33.976   614   624 W BroadcastQueue: Background execution not allowed: receiving Intent { act=android.intent.action.PACKAGE_ADDED (has data) flg=0x4000010 (has extras) } to com.android.gallery3d/.app.PackagesMonitor
07-01 22:48:33.980   614   631 W BroadcastQueue: Background execution not allowed: receiving Intent { act=android.intent.action.PACKAGE_ADDED (has data) flg=0x4000010 (has extras) } to com.android.musicfx/.Compatibility$Receiver
07-01 22:48:33.980   614   631 W BroadcastQueue: Background execution not allowed: receiving Intent { act=android.intent.action.PACKAGE_ADDED (has data) flg=0x4000010 (has extras) } to com.svox.pico/.VoiceDataInstallerReceiver
07-01 22:48:33.987  2078  2078 I EMP_1.0.18125.0_ExternalMediaPlayerAgentService: Running background enabled version. Doing nothing.
07-01 22:48:33.987  2078  2078 I EMP_1.0.18125.0_ExternalMediaPlayerAgent: handleIntent: com.amazon.alexa.android.intent.action.PACKAGE_ADDED
07-01 22:48:33.987  2078  2078 I EMP_1.0.18125.0_DiscoveryAgent: Discovering compatible players on the device.
07-01 22:48:33.998   614   737 I DeviceStorageMonitor: invalid dyno offload threshold; returning
07-01 22:48:34.090  2078  2078 W EMP_1.0.18125.0_PlayerMetadataFactory: Defaults service com.amazon.mp3.auto.AutoMusicService version 2.0 to use PlayerMetadataV1
07-01 22:48:34.114  2078  2078 W EMP_1.0.18125.0_PlayerMetadataFactory: Unsupported version [1.1]
07-01 22:48:34.115  2078  2078 I EMP_1.0.18125.0_DiscoveryAgent: Found [3] players.
07-01 22:48:34.115  2078  2078 I EMP_1.0.18125.0_DiscoveryAgent: Package 'com.amazon.alexa.multimodal.gemini' already discovered, but we haven't reported successfully to Alexa recently (last attempt was 1849 ms ago). Attempting to report again.
07-01 22:48:34.115  2078  2078 I EMP_1.0.18125.0_DiscoveryAgent: Discovered player in package 'com.amazon.alexa.multimodal.gemini'.
07-01 22:48:34.115  2078  2078 I EMP_1.0.18125.0_DiscoveryAgent: Package 'com.amazon.avod' already authorized.
07-01 22:48:34.115  2078  2078 I EMP_1.0.18125.0_DiscoveryAgent: Package 'com.amazon.mp3' already discovered, but we haven't reported successfully to Alexa recently (last attempt was 1849 ms ago). Attempting to report again.
07-01 22:48:34.115  2078  2078 I EMP_1.0.18125.0_DiscoveryAgent: Discovered player in package 'com.amazon.mp3'.
07-01 22:48:34.119  2078  2078 I EMP_1.0.18125.0_EventsManager: Sending event: namespace: [ExternalMediaPlayer], name: [ReportDiscoveredPlayers], payload: [[REDACTED]]
07-01 22:48:34.119  2078  2078 I EMP_1.0.18125.0_BaseQueueRequest: SendEventsQueueRequest: Executing request (130). Retry number (0).
07-01 22:48:34.119  2078  2078 I EMP_1.0.18125.0_SendEventsQueueRequest: Attempting to send event for namespace [ExternalMediaPlayer], name [ReportDiscoveredPlayers].
07-01 22:48:34.120  2078  2078 I SPCH-EventMetadata: writeToParcel with bundle :true
07-01 22:48:34.120  1909  9779 I SPCH-EventMetadata: bundle found
07-01 22:48:34.121  1909  2702 I SPCH-SIM_SimStateMachine: Got AlexaEvent in ReadyState
07-01 22:48:34.122  1909  2913 I SPCH-SIM_SIMSCLSession: sendEvent ExternalMediaPlayer:ReportDiscoveredPlayers
07-01 22:48:34.123  1909  2913 I DeviceEvent: CSMSIM#alexa_event#1#ExternalMediaPlayer#ReportDiscoveredPlayers#true#false
07-01 22:48:34.123  1909  2913 I SPCH-SIM_RequestDataMapperController: Counting the size of the current mapper: 2
07-01 22:48:34.131  1909  2913 I SPCH-SIM_LockscreenContextCollector: isDeviceLocked: false | isDeviceSecure: false | mIsInTrustedWifi: false
07-01 22:48:34.135  1909  2200 E SPCH-MinervaSchemaRetriever: No schema was found for metric SIM.SIMSCLSession.SendEvent in source SIM_basic
07-01 22:48:34.136  1909  2200 E SPCH-MinervaSchemaRetriever: No schema was found for metric SIM.SIMSCLSession.StartRequestDuration.SendEvent in source SIM_basic
07-01 22:48:34.195 21473 21508 E AlexaCentralForApps.MonitorMetricsLogger: Metrics Service could not be accessed: com.amazon.client.metrics.api, cannot log metrics
07-01 22:48:34.195 21473 21508 I AlexaCentralForApps.ArcusUtils: Configuration manager successfully initialized.
07-01 22:48:34.195 21473 21508 E AlexaCentralForApps.MonitorMetricsLogger: Metrics Service could not be accessed: com.amazon.client.metrics.api, cannot log metrics
07-01 22:48:34.246 21473 21508 I AlexaCentralForApps.AcaAuthUtility: Not updating cache as the conditions have not met
07-01 22:48:34.246 21473 21508 E AlexaCentralForApps.MonitorMetricsLogger: Metrics Service could not be accessed: com.amazon.client.metrics.api, cannot log metrics
07-01 22:48:34.263 21473 21508 I com.amazon.aca/ClientSideAmazonPlatformDependencyImpl: isAmazonDevice() in ClientSideAmazonPlatformDependencyImpl is called
07-01 22:48:34.263 21473 21508 I com.amazon.aca/LocalKeyValueStore: Create DE shared preference, OS supports direct boot.
07-01 22:48:34.263 21473 21508 I com.amazon.aca/ClientSideAmazonPlatformDependencyImpl: isAmazonDevice() in ClientSideAmazonPlatformDependencyImpl is called
07-01 22:48:34.273 21473 21530 I AlexaCentralForApps.AcaAuthUtility: Not updating cache as the conditions have not met
07-01 22:48:34.382 21473 21508 E AlexaCentralForApps.MonitorMetricsLogger: Metrics Service could not be accessed: com.amazon.client.metrics.api, cannot log metrics
07-01 22:48:34.387 21473 21533 I AlexaCentralForApps.AcaAuthUtility: Not updating cache as the conditions have not met
07-01 22:48:34.392  8673  8673 I AMPR_2.1.38524.0_ServiceStartTypeManager: Starting NowPlayingService as a foreground service.
07-01 22:48:34.392  8673  8673 I AMPR_2.1.38524.0_ServiceStartTypeManager: start foreground
07-01 22:48:34.459   614   624 W Process : Unable to open /proc/0/status
07-01 22:48:34.469 21473 21526 I AlexaCentralForApps.LiveCardsStateProvider: Client ineligible. No actions to be taken
07-01 22:48:34.470 21473 21526 E AlexaCentralForApps.MonitorMetricsLogger: Metrics Service could not be accessed: com.amazon.client.metrics.api, cannot log metrics
07-01 22:48:34.470 21473 21526 W AlexaCentralForApps.PackageChangeService: System not ready. Return early.
07-01 22:48:34.470 21473 21526 E AlexaCentralForApps.MonitorMetricsLogger: Metrics Service could not be accessed: com.amazon.client.metrics.api, cannot log metrics
07-01 22:48:34.474  8673  8673 I AMPR_2.1.38524.0_ServiceStartTypeManager: Removing scheduled (or completed) NowPlayingService stop foreground.
07-01 22:48:34.474  8673  8673 I AMPR_2.1.38524.0_AbstractMediaService: Canceling stopping of service NowPlayingService
07-01 22:48:34.475  8673  8673 I AMPR_2.1.38524.0_ServiceStartTypeManager: Scheduling NowPlayingService stop foreground after a delay of [1000] ms.
07-01 22:48:34.487  8673  8673 I AMPR_2.1.38524.0_AbstractMediaService: Is amp manager initialized true
07-01 22:48:34.499   614   633 I ActivityManager: Start proc 21537:com.amazon.adep/u0a64 for broadcast com.amazon.adep/.nimh.device.management.SecurityEventReceiver
07-01 22:48:34.501  1909  5752 I SPCH-SCL_Http2Message: status: 200
07-01 22:48:34.501  1909  5752 I SPCH-SCL_Http2Message: header: DefaultHttp2Headers[:status: 200, x-amzn-requestid: 0bb94ab1-0f97-4760-8b66-8b079b7f5118, content-type: multipart/related; boundary=------abcde123; start=metadata.1782846242253; type="application/json", x-amzn-requestid: 0afff4fffe8ecbbb-00005b0e-21b81647-29e8289e1dba126c-5d9bd60e-93, access-control-allow-origin: *]
07-01 22:48:34.502  1909  5752 I SPCH-SCL_Http2Message: onDataRead: 93
07-01 22:48:34.502  1909  5762 I SPCH-SCL_MultipartParser: content-Type: application/json; charset=UTF-8
07-01 22:48:34.503  1909  5762 I SPCH-SCL_MultipartParser: processJsonData
07-01 22:48:34.503  1909  5762 I SPCH-SCL_MessageParser: event ID: CSM_ac83cddf-871b-4bce-adcf-c43aaea3d889_1782971314121.0..CSM_ac83cddf-871b-4bce-adcf-c43aaea3d889_1782971314121
07-01 22:48:34.503  1909  5762 I SPCH-SCL_MessageParser: message ID: 88642be3-c87f-4eb6-9104-de8593c7499b
07-01 22:48:34.504  1909  5762 I SPCH-SCL_MessageParser: [namespace=ExternalMediaPlayer, name=AuthorizeDiscoveredPlayers]
07-01 22:48:34.504  1909  5762 I DeviceEvent: CSMSIM#directive_received#1#ExternalMediaPlayer#AuthorizeDiscoveredPlayers#CSM_ac83cddf-871b-4bce-adcf-c43aaea3d889_1782971314121.0..CSM_ac83cddf-871b-4bce-adcf-c43aaea3d889_1782971314121#88642be3-c87f-4eb6-9104-de8593c7499b
07-01 22:48:34.505  8673  8673 W SPCH-DirectiveIntent: Directive not present in intent, checking old format
07-01 22:48:34.508  1909  5752 I SPCH-SCL_Http2Message: onDataRead: 93
07-01 22:48:34.509  1909  5752 I SPCH-SCL_Http2Message: onDataRead: 93
07-01 22:48:34.509  1909  5762 I SPCH-SCL_MultipartParser: readBoundary false
07-01 22:48:34.509  1909  5752 I SPCH-SCL_Http2Message: onStreamClosed: 93
07-01 22:48:34.511  8673  8673 E SPCH-DirectiveIntent: Intent does not have 'directiveId' field
07-01 22:48:34.511  1909  5752 E ShmAudioStreamWriter: close: is closed.
07-01 22:48:34.512  1909  5762 I SPCH-SCL_Http2Message: Finished sendSuccessToObserver
07-01 22:48:34.512  1909  2702 I SPCH-SIM_SimStateMachine: Got NonSpeechResponseEvent in ReadyState
07-01 22:48:34.512  2078  2078 I EMP_1.0.18125.0_CsmClientsCallbacksImpl: SendEventsQueueRequest: Finished invoking request (130) on retry (0).
07-01 22:48:34.513  1909  2702 I SPCH-SIM_DirectiveHelper: Directive namespace (ExternalMediaPlayer) name (AuthorizeDiscoveredPlayers) approved
07-01 22:48:34.513  1909  2702 E SPCH-SIM_NexusControllerImpl: decorateIntent: can not find a nexus session ID for request: CSM_ac83cddf-871b-4bce-adcf-c43aaea3d889_1782971314121.0..CSM_ac83cddf-871b-4bce-adcf-c43aaea3d889_1782971314121
07-01 22:48:34.514  1909  2702 W SPCH-DirectiveIntent: Directive not present in intent, checking old format
07-01 22:48:34.514  1909  2702 W SPCH-DirectiveIntent: Directive not present in intent, checking old format
07-01 22:48:34.514  1909  2702 W UPLRecorder: Missing 'intent_name', which is optional. Continue
07-01 22:48:34.514  1909  2702 W UPLRecorder: Missing 'interaction_label', which is optional. Continue
07-01 22:48:34.515  1909  2702 I SPCH-SIM_CancelledDirectiveCache: Directive with sequence ID CSM_ac83cddf-871b-4bce-adcf-c43aaea3d889_1782971314121.0..CSM_ac83cddf-871b-4bce-adcf-c43aaea3d889_1782971314121 has been cancelled: false
07-01 22:48:34.515  1909  2702 I SPCH-SIM_SimIntentRouterImpl: Creating voice sequence with ID:CSM_ac83cddf-871b-4bce-adcf-c43aaea3d889_1782971314121.0..CSM_ac83cddf-871b-4bce-adcf-c43aaea3d889_1782971314121
07-01 22:48:34.515  1909  2702 I DeviceEvent: CSMSIM#directive_sequence_start#0#CSM_ac83cddf-871b-4bce-adcf-c43aaea3d889_1782971314121.0..CSM_ac83cddf-871b-4bce-adcf-c43aaea3d889_1782971314121
07-01 22:48:34.515  1909  2702 I SPCH-SIM_SimDirectiveSequenceCallback: onDirectiveSequenceStarted ID (CSM_ac83cddf-871b-4bce-adcf-c43aaea3d889_1782971314121.0..CSM_ac83cddf-871b-4bce-adcf-c43aaea3d889_1782971314121)
07-01 22:48:34.515  1909  2702 I SPCH-CapAg_CapabilityAgentDirectiveInterceptor: Intercepting directive ExternalMediaPlayer.AuthorizeDiscoveredPlayers? false
07-01 22:48:34.515  1909  2702 I SPCH-SIM_DirectiveSequence: broadcasting sequence CSM_ac83cddf-871b-4bce-adcf-c43aaea3d889_1782971314121.0..CSM_ac83cddf-871b-4bce-adcf-c43aaea3d889_1782971314121
07-01 22:48:34.516  1909  2702 I SPCH-SIM_DirectiveSequence: Getting action for directive (ExternalMediaPlayer_AuthorizeDiscoveredPlayers dirId:88642be3-c87f-4eb6-9104-de8593c7499b seqId:CSM_ac83cddf-871b-4bce-adcf-c43aaea3d889_1782971314121.0..CSM_ac83cddf-871b-4bce-adcf-c43aaea3d889_1782971314121 keys:{})
07-01 22:48:34.516  1909  2702 I DeviceEvent: CSMSIM#directive_dispatching#1#CSM_ac83cddf-871b-4bce-adcf-c43aaea3d889_1782971314121.0..CSM_ac83cddf-871b-4bce-adcf-c43aaea3d889_1782971314121#88642be3-c87f-4eb6-9104-de8593c7499b#ExternalMediaPlayer#AuthorizeDiscoveredPlayers#neither
07-01 22:48:34.517  1909  2702 I DeviceEvent: CSMSIM#directive_execution_started#0#ExternalMediaPlayer#AuthorizeDiscoveredPlayers#88642be3-c87f-4eb6-9104-de8593c7499b
07-01 22:48:34.517  1909  2702 I SPCH-SIM_ExplicitIntentAction: Broadcasting EXECUTE for ExternalMediaPlayer_AuthorizeDiscoveredPlayers 
07-01 22:48:34.517  1909  2702 I SPCH-SIM_ExplicitIntentAction: Applying delay for pause directive
07-01 22:48:34.518  1909  2702 I SPCH-SIM_DirectiveAppRegistry: Number of registered components for intent [com.amazon.speech.ExternalMediaPlayer_AuthorizeDiscoveredPlayers]: 1
07-01 22:48:34.519  1909  2702 I DeviceEvent: CSMSIM#intent_fired#0#ExternalMediaPlayer
07-01 22:48:34.519  1909  2702 I SPCH-SIM_MetricsManager: Cannot record directive dispatch. No record for element.
07-01 22:48:34.519  1909  2702 E SPCH-SIM_NexusControllerImpl: decorateIntent: can not find a nexus session ID for request: CSM_ac83cddf-871b-4bce-adcf-c43aaea3d889_1782971314121.0..CSM_ac83cddf-871b-4bce-adcf-c43aaea3d889_1782971314121
07-01 22:48:34.519  1909  2702 I SPCH-SIM_ExplicitIntentAction: Sending intent: (com.amazon.speech.ExternalMediaPlayer_AuthorizeDiscoveredPlayers)
07-01 22:48:34.519  1909  2702 I SPCH-SIM_ExplicitIntentAction: 	Target: (TargetApp: Component (com.amazon.alexa.externalmediaplayeragent.receivers.DirectiveReceiver), Package (com.amazon.alexa.multimodal.gemini), Type (RECEIVER))
07-01 22:48:34.520  1909  2200 E SPCH-MinervaSchemaRetriever: No schema was found for metric SIM.DirectiveAppRegistry.DirectiveTarget in source SIM_basic
07-01 22:48:34.522  1909  2702 I DeviceEvent: CSMSIM#directive_execution_ended#0#ExternalMediaPlayer#AuthorizeDiscoveredPlayers#88642be3-c87f-4eb6-9104-de8593c7499b
07-01 22:48:34.522  1909  2702 I SPCH-SIM_DirectiveSequence: broadcasting sequence CSM_ac83cddf-871b-4bce-adcf-c43aaea3d889_1782971314121.0..CSM_ac83cddf-871b-4bce-adcf-c43aaea3d889_1782971314121
07-01 22:48:34.523  1909  2702 I SPCH-SIM_SimIntentRouterImpl: cancelSequence: CSM_ac83cddf-871b-4bce-adcf-c43aaea3d889_1782971314121.0..CSM_ac83cddf-871b-4bce-adcf-c43aaea3d889_1782971314121
07-01 22:48:34.523  1909  2702 I SPCH-SIM_RequestDataMapperController: Finish for directiveSequence => CSM_ac83cddf-871b-4bce-adcf-c43aaea3d889_1782971314121.0..CSM_ac83cddf-871b-4bce-adcf-c43aaea3d889_1782971314121
07-01 22:48:34.523  1909  2702 I SPCH-SIM_RequestDataMapperController: Publish UPL request data to server for directiveSequenceId => CSM_ac83cddf-871b-4bce-adcf-c43aaea3d889_1782971314121.0..CSM_ac83cddf-871b-4bce-adcf-c43aaea3d889_1782971314121
07-01 22:48:34.523  1909  2702 W SPCH-SIM_RequestDataMapperController: unset time -1: pointName => interactionStart directiveSequenceId => CSM_ac83cddf-871b-4bce-adcf-c43aaea3d889_1782971314121.0..CSM_ac83cddf-871b-4bce-adcf-c43aaea3d889_1782971314121 and directiveId => null
07-01 22:48:34.523  1909  2702 I SPCH-SIM_RequestDataMapperController: Publish UPL directive data to server for directiveSequenceId => CSM_ac83cddf-871b-4bce-adcf-c43aaea3d889_1782971314121.0..CSM_ac83cddf-871b-4bce-adcf-c43aaea3d889_1782971314121 and directiveId 88642be3-c87f-4eb6-9104-de8593c7499b
07-01 22:48:34.524  1909  2702 I DeviceEvent: CSMSIM#directive_sequence_complete#1#CSM_ac83cddf-871b-4bce-adcf-c43aaea3d889_1782971314121.0..CSM_ac83cddf-871b-4bce-adcf-c43aaea3d889_1782971314121#false
07-01 22:48:34.524  1909  2702 I SPCH-SIM_SimDirectiveSequenceCallback: onDirectiveSequenceCompleted ID (CSM_ac83cddf-871b-4bce-adcf-c43aaea3d889_1782971314121.0..CSM_ac83cddf-871b-4bce-adcf-c43aaea3d889_1782971314121) cancelled (false) bargeIn (false)
07-01 22:48:34.525  1909  2702 I SPCH-SIM_SimStateMachine: Got SendDirectiveSequenceEvent in ReadyState
07-01 22:48:34.525  1909  2702 I SPCH-SIM_SendDirectiveSequenceEventCommand: execute action (STARTED) verified (false) seq-id (CSM_ac83cddf-871b-4bce-adcf-c43aaea3d889_1782971314121.0..CSM_ac83cddf-871b-4bce-adcf-c43aaea3d889_1782971314121)
07-01 22:48:34.525  1909  2702 I SPCH-SIM_DirectiveSequenceManager: recordSequenceStarted: CSM_ac83cddf-871b-4bce-adcf-c43aaea3d889_1782971314121.0..CSM_ac83cddf-871b-4bce-adcf-c43aaea3d889_1782971314121
07-01 22:48:34.525  1909  2702 W SPCH-SIM_DirectiveSequenceManager: No active sequence: CSM_ac83cddf-871b-4bce-adcf-c43aaea3d889_1782971314121.0..CSM_ac83cddf-871b-4bce-adcf-c43aaea3d889_1782971314121
07-01 22:48:34.525  1909  2702 I SPCH-SIM_SimStateMachine: Got SendDirectiveSequenceEvent in ReadyState
07-01 22:48:34.525  1909  2702 I SPCH-SIM_SendDirectiveSequenceEventCommand: execute action (FINISHED) verified (false) seq-id (CSM_ac83cddf-871b-4bce-adcf-c43aaea3d889_1782971314121.0..CSM_ac83cddf-871b-4bce-adcf-c43aaea3d889_1782971314121)
07-01 22:48:34.525  1909  2702 I SPCH-SIM_DirectiveSequenceManager: recordSequenceCompleted: CSM_ac83cddf-871b-4bce-adcf-c43aaea3d889_1782971314121.0..CSM_ac83cddf-871b-4bce-adcf-c43aaea3d889_1782971314121
07-01 22:48:34.525  1909  2702 W SPCH-SIM_DirectiveSequenceManager: No active sequence: CSM_ac83cddf-871b-4bce-adcf-c43aaea3d889_1782971314121.0..CSM_ac83cddf-871b-4bce-adcf-c43aaea3d889_1782971314121
07-01 22:48:34.529  2078  2078 I EMP_1.0.18125.0_ExternalMediaPlayerAgentService: Running background enabled version. Doing nothing.
07-01 22:48:34.529  2078  2078 I EMP_1.0.18125.0_ExternalMediaPlayerAgent: handleIntent: com.amazon.speech.ExternalMediaPlayer_AuthorizeDiscoveredPlayers
07-01 22:48:34.529  2078  3372 W SPCH-DirectiveIntent: Attempting to fetch directive from directive holder
07-01 22:48:34.529  1909  9779 I DirectiveHolder: Getting Directive (88642be3-c87f-4eb6-9104-de8593c7499b)
07-01 22:48:34.530  2078  3372 I EMP_1.0.18125.0_EventsManager: Sending event: namespace: [ExternalMediaPlayer], name: [AuthorizationComplete], payload: [[REDACTED]]
07-01 22:48:34.530  2078  3372 I EMP_1.0.18125.0_BaseQueueRequest: SendEventsQueueRequest: Executing request (131). Retry number (0).
07-01 22:48:34.530  2078  3372 I EMP_1.0.18125.0_SendEventsQueueRequest: Attempting to send event for namespace [ExternalMediaPlayer], name [AuthorizationComplete].
07-01 22:48:34.530  2078  3372 I SPCH-EventMetadata: writeToParcel with bundle :true
07-01 22:48:34.531  1909  9779 I SPCH-EventMetadata: bundle found
07-01 22:48:34.531  1909  2702 I SPCH-SIM_SimStateMachine: Got AlexaEvent in ReadyState
07-01 22:48:34.532  1909  2913 I SPCH-SIM_SIMSCLSession: sendEvent ExternalMediaPlayer:AuthorizationComplete
07-01 22:48:34.532  1909  2913 I DeviceEvent: CSMSIM#alexa_event#1#ExternalMediaPlayer#AuthorizationComplete#true#false
07-01 22:48:34.532  1909  2200 E SPCH-MinervaSchemaRetriever: No schema was found for metric SIM.SIMSCLSession.SendEvent in source SIM_basic
07-01 22:48:34.532  1909  2913 I SPCH-SIM_RequestDataMapperController: Counting the size of the current mapper: 2
07-01 22:48:34.534  1909  2913 I SPCH-SIM_LockscreenContextCollector: isDeviceLocked: false | isDeviceSecure: false | mIsInTrustedWifi: false
07-01 22:48:34.537  1909  2200 E SPCH-MinervaSchemaRetriever: No schema was found for metric SIM.SIMSCLSession.StartRequestDuration.SendEvent in source SIM_basic
07-01 22:48:34.556 21473 21531 I DPLogger: DPLogger - Name was too long. Truncating; original name: BaseMetricsServiceFactory, truncated name: BaseMetricsServiceFacto
07-01 22:48:34.557 21473 21531 I DPLogger: DPLogger - Name was too long. Truncating; original name: MetricsConfigurationParser, truncated name: MetricsConfigurationPar
07-01 22:48:34.612   614   614 W Process : Unable to open /proc/0/status
07-01 22:48:34.621   382   421 I vendor.mediatek.hardware.power@2.0-impl: powerHintAsync hint:2, data:0
07-01 22:48:34.627   614   633 I ActivityManager: Start proc 21575:com.amazon.storagemanager/1000 for service com.amazon.storagemanager/.services.StorageChangeJobService
07-01 22:48:34.631   382   420 I libPowerHal: 2: legacy set freq: 1989000 -1 1989000 -1
07-01 22:48:34.631   382   421 I vendor.mediatek.hardware.power@2.0-impl: powerHintAsync hint:2, data:0
07-01 22:48:34.671  1909  1932 I azon.speech.si: Background concurrent copying GC freed 85484(4MB) AllocSpace objects, 70(1448KB) LOS objects, 50% free, 5MB/11MB, paused 149us total 134.501ms
07-01 22:48:34.703 21537 21537 E com.amazon.ade: Not starting debugger since process cannot load the jdwp agent.
07-01 22:48:34.703 21575 21575 E .storagemanage: Not starting debugger since process cannot load the jdwp agent.
07-01 22:48:34.721  1909  5752 I SPCH-SCL_Http2Message: status: 204
07-01 22:48:34.721  1909  5752 I SPCH-SCL_Http2Message: header: DefaultHttp2Headers[:status: 204, access-control-allow-origin: *, x-amzn-requestid: 8e14f9ff-8bfe-4f43-b00b-6ef0dbe2cbd9, content-type: application/octet-stream, x-amzn-requestid: 0afff4fffe8ecbbb-00005b0e-21b81647-29e8289e1dba126c-5d9bd60e-95]
07-01 22:48:34.722  1909  2702 I SPCH-SIM_SimStateMachine: Got EndEventResponseEvent in ReadyState
07-01 22:48:34.722  2078  2078 I EMP_1.0.18125.0_CsmClientsCallbacksImpl: SendEventsQueueRequest: Finished invoking request (131) on retry (0).
07-01 22:48:34.722  1909  2702 I SPCH-SIM_SIMState: Ignoring EndEventResponseEvent
07-01 22:48:34.725 21383 21383 I InstallSuccess: Finished installing com.lonetechwiz.hearthshelf
07-01 22:48:34.772   382   420 I libPowerHal: 2: legacy set freq: -1 -1 -1 -1
07-01 22:48:34.851   456   456 I thermal_repeater: socket -1
07-01 22:48:34.906   614 18384 I AlexaModeSwitchManagerImpl: Inside getMode
07-01 22:48:34.910 21537 21537 I com.amazon.ade: The ClassLoaderContext is a special shared library.
07-01 22:48:34.910 21575 21575 I .storagemanage: The ClassLoaderContext is a special shared library.
07-01 22:48:34.918  1909  1909 I SPCH-ADW_TabletWindowContract: onActivityResume() com.android.packageinstaller.DeleteStagedFileOnResult
07-01 22:48:34.989 21575 21575 I .storagemanage: The ClassLoaderContext is a special shared library.
07-01 22:48:35.009 21537 21537 I com.amazon.ade: The ClassLoaderContext is a special shared library.
07-01 22:48:35.014   374   583 W AudioALSAHardware: setParameters(), still have param.size() = 1, remain param = "continuous_audio_mode=0"
07-01 22:48:35.014   387  2085 I hash_map_utils: key: 'continuous_audio_mode' value: '0'
07-01 22:48:35.016   614 18384 I AlexaModeSwitchManagerImpl: Inside getMode
07-01 22:48:35.025  1909  1909 I SPCH-ADW_TabletWindowContract: onActivityResume() com.android.documentsui.files.FilesActivity
07-01 22:48:35.025   374 15957 W AudioALSAHardware: setParameters(), still have param.size() = 1, remain param = "continuous_audio_mode=0"
07-01 22:48:35.026   387  2085 I hash_map_utils: key: 'continuous_audio_mode' value: '0'
07-01 22:48:35.049 21575 21575 I .storagemanage: The ClassLoaderContext is a special shared library.
07-01 22:48:35.072 21575 21575 W .storagemanage: ClassLoaderContext classpath size mismatch for position 0. expected=0, found=3 (PCL[] | PCL[/system/priv-app/MinervaApi/MinervaApi.apk*3382482012:/system/framework/com.amazon.h2contracts.jar*1687332315:/system/framework/com.amazon.h2shared.jar*251353553])
07-01 22:48:35.072 21537 21537 W com.amazon.ade: ClassLoaderContext classpath size mismatch for position 0. expected=0, found=2 (PCL[] | PCL[/system/priv-app/MinervaApi/MinervaApi.apk*3382482012:/system/framework/com.amazon.identity.auth.device.jar*2906869564])
07-01 22:48:35.103 21575 21575 I .storagemanage: The ClassLoaderContext is a special shared library.
07-01 22:48:35.115   614   788 W AmazonProfileService: Active profile for the package xxx not present for customer Id xxx
07-01 22:48:35.115   614   788 W AmazonProfileService: Active profile for the programId PCA_FIRE_TABLET not present for customerId xxx
07-01 22:48:35.145  1544  1763 I com.amazon.client.metrics/ClientSideAmazonPlatformDependencyImpl: isAmazonDevice() in ClientSideAmazonPlatformDependencyImpl is called
07-01 22:48:35.150 21575 21575 I .storagemanage: The ClassLoaderContext is a special shared library.
07-01 22:48:35.181 21575 21575 W .storagemanage: ClassLoaderContext classpath size mismatch for position 0. expected=0, found=6 (PCL[] | PCL[/system/priv-app/MinervaApi/MinervaApi.apk*3382482012:/system/framework/com.amazon.h2contracts.jar*1687332315:/system/framework/com.amazon.h2shared.jar*251353553:/system/priv-app/MetricsApi/MetricsApi.apk*86587517:/system/framework/com.amazon.identity.auth.device.jar*2906869564:/system/framework/AWSRemoteConfigurationAndroidClient.jar*1551857361])
07-01 22:48:35.233 21575 21575 W .storagemanage: ClassLoaderContext classpath size mismatch for position 0. expected=0, found=7 (PCL[] | PCL[/system/priv-app/MinervaApi/MinervaApi.apk*3382482012:/system/framework/com.amazon.h2contracts.jar*1687332315:/system/framework/com.amazon.h2shared.jar*251353553:/system/priv-app/MetricsApi/MetricsApi.apk*86587517:/system/framework/com.amazon.identity.auth.device.jar*2906869564:/system/framework/AWSRemoteConfigurationAndroidClient.jar*1551857361:/system/priv-app/DeviceMessagingAndroidInternalSDK/DeviceMessagingAndroidInternalSDK.apk*394491861])
07-01 22:48:35.476  8673  8673 I AMPR_2.1.38524.0_ServiceStartTypeManager: Stopping NowPlayingService as a foreground service.
07-01 22:48:35.476  8673  8673 I AMPR_2.1.38524.0_AbstractMediaService: Scheduling stop NowPlayingService after a delay of [600000] ms.
07-01 22:48:35.556   614   614 W TelecomManager: Telecom Service not found.
07-01 22:48:35.656   891   891 W NotificationEntryMgr: removeNotification for unknown key: 0|com.amazon.alexa.multimodal.gemini|2272|null|10074
07-01 22:48:35.688   458   458 I thermal_src: recvmsg_expect 4, but get 5 
07-01 22:48:35.688   458   458 E thermal_src: set_ttj_to_kernel 1:error -1
07-01 22:48:35.688   458   458 I thermal_src: recvmsg_expect 2, but get 4 
07-01 22:48:35.831 21537 21537 W com.amazon.ade: Verification of void com.amazon.adep.AdepApplication.<clinit>() took 133.856ms
07-01 22:48:35.840   614   639 I ActivityManager: Displayed com.android.documentsui/.files.FilesActivity: +821ms (total +926ms)
07-01 22:48:35.841   614   804 I LaunchTimeProcessor: warm_app_warm_transition_launch_time of com.android.documentsui is 822ms with activity = com.android.documentsui/.files.FilesActivity, app_version = 28, prev_activity = com.android.packageinstaller/.DeleteStagedFileOnResult, isChild = false, context = S1T0A1D0I0L0E0M9999R0
07-01 22:48:35.843   614   804 I LaunchTimeProcessor: warm_activity_launch_time of com.android.documentsui is 822ms with activity = com.android.documentsui/.files.FilesActivity, app_version = 28, prev_activity = com.android.packageinstaller/.DeleteStagedFileOnResult, isChild = false, context = S1T0A1D0I0L0E0M9999R0
07-01 22:48:35.881   614   631 I ActivityManager: Killing 20301:com.amazon.device.software.ota/u0a22 (adj 903): empty #17
07-01 22:48:35.882   614   634 W libprocessgroup: kill(-20301, 9) failed: No such process
07-01 22:48:35.882   614   634 I libprocessgroup: Successfully killed process cgroup uid 10022 pid 20301 in 0ms
07-01 22:48:35.902   347   347 I Zygote  : Process 20301 exited due to signal 9 (Killed)
07-01 22:48:35.969   479   479 E charge_logger: --- charge_logger battery event ---
07-01 22:48:35.972   479   479 E charge_logger: Open path error: '/sys/devices/platform/charger/adapter_power_mw'
07-01 22:48:36.116   374 15957 I HealthEventListener: Battery Level = 20
07-01 22:48:36.381 21575 21605 I com.amazon.storagemanager.StorageApplication:  Scheduling Storage Services 
07-01 22:48:36.430 21575 21575 W nAnnotationIntrospector: Unable to load JDK7 annotation types; will have to skip
07-01 22:48:36.479   614   614 W Looper  : Slow dispatch took 139ms main h=com.android.server.notification.NotificationManagerService$WorkerHandler c=null m=3
07-01 22:48:36.535   614   722 E WifiVendorHal: getWifiLinkLayerStats(l.937) failed {.code = ERROR_NOT_SUPPORTED, .description = }
07-01 22:48:36.545   406   406 W MTK_FG  : fd < 0, init first!
07-01 22:48:36.546   406   406 E MTK_FG  : init failed, return!
07-01 22:48:36.546   406   406 W MTK_FG  : fd < 0, init first!
07-01 22:48:36.546   406   406 E MTK_FG  : init failed, return!
07-01 22:48:36.559 21575 21575 I com.amazon.storagemanager.storage.autoarchive.helper.AutoArchiveHelper: show AutoArchiveLauncherIcon ->
07-01 22:48:36.567   479   479 E charge_logger: --- charge_logger battery event ---
07-01 22:48:36.571   374 15957 I HealthEventListener: Battery Level = 20
07-01 22:48:36.572   479   479 E charge_logger: Open path error: '/sys/devices/platform/charger/adapter_power_mw'
07-01 22:48:36.674 21575 21575 I Arucs   :  Arcus config : {"configSyncFirstIntervalMillis":900000,"configSyncRepeatIntervalMillis":86400000,"configSyncRetryIntervalMillis":300000,"configSyncRetryAttemptLimit":3,"syncMaxDurationMillis":60000,"is_rsm_enabled":false,"rsm_data_prod_ATVPDKIKX0DER":"rsm-data-prod-us","rsm_data_prod_A1F83G8C2ARO7P":"rsm-data-prod-eu","rsm_data_prod_A1PA6795UKMFR9":"rsm-data-prod-eu","rsm_data_beta_ATVPDKIKX0DER":"rsm-data-beta-us","rsm_data_beta_A1F83G8C2ARO7P":"rsm-data-beta-eu","rsm_data_beta_A1PA6795UKMFR9":"rsm-data-beta-eu","rsm_cognito_pool_id_prod_ATVPDKIKX0DER":"us-east-1:0084672a-a758-49b0-a59d-7bfd3aa07c58","rsm_cognito_pool_id_prod_A1F83G8C2ARO7P":"eu-central-1:5863c5dd-d8d3-4b55-a4f5-a40b23060d26","rsm_cognito_pool_id_prod_A1PA6795UKMFR9":"eu-central-1:5863c5dd-d8d3-4b55-a4f5-a40b23060d26","rsm_cognito_pool_id_beta_ATVPDKIKX0DER":"us-east-1:351a65c5-d1ab-41fa-bea5-0dfc4fbb490c","rsm_cognito_pool_id_beta_A1F83G8C2ARO7P":"eu-central-1:fd2c73ac-0853-4202-b298-d92a9ed346b0","rsm_cognito_pool_id_beta_A1PA6795UKMFR9":"eu-central-1:fd2c73ac-0853-4202-b298-d92a9ed346b0","rsm_region_prod_ATVPDKIKX0DER":"us-east-1","rsm_region_prod_A1F83G8C2ARO7P":"eu-central-1","rsm_region_prod_A1PA6795UKMFR9":"eu-central-1","rsm_region_beta_ATVPDKIKX0DER":"us-east-1","rsm_region_beta_A1F83G8C2ARO7P":"eu-central-1","rsm_region_beta_A1PA6795UKMFR9":"eu-central-1","rsm_client_id_ATVPDKIKX0DER":"amzn1.application-oa2-client.c4a52f7b6dc7483d8632d7c10e508ecd","rsm_client_id_A1F83G8C2ARO7P":"amzn1.application-oa2-client.b846595a146c4b23a843e37c11328b3e","rsm_client_id_A1PA6795UKMFR9":"amzn1.application-oa2-client.b846595a146c4b23a843e37c11328b3e","rsm_supported_pfms":["ATVPDKIKX0DER","A1F83G8C2ARO7P","A1PA6795UKMFR9"],"upsell_node_A13V1IB3VIYZZH":"7013605031","upsell_node_A1F83G8C2ARO7P":"7013601031","upsell_node_A1PA6795UKMFR9":"7013603031","upsell_node_A1RKKUPIHCS9HS":"7013609031","upsell_node_A1VC38T7YXB528":"3607717051","upsell_node_AAHKV2X7AFYLW":"1543385071","upsell_node_APJ6JRA9NG5V4":"7013607031","upsell_node_ATVPDKIKX0DER":"10871379011","upsell_short_url_A13V1IB3VIYZZH":"amazon.fr/memoiretablettesfire","upsell_short_url_A1F83G8C2ARO7P":"amazon.co.uk/firetabletstorage","upsell_short_url_A1PA6795UKMFR9":"amazon.de/firetabletspeicher","upsell_short_url_A1RKKUPIHCS9HS":"amazon.es/memorialtabletsfire","upsell_short_url_A1VC38T7YXB528":"amazon.co.jp/firetabletstorage","upsell_short_url_AAHKV2X7AFYLW":"amazon.cn/firetabletstorage","upsell_short_url_APJ6JRA9NG5V4":"amazon.it/memorialtabletfire","upsell_short_url_ATVPDKIKX0DER":"amazon.com/firetabletstorage","StorageManager_MaxNumberOfArchivalItems":-1,"StorageManager_PercentageForArchival":10,"StorageManager_PercentageProcessedFullThreshold":100,"StorageManager_Weight_Default":{"TimeSinceLastAccessedWeight":1,"PercentageProcessedWeight":1},"StorageManager_Weight_AUDIOBOOKS":{"TimeSinceLastAccessedWeight":1,"PercentageProcessedWeight":1},"StorageManager_Weight_BOOKS":{"TimeSinceLastAccessedWeight":1,"PercentageProcessedWeight":1},"StorageManager_Weight_DOCS":{"TimeSinceLastAccessedWeight":1,"PercentageProcessedWeight":1},"StorageManager_Weight_MUSIC":{"TimeSinceLastAccessedWeight":1,"PercentageProcessedWeight":1},"StorageManager_Weight_NEWSSTAND":{"TimeSinceLastAccessedWeight":1,"PercentageProcessedWeight":1},"StorageManager_Weight_VIDEO":{"TimeSinceLastAccessedWeight":1,"PercentageProcessedWeight":1},"stores_unavailable_for_kids_ATVPDKIKX0DER":["NEWSSTAND","VIDEO"],"stores_unavailable_for_kids_A1F83G8C2ARO7P":["NEWSSTAND","VIDEO"],"stores_unavailable_for_kids_A1PA6795UKMFR9":["NEWSSTAND","VIDEO"],"stores_unavailable_for_kids_A1VC38T7YXB528":["NEWSSTAND","VIDEO","AUDIOBOOKS"],"stores_unavailable_for_kids_A2EUQ1WTGCTBG2":["NEWSSTAND","VIDEO","AUDIOBOOKS"],"dialog":{"ism_dialog_enabled":true,"one_tap_archive_dialog_enabled":true,"default_dialog_enabled":true,"education_dialog_enabled":true,"onetap_archive_savings_threshold":100,"max_cap_for_all_dialog_count":-1,"max_cap_for_threshold_dialog_count":-1,"max_cap_window":1,"time_unit":"days","low_storage_thresholds":[{"name":
07-01 22:48:36.703 21575 21575 I DialogManager: dialog manager check started for trigger : STORAGE_CHANGED
07-01 22:48:36.715   614 18384 I ActivityManager: Killing 20032:com.amazon.logan/u0a36 (adj 903): empty #17
07-01 22:48:36.720   614   634 W libprocessgroup: kill(-20032, 9) failed: No such process
07-01 22:48:36.720   614   634 I libprocessgroup: Successfully killed process cgroup uid 10036 pid 20032 in 0ms
07-01 22:48:36.727   347   347 I Zygote  : Process 20032 exited due to signal 9 (Killed)
07-01 22:48:36.739 21537 21537 I ServiceScheduler: Scheduling periodic configuration syncing firstTriggerTime: 900000 repeat interval: 86400000
07-01 22:48:36.823   614 18384 I ActivityManager: Killing 20797:com.amazon.webview.chromium/u0a167 (adj 903): empty #17
07-01 22:48:36.823   614   634 W libprocessgroup: kill(-20797, 9) failed: No such process
07-01 22:48:36.823   614   634 I libprocessgroup: Successfully killed process cgroup uid 10167 pid 20797 in 0ms
07-01 22:48:36.835   347   347 I Zygote  : Process 20797 exited due to signal 9 (Killed)
07-01 22:48:37.027  2035 21622 I F_C.BaseCardProducerSer: Handling work for com.amazon.firelauncher.appmanager.APPS_ADDED
07-01 22:48:37.123  2035 21622 I F_C.BaseCardProducerSer: No increment in producer version.
07-01 22:48:37.138  2035 21622 I F_C.BootstrappingProduc: All bootstrapping complete, handling work
07-01 22:48:37.165  2035 21622 I F_C.RebuildingDatabaseO: Setting WAL enabled: true, wantsWal is true
07-01 22:48:37.265   382   421 I vendor.mediatek.hardware.power@2.0-impl: powerHintAsync hint:2, data:0
07-01 22:48:37.267   382   420 I libPowerHal: 2: legacy set freq: 1989000 -1 1989000 -1
07-01 22:48:37.267   382   421 I vendor.mediatek.hardware.power@2.0-impl: powerHintAsync hint:2, data:0
07-01 22:48:37.275  2035 21622 I F_C.LauncherNotificatio: Handling work for com.amazon.firelauncher.appmanager.APPS_ADDED
07-01 22:48:37.283  2035 21622 I LockerProviderHelper: Querying content Uri=content://com.amazon.venezia.locker-com.amazon.venezia/apps
07-01 22:48:37.340   891   891 W TelecomManager: Telecom Service not found.
07-01 22:48:37.394   382   421 I vendor.mediatek.hardware.power@2.0-impl: powerHintAsync hint:2, data:0
07-01 22:48:37.395   382   421 I vendor.mediatek.hardware.power@2.0-impl: powerHintAsync hint:2, data:0
07-01 22:48:37.416   382   420 I libPowerHal: 2: legacy set freq: -1 -1 -1 -1
07-01 22:48:37.449 21230 21240 W .amazon.venezi: Suspending all threads took: 26.818ms
07-01 22:48:37.506   382   421 I vendor.mediatek.hardware.power@2.0-impl: powerHintAsync hint:2, data:0
07-01 22:48:37.507   382   420 I libPowerHal: 2: legacy set freq: 1989000 -1 1989000 -1
07-01 22:48:37.521   382   421 I vendor.mediatek.hardware.power@2.0-impl: powerHintAsync hint:2, data:0
07-01 22:48:37.522   382   421 I chatty  : uid=1000(system) power@2.0-servi identical 1 line
07-01 22:48:37.535   382   421 I vendor.mediatek.hardware.power@2.0-impl: powerHintAsync hint:2, data:0
07-01 22:48:37.545   614   710 E SELinux : avc:  denied  { see_home_task } for  scontext=u:r:platform_app:s0:c512,c768 tcontext=u:r:system_server:s0 tclass=amazon_policies permissive=0
07-01 22:48:37.546   614   710 E SELinux : avc:  denied  { see_home_task } for  scontext=u:r:platform_app:s0:c512,c768 tcontext=u:r:system_server:s0 tclass=amazon_policies permissive=0
07-01 22:48:37.553   382   421 I vendor.mediatek.hardware.power@2.0-impl: powerHintAsync hint:2, data:0
07-01 22:48:37.554   614   710 I AlexaModeSwitchManagerImpl: Inside getMode
07-01 22:48:37.572   614   710 I ActivityManager: START u0 {act=android.intent.action.MAIN cat=[android.intent.category.HOME] flg=0x10200000 cmp=com.amazon.firelauncher/.Launcher (has extras)} from uid 1000
07-01 22:48:37.572   891   891 I vol.Events: writeEvent dismiss_dialog volume_controller
07-01 22:48:37.583   382   421 I vendor.mediatek.hardware.power@2.0-impl: powerHintAsync hint:2, data:200
07-01 22:48:37.600   382   421 I vendor.mediatek.hardware.power@2.0-impl: powerHintAsync hint:8, data:1
07-01 22:48:37.638   614  1187 I PackageRecency: Queuing notification(s) to package for ActivityInfo{be5d22 com.amazon.firelauncher.Launcher}
07-01 22:48:37.648   614   710 W InputDispatcher: Excessive delay in interceptKeyBeforeDispatching; took 114 ms
07-01 22:48:37.652   614  1065 I AlexaModeSwitchManagerImpl: Inside getMode
07-01 22:48:37.658  1909  1909 I SPCH-ADW_TabletWindowContract: onActivityResume() com.amazon.firelauncher.Launcher
07-01 22:48:37.659   374 15957 W AudioALSAHardware: setParameters(), still have param.size() = 1, remain param = "continuous_audio_mode=0"
07-01 22:48:37.659   387  2085 I hash_map_utils: key: 'continuous_audio_mode' value: '0'
07-01 22:48:37.660   614   788 W AmazonProfileService: Active profile for the package xxx not present for customer Id xxx
07-01 22:48:37.660   614   788 W AmazonProfileService: Active profile for the programId PCA_FIRE_TABLET not present for customerId xxx
07-01 22:48:37.674  1544  1763 I com.amazon.client.metrics/ClientSideAmazonPlatformDependencyImpl: isAmazonDevice() in ClientSideAmazonPlatformDependencyImpl is called
07-01 22:48:37.772   458   458 I thermal_src: recvmsg_expect 4, but get 5 
07-01 22:48:37.772   458   458 E thermal_src: set_ttj_to_kernel 1:error -1
07-01 22:48:37.772   458   458 I thermal_src: recvmsg_expect 2, but get 4 
07-01 22:48:37.809  2035  2035 I F_C.Launcher: Received intent:android.intent.action.MAIN
07-01 22:48:37.810  2035  2035 I F_C.Launcher: onStart
07-01 22:48:37.810  2035  2035 I F_C.PrefetchTrigger: Launcher start, cancel any pending job and reschedule if needed with at least 30000 ms delay
07-01 22:48:37.871  2035  2262 I F_C.PrefetchJobService: cancel pending prefetch job, cancel reason: launcher_start
07-01 22:48:37.878  2035  2262 I F_C.PrefetchTrigger: Try to reschedule prefetch since an existing job is canceled due to onStart
07-01 22:48:37.879  2035  2262 I F_C.PrefetchTrigger: Schedule prefetch. lastPrefetchStartTime: Wed Jul 01 22:39:23 PDT 2026, currentTime: Wed Jul 01 22:48:37 PDT 2026, delay: 29932, rescheduleAtJobEnd: false
07-01 22:48:37.879  2035  2262 I F_C.PrefetchJobService: schedule prefetch job with 29932 ms delay from now
07-01 22:48:37.955  2024  2046 I droid.launcher: NativeAlloc concurrent copying GC freed 3832(179KB) AllocSpace objects, 0(0B) LOS objects, 49% free, 1574KB/3MB, paused 2.368ms total 103.472ms
07-01 22:48:37.962 21230 21240 I .amazon.venezi: Background concurrent copying GC freed 10791(775KB) AllocSpace objects, 21(1328KB) LOS objects, 49% free, 3MB/6MB, paused 234us total 466.736ms
07-01 22:48:37.974  2035  2035 I F_C.DeferredReferenceEx: Running task immediately (task=onForegroundedTask)
07-01 22:48:37.994 21230 21243 I AmazonAppstore.LockerProvider: Successfully injected locker provider
07-01 22:48:38.034  2035  2035 W F_C.DaliForYouFragment: Fragment for target FOR_YOU_DALI is not instance of ImageMemoryManagedRecyclerViewHost. Returning null.
07-01 22:48:38.108  2035  2035 I F_C.VisibleRecyclerView: getFirstVisiblePosition, firstVisibleAdapterPosition: 0, correctedAdapterIndex: 0, indexOffset: 0
07-01 22:48:38.128  2035  2035 I F_C.SectionExpandStates: bind() - dataSource not yet registered
07-01 22:48:38.129  2035  2035 I chatty  : uid=10092(com.amazon.firelauncher) identical 19 lines
07-01 22:48:38.129  2035  2035 I F_C.SectionExpandStates: bind() - dataSource not yet registered
07-01 22:48:38.129  2035  2035 I F_C.VisibleRecyclerView: getLastVisiblePosition, lastNonFixedViewPosition: 21, correctedAdapterIndex: 21, indexOffset: 0
07-01 22:48:38.129  2035  2035 I F_C.VisibleRecyclerView: getFirstVisiblePosition, firstVisibleAdapterPosition: 0, correctedAdapterIndex: 0, indexOffset: 0
07-01 22:48:38.129  2035  2035 I F_C.VisibleRecyclerView: getFirstVisiblePosition, firstVisibleAdapterPosition: 0, correctedAdapterIndex: 0, indexOffset: 0
07-01 22:48:38.129  2035  2035 I F_C.SectionExpandStates: bind() - dataSource not yet registered
07-01 22:48:38.129  2035  2035 I chatty  : uid=10092(com.amazon.firelauncher) identical 19 lines
07-01 22:48:38.129  2035  2035 I F_C.SectionExpandStates: bind() - dataSource not yet registered
07-01 22:48:38.129  2035  2035 I F_C.VisibleRecyclerView: getLastVisiblePosition, lastNonFixedViewPosition: 21, correctedAdapterIndex: 21, indexOffset: 0
07-01 22:48:38.130  2035  2035 I F_C.Launcher: onResume
07-01 22:48:38.261  2035  2262 I F_C.BufferedWeblabContr: Returning FIRELAUNCHER_539923 for weblab T1
07-01 22:48:38.270  2035  2262 I F_C.OverrideWeblabContr: Returning FIRELAUNCHER_539923 for weblab T1, base class: BufferedWeblabController
07-01 22:48:38.270  2035  2262 I F_C.AdsRefreshManager: Skip refresh for page DELIVERIES, reason: Ads not expired, trigger event: PAGE_FOREGROUNDED/DELIVERIES
07-01 22:48:38.357  2035  2035 I F_C.PageExitMetric: Launcher foreground detected -- updating cachedCurrentPage
07-01 22:48:38.404  2035  2035 I F_C.BaseSearchWidgetCon: setActiveSpec(), currentPage: 1
07-01 22:48:38.404  2035  2035 I F_C.BaseSearchWidgetCon: Valid spec
07-01 22:48:38.404  2035  2035 I F_C.BaseSearchWidgetCon: Calling onResume()
07-01 22:48:38.404  2035  2035 I F_C.MagazineController: Notifying F_C.PageAdapter:DELIVERIES on on visibility change: true
07-01 22:48:38.417  2035  2035 I F_C.BufferedWeblabContr: Returning FIRELAUNCHER_PODIUM_911263 for weblab T1
07-01 22:48:38.417  2035  2035 I F_C.OverrideWeblabContr: Returning FIRELAUNCHER_PODIUM_911263 for weblab T1, base class: BufferedWeblabController
07-01 22:48:38.418  2035  2035 I F_C.WeblabCardFiltering: No filters found for treatment T1
07-01 22:48:38.478  2035  2035 I F_C.Launcher: Up Next/New Items has been enabled at App settings? - true
07-01 22:48:38.479  2035  2320 I F_C.DefaultNetworkState: Re-evaluate in onResume
07-01 22:48:38.479  2035  2320 I F_C.DefaultNetworkState: lastly notified connection state is true, skip notification
07-01 22:48:38.527  2035  2035 I F_C.AppsGrid: Notification Badge setting is enabled, but notification access permission is not granted. Not showing notification badges
07-01 22:48:38.586  2035 21622 I F_C.CardAppIconInventor: Get BitmapDrawable for icon. Icon image 2109010372 has written into disk successfully, the file size is: 9227 bytes
07-01 22:48:38.587  2035 21622 I F_C.DefaultAppRecencyDa: Replace and insert 1 apps into db: 759537812.
07-01 22:48:38.594  2035  2035 I F_C.NonDisruptiveAdapte: 128 - slots hidden: [ ]
07-01 22:48:38.595  2035  2035 I Choreographer: Skipped 55 frames!  The application may be doing too much work on its main thread.
07-01 22:48:38.597  2035 21622 I F_C.GamesAppsLibraryDec: Drawing games and apps library cards.
07-01 22:48:38.639  2035 21622 I F_C.GamesAppsLibraryDec: Number of Library items : 2
07-01 22:48:38.639  2035 21622 I F_C.LibrarySectionDeck: Drawing cards for section apps
07-01 22:48:38.641  2035 21622 I F_C.LibrarySectionDeck: Pushing cards with 1 apps for section apps
07-01 22:48:38.642  2035 21622 I F_C.LibrarySectionDeck: Drawing cards for section games
07-01 22:48:38.643  2035 21622 I F_C.LibrarySectionDeck: No items returned for app types [GAME], deleting card
07-01 22:48:38.643  2035 21622 I F_C.AppDecks: Intent com.amazon.firelauncher.appmanager.APPS_ADDED not applicable for deck AppsRecencyDeck, draw ignored.
07-01 22:48:38.643  2035 21622 I F_C.UpNextDeck: Replacing all Up Next cards, with app last used time.
07-01 22:48:38.645  2035  2035 I F_C.ScreenOffReceiver: Removing listener
07-01 22:48:38.649  2035  2035 I F_C.ScreenOffReceiver: Removing listener
07-01 22:48:38.651  2035 21622 I F_C.BaseCardProducerSer: Pushing 1 cards for deck LibrarySectionDeck. Triggered by com.amazon.firelauncher.appmanager.APPS_ADDED
07-01 22:48:38.651  2035 21622 I F_C.BaseCardProducerSer: Deleting 0 cards for deck LibrarySectionDeck. Triggered by com.amazon.firelauncher.appmanager.APPS_ADDED
07-01 22:48:38.651  2035 21622 I F_C.BaseCardProducerSer: Pushing 2 cards for deck GamesAppsLibraryDeck. Triggered by com.amazon.firelauncher.appmanager.APPS_ADDED
07-01 22:48:38.651  2035 21622 I F_C.BaseCardProducerSer: Deleting 0 cards for deck GamesAppsLibraryDeck. Triggered by com.amazon.firelauncher.appmanager.APPS_ADDED
07-01 22:48:38.651  2035 21622 I F_C.BaseCardProducerSer: Pushing 6 cards for deck UpNextDeck. Triggered by com.amazon.firelauncher.appmanager.APPS_ADDED
07-01 22:48:38.651  2035 21622 I F_C.BaseCardProducerSer: Deleting 0 cards for deck UpNextDeck. Triggered by com.amazon.firelauncher.appmanager.APPS_ADDED
07-01 22:48:38.651  2035 21622 I F_C.BaseCardProducerSer: Pushing 0 cards for deck LibrarySectionDeck. Triggered by com.amazon.firelauncher.appmanager.APPS_ADDED
07-01 22:48:38.652  2035 21622 I F_C.BaseCardProducerSer: Deleting 1 cards for deck LibrarySectionDeck. Triggered by com.amazon.firelauncher.appmanager.APPS_ADDED
07-01 22:48:38.652  2035 21622 I F_C.ProducerClientCompa: Producer com.amazon.firelauncher.fireappscardproducer at API version BrazilVersion(1.8.2151.0).
07-01 22:48:38.655  2035 21622 I F_C.ProducerClientCompa: Connected to ServerInfo(CDA Version: BrazilVersion(1.5.2811.0), Min. Producer: BrazilVersion(1.0), Delete All: true)
07-01 22:48:38.663  2035 21622 I F_C.CardAgentSynchroniz: Throttling producer refresh
07-01 22:48:38.689  2035 21622 I F_C.CardProvider: Starting batch operation
07-01 22:48:38.692  2035 21622 I F_C.CardProvider: decomposeBatchOperations(1 ops)
07-01 22:48:38.692  2035 21622 I F_C.CardProvider:  - replaceAll not detected
07-01 22:48:38.693  2035 21622 I F_C.CardProvider:  - batch decomposition revealed no unnecessary deletes (1 deletes affecting 0 cards)
07-01 22:48:38.700  2035 21622 I F_C.CardProvider: delete(ParsedUri(PRODUCER=com.amazon.firelauncher.fireappscardproducer, CARD=2026899589), null, 3392903), batched: true
07-01 22:48:38.701  2035 21622 I F_C.CardProvider: We have 1 results from decomposedOperations.
07-01 22:48:38.701  2035 21622 I F_C.CardProvider: Decomposition not applied
07-01 22:48:38.701  2035 21622 I F_C.CardProvider: Completed batch operation
07-01 22:48:38.724  2035  2035 I F_C.CarouselViewBuilder: Setting prefetch item count to 5 for TEMPLATE_127: { templateId: 127, dimensions: UP_NEXT_ITEM_IMAGE }
07-01 22:48:38.725  2035  2035 W F_C.DeliveryItemBinder: Bound view didn't have the expected view hierarchy
07-01 22:48:38.725  2035  2035 W F_C.DeliveryItemBinder: Bound view didn't have the expected view hierarchy
07-01 22:48:38.726  2035  2035 I F_C.ScreenOffReceiver: Adding listener
07-01 22:48:38.727  2035 21622 I F_C.CardProvider: bulkInsert(ParsedUri(PRODUCER=com.amazon.firelauncher.fireappscardproducer), contentValues:[(com.amazon.firelauncher.fireappscardproducer/LIBRARY/com.amazon.venezia:library-apps/14886992/1782971318642/1), (com.amazon.firelauncher.fireappscardproducer/GAMESAPPS/-489306989/1782971318638/1), (com.amazon.firelauncher.fireappscardproducer/APPSGAMES/895102831/1782971318639/1), (com.amazon.firelauncher.fireappscardproducer/UP_NEXT_RECENT/188605319/1782971318645/0), (com.amazon.firelauncher.fireappscardproducer/UP_NEXT_RECENT/-710106103/1782971318647/0), (com.amazon.firelauncher.fireappscardproducer/UP_NEXT_RECENT/1250913016/1782971318648/0), (com.amazon.firelauncher.fireappscardproducer/UP_NEXT_RECENT/-1447695273/1782971318649/0), (com.amazon.firelauncher.fireappscardproducer/UP_NEXT_RECENT/1623771286/1782971318650/0), (com.amazon.firelauncher.fireappscardproducer/UP_NEXT_RECENT/918387183/1782971318651/0)][size=9])
07-01 22:48:38.730  2035 21622 I F_C.CardAgentSynchroniz: Throttling producer refresh
07-01 22:48:38.736  2035 21622 I F_C.SharedPreferencesCa: Could not find rank for card with producerId: com.amazon.firelauncher.fireappscardproducer, widgetId: 14886992 and target: LIBRARY/com.amazon.venezia:library-apps
07-01 22:48:38.737  2035 21622 I F_C.SharedPreferencesCa: Could not find rank for card with producerId: com.amazon.firelauncher.fireappscardproducer, widgetId: -489306989 and target: GAMESAPPS
07-01 22:48:38.738  2035 21622 I F_C.SharedPreferencesCa: Could not find rank for card with producerId: com.amazon.firelauncher.fireappscardproducer, widgetId: 895102831 and target: APPSGAMES
07-01 22:48:38.739  2035 21622 I F_C.SharedPreferencesCa: Could not find rank for card with producerId: com.amazon.firelauncher.fireappscardproducer, widgetId: 188605319 and target: UP_NEXT_RECENT
07-01 22:48:38.739  2035 21622 I F_C.SharedPreferencesCa: Could not find rank for card with producerId: com.amazon.firelauncher.fireappscardproducer, widgetId: -710106103 and target: UP_NEXT_RECENT
07-01 22:48:38.740  2035 21622 I F_C.SharedPreferencesCa: Could not find rank for card with producerId: com.amazon.firelauncher.fireappscardproducer, widgetId: 1250913016 and target: UP_NEXT_RECENT
07-01 22:48:38.742  2035 21622 I F_C.SharedPreferencesCa: Could not find rank for card with producerId: com.amazon.firelauncher.fireappscardproducer, widgetId: -1447695273 and target: UP_NEXT_RECENT
07-01 22:48:38.742  2035  2035 I F_C.CarouselViewBuilder: Setting prefetch item count to 5 for TEMPLATE_128: { templateId: 128, dimensions: UP_NEXT_ITEM_IMAGE }
07-01 22:48:38.742  2035  2035 W F_C.DeliveryItemBinder: Bound view didn't have the expected view hierarchy
07-01 22:48:38.742  2035  2035 W F_C.DeliveryItemBinder: Bound view didn't have the expected view hierarchy
07-01 22:48:38.742  2035 21622 I F_C.SharedPreferencesCa: Could not find rank for card with producerId: com.amazon.firelauncher.fireappscardproducer, widgetId: 1623771286 and target: UP_NEXT_RECENT
07-01 22:48:38.743  2035  2035 I F_C.ScreenOffReceiver: Adding listener
07-01 22:48:38.743  2035 21622 I F_C.SharedPreferencesCa: Could not find rank for card with producerId: com.amazon.firelauncher.fireappscardproducer, widgetId: 918387183 and target: UP_NEXT_RECENT
07-01 22:48:38.743  2035  2035 I F_C.NonDisruptiveAdapte: 128 - slots hidden: [ ]
07-01 22:48:38.753  2035  2314 I F_C.PrefetchJobService: pending job with id: 196608 exists
07-01 22:48:38.753  2035  2314 I F_C.PrefetchTrigger: Not schedule prefetch due to pending job
07-01 22:48:38.754  2035  2314 I F_C.PrefetchJobService: pending job with id: 196608 exists
07-01 22:48:38.754  2035  2314 I F_C.PrefetchTrigger: Not schedule prefetch due to pending job
07-01 22:48:38.755  2035  2314 I F_C.PrefetchJobService: pending job with id: 196608 exists
07-01 22:48:38.755  2035  2314 I F_C.PrefetchTrigger: Not schedule prefetch due to pending job
07-01 22:48:38.757  2035  2314 I F_C.PrefetchJobService: pending job with id: 196608 exists
07-01 22:48:38.757  2035  2314 I F_C.PrefetchTrigger: Not schedule prefetch due to pending job
07-01 22:48:38.759  2035  2314 I F_C.PrefetchJobService: pending job with id: 196608 exists
07-01 22:48:38.760  2035  2314 I F_C.PrefetchTrigger: Not schedule prefetch due to pending job
07-01 22:48:38.762  2035  2314 I F_C.PrefetchJobService: pending job with id: 196608 exists
07-01 22:48:38.762  2035  2314 I F_C.PrefetchTrigger: Not schedule prefetch due to pending job
07-01 22:48:38.762  2035  2364 I F_C.DefaultConsumerClie: Looking for local ContentProvider...
07-01 22:48:38.762  2035  2364 I F_C.CardProvider: query(ParsedUri(PRODUCER=com.amazon.firelauncher.fireappscardproducer, CARD=14886992), projection:null, selection:null, selectionArgs:3392903, sortOrder:null)
07-01 22:48:38.767  2035  2314 I F_C.PrefetchJobService: pending job with id: 196608 exists
07-01 22:48:38.768  2035  2314 I F_C.PrefetchTrigger: Not schedule prefetch due to pending job
07-01 22:48:38.768  2035  2314 I F_C.PrefetchJobService: pending job with id: 196608 exists
07-01 22:48:38.768  2035  2314 I F_C.PrefetchTrigger: Not schedule prefetch due to pending job
07-01 22:48:38.769  2035  2314 I F_C.PrefetchJobService: pending job with id: 196608 exists
07-01 22:48:38.769  2035  2314 I F_C.PrefetchTrigger: Not schedule prefetch due to pending job
07-01 22:48:38.857   382   421 I vendor.mediatek.hardware.power@2.0-impl: powerHintAsync hint:2, data:0
07-01 22:48:38.857   891   891 W TelecomManager: Telecom Service not found.
07-01 22:48:38.858   382   421 I vendor.mediatek.hardware.power@2.0-impl: powerHintAsync hint:2, data:0
07-01 22:48:38.860   382   421 I chatty  : uid=1000(system) power@2.0-servi identical 1 line
07-01 22:48:38.860   382   421 I vendor.mediatek.hardware.power@2.0-impl: powerHintAsync hint:2, data:0
07-01 22:48:38.866  2035  2364 I F_C.CardDataSource: Card processing started for: LIBRARY/com.amazon.venezia:library-apps (1 card(s))
07-01 22:48:38.870  2035  2060 I on.firelaunche: Background concurrent copying GC freed 38752(1427KB) AllocSpace objects, 6(312KB) LOS objects, 31% free, 13MB/19MB, paused 310us total 111.237ms
07-01 22:48:38.878  2035  2364 I F_C.CardDataSource: Card processing completed for: LIBRARY/com.amazon.venezia:library-apps (1 card(s))
07-01 22:48:38.878  2035  2364 I F_C.CardDataSource: Card processing started for: LIBRARY/com.amazon.venezia:library-apps (1 card(s))
07-01 22:48:38.879  2035  2364 I F_C.CardDataSource: Card processing completed for: LIBRARY/com.amazon.venezia:library-apps (1 card(s))
07-01 22:48:38.879  2035  2364 I F_C.CardDataSource: Card processing started for: LIBRARY/com.amazon.venezia:library-apps (1 card(s))
07-01 22:48:38.880  2035  2364 I F_C.CardDataSource: Card processing completed for: LIBRARY/com.amazon.venezia:library-apps (1 card(s))
07-01 22:48:38.880  2035  2364 I F_C.CardProvider: query(ParsedUri(PRODUCER=com.amazon.firelauncher.fireappscardproducer, CARD=-489306989), projection:null, selection:null, selectionArgs:3392903, sortOrder:null)
07-01 22:48:38.882  2035  2364 I F_C.CardProvider: query(ParsedUri(PRODUCER=com.amazon.firelauncher.fireappscardproducer, CARD=895102831), projection:null, selection:null, selectionArgs:3392903, sortOrder:null)
07-01 22:48:38.883  2035  2364 I F_C.CardProvider: query(ParsedUri(PRODUCER=com.amazon.firelauncher.fireappscardproducer, CARD=188605319), projection:null, selection:null, selectionArgs:3392903, sortOrder:null)
07-01 22:48:38.884  2035  2035 I F_C.ConglomeratingImage: sources size: 3
07-01 22:48:38.884  2035  2035 I F_C.ConglomeratingImage: version: 1230768000000
07-01 22:48:38.884  2035  2035 I F_C.ConglomeratingImage: path: -740569679
07-01 22:48:38.885  2035  2364 I F_C.CardProvider: query(ParsedUri(PRODUCER=com.amazon.firelauncher.fireappscardproducer, CARD=-710106103), projection:null, selection:null, selectionArgs:3392903, sortOrder:null)
07-01 22:48:38.885  2035  2035 I F_C.DefaultPlaceholderD: Setting loading placeholder icon.
07-01 22:48:38.886  2035  2035 I F_C.DefaultPlaceholderD: Setting error placeholder icon.
07-01 22:48:38.887  2035  2364 I F_C.CardProvider: query(ParsedUri(PRODUCER=com.amazon.firelauncher.fireappscardproducer, CARD=1250913016), projection:null, selection:null, selectionArgs:3392903, sortOrder:null)
07-01 22:48:38.888  2035  2364 I F_C.CardProvider: query(ParsedUri(PRODUCER=com.amazon.firelauncher.fireappscardproducer, CARD=-1447695273), projection:null, selection:null, selectionArgs:3392903, sortOrder:null)
07-01 22:48:38.889  2035  2364 I F_C.CardProvider: query(ParsedUri(PRODUCER=com.amazon.firelauncher.fireappscardproducer, CARD=1623771286), projection:null, selection:null, selectionArgs:3392903, sortOrder:null)
07-01 22:48:38.891  2035  2364 I F_C.CardProvider: query(ParsedUri(PRODUCER=com.amazon.firelauncher.fireappscardproducer, CARD=918387183), projection:null, selection:null, selectionArgs:3392903, sortOrder:null)
07-01 22:48:38.893  2035  2035 I F_C.ConglomeratingImage: sources size: 3
07-01 22:48:38.893  2035  2035 I F_C.ConglomeratingImage: version: 1782788463015
07-01 22:48:38.893  2035  2035 I F_C.ConglomeratingImage: path: 631941387
07-01 22:48:38.894  2035  2035 I F_C.DefaultPlaceholderD: Setting loading placeholder icon.
07-01 22:48:38.894  2035  2035 I F_C.DefaultPlaceholderD: Setting error placeholder icon.
07-01 22:48:38.894  2035  2035 I F_C.ConglomeratingImage: sources size: 3
07-01 22:48:38.894  2035  2035 I F_C.ConglomeratingImage: version: 1782788563424
07-01 22:48:38.894  2035  2035 I F_C.ConglomeratingImage: path: 1944430396
07-01 22:48:38.895  2035  2035 I F_C.DefaultPlaceholderD: Setting loading placeholder icon.
07-01 22:48:38.895  2035  2035 I F_C.DefaultPlaceholderD: Setting error placeholder icon.
07-01 22:48:38.895  2035  2035 I F_C.ConglomeratingImage: sources size: 3
07-01 22:48:38.895  2035  2035 I F_C.ConglomeratingImage: version: 1782788509241
07-01 22:48:38.895  2035  2035 I F_C.ConglomeratingImage: path: -2134225715
07-01 22:48:38.895  2035  2035 I F_C.DefaultPlaceholderD: Setting loading placeholder icon.
07-01 22:48:38.896  2035  2035 I F_C.DefaultPlaceholderD: Setting error placeholder icon.
07-01 22:48:38.896  2035  2035 I F_C.ConglomeratingImage: sources size: 3
07-01 22:48:38.896  2035  2035 I F_C.ConglomeratingImage: version: 1782788496069
07-01 22:48:38.896  2035  2035 I F_C.ConglomeratingImage: path: -382385422
07-01 22:48:38.896  2035  2035 I F_C.DefaultPlaceholderD: Setting loading placeholder icon.
07-01 22:48:38.897  2035  2035 I F_C.DefaultPlaceholderD: Setting error placeholder icon.
07-01 22:48:38.897  2035  2035 I F_C.ConglomeratingImage: sources size: 3
07-01 22:48:38.897  2035  2035 I F_C.ConglomeratingImage: version: 1782970659567
07-01 22:48:38.898  2035  2035 I F_C.ConglomeratingImage: path: 2106559348
07-01 22:48:38.898  2035  2035 I F_C.DefaultPlaceholderD: Setting loading placeholder icon.
07-01 22:48:38.898  2035  2035 I F_C.DefaultPlaceholderD: Setting error placeholder icon.
07-01 22:48:38.898  2035  2035 I F_C.ConglomeratingImage: sources size: 3
07-01 22:48:38.898  2035  2035 I F_C.ConglomeratingImage: version: 1767125570230
07-01 22:48:38.898  2035  2035 I F_C.ConglomeratingImage: path: 422366607
07-01 22:48:38.898  2035  2035 I F_C.DefaultPlaceholderD: Setting loading placeholder icon.
07-01 22:48:38.898  2035  2035 I F_C.DefaultPlaceholderD: Setting error placeholder icon.
07-01 22:48:38.899  2035  2035 I F_C.ConglomeratingImage: sources size: 3
07-01 22:48:38.899  2035  2035 I F_C.ConglomeratingImage: version: 1782788593539
07-01 22:48:38.899  2035  2035 I F_C.ConglomeratingImage: path: 875301944
07-01 22:48:38.899  2035  2035 I F_C.DefaultPlaceholderD: Setting loading placeholder icon.
07-01 22:48:38.899  2035  2035 I F_C.DefaultPlaceholderD: Setting error placeholder icon.
07-01 22:48:38.900  2035  2035 I F_C.ConglomeratingImage: sources size: 3
07-01 22:48:38.900  2035  2035 I F_C.ConglomeratingImage: version: 1767132003320
07-01 22:48:38.900  2035  2035 I F_C.ConglomeratingImage: path: -1298919250
07-01 22:48:38.900  2035  2035 I F_C.DefaultPlaceholderD: Setting loading placeholder icon.
07-01 22:48:38.900  2035  2035 I F_C.DefaultPlaceholderD: Setting error placeholder icon.
07-01 22:48:38.901  2035  2035 I F_C.ConglomeratingImage: sources size: 3
07-01 22:48:38.901  2035  2035 I F_C.ConglomeratingImage: version: 1767127141578
07-01 22:48:38.901  2035  2035 I F_C.ConglomeratingImage: path: -438838419
07-01 22:48:38.901  2035  2035 I F_C.DefaultPlaceholderD: Setting loading placeholder icon.
07-01 22:48:38.901  2035  2035 I F_C.DefaultPlaceholderD: Setting error placeholder icon.
07-01 22:48:38.902  2035  2035 I F_C.ConglomeratingImage: sources size: 3
07-01 22:48:38.902  2035  2035 I F_C.ConglomeratingImage: version: 1767116436925
07-01 22:48:38.902  2035  2035 I F_C.ConglomeratingImage: path: -398150599
07-01 22:48:38.902  2035  2035 I F_C.DefaultPlaceholderD: Setting loading placeholder icon.
07-01 22:48:38.902  2035  2035 I F_C.DefaultPlaceholderD: Setting error placeholder icon.
07-01 22:48:38.903  2035  2035 I F_C.ConglomeratingImage: sources size: 3
07-01 22:48:38.903  2035  2035 I F_C.ConglomeratingImage: version: 1767126585815
07-01 22:48:38.903  2035  2035 I F_C.ConglomeratingImage: path: 666029504
07-01 22:48:38.903  2035  2035 I F_C.DefaultPlaceholderD: Setting loading placeholder icon.
07-01 22:48:38.903  2035  2035 I F_C.DefaultPlaceholderD: Setting error placeholder icon.
07-01 22:48:38.903  2035  2035 I F_C.ConglomeratingImage: sources size: 3
07-01 22:48:38.903  2035  2035 I F_C.ConglomeratingImage: version: 1767126456298
07-01 22:48:38.903  2035  2035 I F_C.ConglomeratingImage: path: 193870432
07-01 22:48:38.903  2035  2035 I F_C.DefaultPlaceholderD: Setting loading placeholder icon.
07-01 22:48:38.904  2035  2035 I F_C.DefaultPlaceholderD: Setting error placeholder icon.
07-01 22:48:38.904  2035  2035 I F_C.ConglomeratingImage: sources size: 3
07-01 22:48:38.904  2035  2035 I F_C.ConglomeratingImage: version: 1782877867458
07-01 22:48:38.904  2035  2035 I F_C.ConglomeratingImage: path: 1128662979
07-01 22:48:38.904  2035  2035 I F_C.DefaultPlaceholderD: Setting loading placeholder icon.
07-01 22:48:38.905  2035  2035 I F_C.DefaultPlaceholderD: Setting error placeholder icon.
07-01 22:48:38.905  2035  2035 I F_C.ConglomeratingImage: sources size: 3
07-01 22:48:38.905  2035  2035 I F_C.ConglomeratingImage: version: 1230768000000
07-01 22:48:38.905  2035  2035 I F_C.ConglomeratingImage: path: 1038912498
07-01 22:48:38.905  2035  2035 I F_C.DefaultPlaceholderD: Setting loading placeholder icon.
07-01 22:48:38.905  2035  2035 I F_C.DefaultPlaceholderD: Setting error placeholder icon.
07-01 22:48:38.906  2035  2035 I F_C.ConglomeratingImage: sources size: 3
07-01 22:48:38.906  2035  2035 I F_C.ConglomeratingImage: version: 1230768000000
07-01 22:48:38.906  2035  2035 I F_C.ConglomeratingImage: path: -1730878678
07-01 22:48:38.906  2035  2035 I F_C.DefaultPlaceholderD: Setting loading placeholder icon.
07-01 22:48:38.906  2035  2035 I F_C.DefaultPlaceholderD: Setting error placeholder icon.
07-01 22:48:38.907  2035  2035 I F_C.ConglomeratingImage: sources size: 3
07-01 22:48:38.907  2035  2035 I F_C.ConglomeratingImage: version: 1230768000000
07-01 22:48:38.907  2035  2035 I F_C.ConglomeratingImage: path: 153178342
07-01 22:48:38.907  2035  2035 I F_C.DefaultPlaceholderD: Setting loading placeholder icon.
07-01 22:48:38.907  2035  2035 I F_C.DefaultPlaceholderD: Setting error placeholder icon.
07-01 22:48:38.907  2035  2035 I F_C.ConglomeratingImage: sources size: 3
07-01 22:48:38.907  2035  2035 I F_C.ConglomeratingImage: version: 1230768000000
07-01 22:48:38.907  2035  2035 I F_C.ConglomeratingImage: path: -1405444820
07-01 22:48:38.908  2035  2035 I F_C.DefaultPlaceholderD: Setting loading placeholder icon.
07-01 22:48:38.908  2035  2035 I F_C.DefaultPlaceholderD: Setting error placeholder icon.
07-01 22:48:38.908  2035  2035 I F_C.ConglomeratingImage: sources size: 3
07-01 22:48:38.908  2035  2035 I F_C.ConglomeratingImage: version: 1767126415202
07-01 22:48:38.909  2035  2035 I F_C.ConglomeratingImage: path: 630672073
07-01 22:48:38.909  2035  2035 I F_C.DefaultPlaceholderD: Setting loading placeholder icon.
07-01 22:48:38.909  2035  2035 I F_C.DefaultPlaceholderD: Setting error placeholder icon.
07-01 22:48:38.909  2035  2035 I F_C.ConglomeratingImage: sources size: 3
07-01 22:48:38.910  2035  2035 I F_C.ConglomeratingImage: version: 1230768000000
07-01 22:48:38.910  2035  2035 I F_C.ConglomeratingImage: path: 277390475
07-01 22:48:38.910  2035  2035 I F_C.DefaultPlaceholderD: Setting loading placeholder icon.
07-01 22:48:38.910  2035  2035 I F_C.DefaultPlaceholderD: Setting error placeholder icon.
07-01 22:48:38.911  2035  2035 I F_C.ConglomeratingImage: sources size: 3
07-01 22:48:38.911  2035  2035 I F_C.ConglomeratingImage: version: 1782784191625
07-01 22:48:38.911  2035  2035 I F_C.ConglomeratingImage: path: 1666655549
07-01 22:48:38.911  2035  2035 I F_C.DefaultPlaceholderD: Setting loading placeholder icon.
07-01 22:48:38.911  2035  2035 I F_C.DefaultPlaceholderD: Setting error placeholder icon.
07-01 22:48:38.912  2035  2035 I F_C.ConglomeratingImage: sources size: 3
07-01 22:48:38.912  2035  2035 I F_C.ConglomeratingImage: version: 1782971298940
07-01 22:48:38.912  2035  2035 I F_C.ConglomeratingImage: path: 843196603
07-01 22:48:38.912  2035  2035 I F_C.DefaultPlaceholderD: Setting loading placeholder icon.
07-01 22:48:38.912  2035  2035 I F_C.DefaultPlaceholderD: Setting error placeholder icon.
07-01 22:48:38.958  2035  2035 I F_C.Launcher: onWindowFocusChanged: true
07-01 22:48:38.959  2035  2035 I F_C.Launcher: Try to start tutorial
07-01 22:48:38.959  2035  2035 I F_C.Launcher: isActivityStarted: true, isWindowFocused: true, isDeviceAlexaStateInitialized: true
07-01 22:48:38.959  2035  2035 I F_C.LauncherTutorialCon: startTutorial
07-01 22:48:38.959  2035  2035 I F_C.LauncherTutorialCon: No tutorial needs to be resumed
07-01 22:48:38.959  2035  2035 I F_C.LauncherTutorialCon: getIncompleteTutorials
07-01 22:48:38.962  2035  2035 I F_C.AlexaComboTutorialM: isCompleted(): 2
07-01 22:48:38.962  2035  2035 I F_C.AlexaTutorialMode: isCompleted() - isCompleted: true, triggered: true
07-01 22:48:38.962  2035  2035 I F_C.LauncherTutorialCon: Check ALEXA_TUTORIAL, isCompleted: true
07-01 22:48:38.962  2035  2035 I F_C.AlexaComboTutorialM: isCompleted(): 2
07-01 22:48:38.962  2035  2035 I F_C.AlexaTutorialMode: isCompleted() - isCompleted: true, triggered: true
07-01 22:48:38.962  2035  2035 I F_C.DaliForYouTutorialC: isCompleted(): - completed true
07-01 22:48:38.962  2035  2035 I F_C.LauncherTutorialCon: Check FOR_YOU_TUTORIAL, isCompleted: true
07-01 22:48:38.962  2035  2035 I F_C.DaliForYouTutorialC: isCompleted(): - completed true
07-01 22:48:38.962  2035  2035 I F_C.GesturesTutorialCon: isCompleted(): - completed false
07-01 22:48:38.962  2035  2035 I F_C.LauncherTutorialCon: Check GESTURES_TUTORIAL, isCompleted: false
07-01 22:48:38.962  2035  2035 I F_C.GesturesTutorialCon: isCompleted(): - completed false
07-01 22:48:38.962  2035  2035 I F_C.BadgingPermissionTu: isCompleted(): - completed false
07-01 22:48:38.962  2035  2035 I F_C.LauncherTutorialCon: Check BADGING_PERMISSION_TUTORIAL, isCompleted: false
07-01 22:48:38.962  2035  2035 I F_C.BadgingPermissionTu: isCompleted(): - completed false
07-01 22:48:38.962  2035  2035 I F_C.FylTutorialControll: isCompleted(): - completed true
07-01 22:48:38.962  2035  2035 I F_C.LauncherTutorialCon: Check FYL_TUTORIAL, isCompleted: true
07-01 22:48:38.962  2035  2035 I F_C.FylTutorialControll: isCompleted(): - completed true
07-01 22:48:38.963  2035  2035 I F_C.LauncherTutorialCon: All tutorials have been shown, not showing tutorials
07-01 22:48:38.963  2035  2035 I F_C.EditModeEducationCo: Edit mode education already displayed.
07-01 22:48:39.004   614   639 I ActivityManager: Displayed com.amazon.firelauncher/.Launcher: +1s343ms
07-01 22:48:39.011   382   421 I vendor.mediatek.hardware.power@2.0-impl: powerHintAsync hint:2, data:0
07-01 22:48:39.012   382   421 I vendor.mediatek.hardware.power@2.0-impl: powerHintAsync hint:2, data:0
07-01 22:48:39.013   614   804 I LaunchTimeProcessor: warm_app_warm_transition_launch_time of com.amazon.firelauncher is 1420ms with activity = com.amazon.firelauncher/.Launcher, app_version = 92058110, prev_activity = com.android.documentsui/.files.FilesActivity, isChild = false, context = S1T0A1D0I0L1E0M9999R0
07-01 22:48:39.016   614   804 I LaunchTimeProcessor: warm_activity_launch_time of com.amazon.firelauncher is 1351ms with activity = com.amazon.firelauncher/.Launcher, app_version = 92058110, prev_activity = com.android.documentsui/.files.FilesActivity, isChild = false, context = S1T0A1D0I0L1E0M9999R0
07-01 22:48:39.027   382   421 I vendor.mediatek.hardware.power@2.0-impl: powerHintAsync hint:2, data:0
07-01 22:48:39.027  2035  2035 I F_C.CardDataSource: Updating cards in target: LIBRARY/com.amazon.venezia:library-apps, cards: [14886992]
07-01 22:48:39.029  2035  2035 I chatty  : uid=10092(com.amazon.firelauncher) identical 1 line
07-01 22:48:39.030  2035  2035 I F_C.CardDataSource: Updating cards in target: LIBRARY/com.amazon.venezia:library-apps, cards: [14886992]
07-01 22:48:39.031  2035  2035 I F_C.LibraryFilteredCard: Start processing card {producerId=com.amazon.kindle,cardId=-1902740761}
07-01 22:48:39.032   382   421 I vendor.mediatek.hardware.power@2.0-impl: powerHintAsync hint:2, data:0
07-01 22:48:39.033   614   710 E SELinux : avc:  denied  { see_home_task } for  scontext=u:r:platform_app:s0:c512,c768 tcontext=u:r:system_server:s0 tclass=amazon_policies permissive=0
07-01 22:48:39.033   614   710 E SELinux : avc:  denied  { see_home_task } for  scontext=u:r:platform_app:s0:c512,c768 tcontext=u:r:system_server:s0 tclass=amazon_policies permissive=0
07-01 22:48:39.035   382   421 I vendor.mediatek.hardware.power@2.0-impl: powerHintAsync hint:2, data:0
07-01 22:48:39.035   614   710 I AlexaModeSwitchManagerImpl: Inside getMode
07-01 22:48:39.036   614   710 I ActivityManager: START u0 {act=android.intent.action.MAIN cat=[android.intent.category.HOME] flg=0x10200000 cmp=com.amazon.firelauncher/.Launcher (has extras)} from uid 1000
07-01 22:48:39.036   382   421 I vendor.mediatek.hardware.power@2.0-impl: powerHintAsync hint:2, data:200
07-01 22:48:39.040  2035  2035 I F_C.LibraryFilteredCard: Not aggregate Card, processing complete {producerId=com.amazon.kindle,cardId=-429957087}
07-01 22:48:39.040  2035  2035 I F_C.LibraryFilteredCard: Not aggregate Card, processing complete {producerId=com.amazon.kindle,cardId=1314232813}
07-01 22:48:39.040  2035  2035 I F_C.LibraryFilteredCard: Not aggregate Card, processing complete {producerId=com.amazon.kindle,cardId=-1930869496}
07-01 22:48:39.040  2035  2035 I F_C.LibraryFilteredCard: Not aggregate Card, processing complete {producerId=com.amazon.kindle,cardId=-335311499}
07-01 22:48:39.040  2035  2035 I F_C.LibraryFilteredCard: Processing complete {producerId=com.amazon.kindle,cardId=-1902740761}
07-01 22:48:39.044  2035  2035 I F_C.LibraryFilteredCard: Not aggregate Card, processing complete {producerId=com.amazon.kindle,cardId=-429957087}
07-01 22:48:39.048  2035  2035 I F_C.LibraryFilteredCard: Filtering out {producerId=com.amazon.kindle,cardId=1314232813}, target: LIBRARY/com.amazon.kindle:KindleParentCard, filter: ConnectionCardFilters.ONLINE_ONLY
07-01 22:48:39.048  2035  2035 I F_C.LibraryFilteredCard: Not aggregate Card, processing complete {producerId=com.amazon.kindle,cardId=-1930869496}
07-01 22:48:39.048  2035  2035 I F_C.LibraryFilteredCard: Not aggregate Card, processing complete {producerId=com.amazon.kindle,cardId=-335311499}
07-01 22:48:39.048  2035  2035 I F_C.LibraryFilteredCard: Processing complete {producerId=com.amazon.kindle,cardId=-1902740761}
07-01 22:48:39.048  2035  2035 I F_C.LibraryFilteredCard: Filtering out {producerId=com.amazon.kindle,cardId=-429957087}, target: LIBRARY/com.amazon.kindle:KindleParentCard, filter: ConnectionCardFilters.OFFLINE_ONLY
07-01 22:48:39.048  2035  2035 I F_C.LibraryFilteredCard: Not aggregate Card, processing complete {producerId=com.amazon.kindle,cardId=1314232813}
07-01 22:48:39.048  2035  2035 I F_C.LibraryFilteredCard: Filtering out {producerId=com.amazon.kindle,cardId=-1930869496}, target: LIBRARY/com.amazon.kindle:KindleParentCard, filter: ConnectionCardFilters.OFFLINE_ONLY
07-01 22:48:39.048  2035  2035 I F_C.LibraryFilteredCard: Filtering out {producerId=com.amazon.kindle,cardId=-335311499}, target: LIBRARY/com.amazon.kindle:KindleParentCard, filter: ConnectionCardFilters.OFFLINE_ONLY
07-01 22:48:39.048  2035  2035 I F_C.LibraryFilteredCard: Processing complete {producerId=com.amazon.kindle,cardId=-1902740761}
07-01 22:48:39.049  2035  2035 I F_C.LibraryFilteredCard: Card com.amazon.kindleKindleParentCard contains at least 1 child that supports the online experience
07-01 22:48:39.049  2035  2035 I F_C.LibraryFilteredCard: Card com.amazon.kindleKindleParentCard contains at least 1 child that supports the offline experience
07-01 22:48:39.049  2035  2035 I F_C.LibraryFilteredCard: Start processing card {producerId=com.amazon.venezia,cardId=-1756330940}
07-01 22:48:39.049  2035  2035 I F_C.LibraryFilteredCard: Not aggregate Card, processing complete {producerId=com.amazon.firelauncher.fireappscardproducer,cardId=14886992}
07-01 22:48:39.049  2035  2035 I F_C.LibraryFilteredCard: Not aggregate Card, processing complete {producerId=com.amazon.venezia,cardId=973098305}
07-01 22:48:39.049  2035  2035 I F_C.LibraryFilteredCard: Processing complete {producerId=com.amazon.venezia,cardId=-1756330940}
07-01 22:48:39.049  2035  2035 I F_C.LibraryFilteredCard: Not aggregate Card, processing complete {producerId=com.amazon.firelauncher.fireappscardproducer,cardId=14886992}
07-01 22:48:39.049  2035  2035 I F_C.LibraryFilteredCard: Not aggregate Card, processing complete {producerId=com.amazon.venezia,cardId=973098305}
07-01 22:48:39.049  2035  2035 I F_C.LibraryFilteredCard: Processing complete {producerId=com.amazon.venezia,cardId=-1756330940}
07-01 22:48:39.050  2035  2035 I F_C.LibraryFilteredCard: Not aggregate Card, processing complete {producerId=com.amazon.firelauncher.fireappscardproducer,cardId=14886992}
07-01 22:48:39.050  2035  2035 I F_C.LibraryFilteredCard: Filtering out {producerId=com.amazon.venezia,cardId=973098305}, target: LIBRARY/com.amazon.venezia:library-apps, filter: ConnectionCardFilters.OFFLINE_ONLY
07-01 22:48:39.050  2035  2035 I F_C.LibraryFilteredCard: Processing complete {producerId=com.amazon.venezia,cardId=-1756330940}
07-01 22:48:39.050  2035  2035 I F_C.LibraryFilteredCard: Card com.amazon.venezialibrary-apps contains at least 1 child that supports the online experience
07-01 22:48:39.050  2035  2035 I F_C.LibraryFilteredCard: Card com.amazon.venezialibrary-apps contains at least 1 child that supports the offline experience
07-01 22:48:39.050  2035  2035 I F_C.LibraryFilteredCard: Start processing card {producerId=com.amazon.venezia,cardId=1393406767}
07-01 22:48:39.050  2035  2035 I F_C.LibraryFilteredCard: Not aggregate Card, processing complete {producerId=com.amazon.venezia,cardId=449818998}
07-01 22:48:39.050  2035  2035 I F_C.LibraryFilteredCard: Processing complete {producerId=com.amazon.venezia,cardId=1393406767}
07-01 22:48:39.050  2035  2035 I F_C.LibraryFilteredCard: Not aggregate Card, processing complete {producerId=com.amazon.venezia,cardId=449818998}
07-01 22:48:39.050  2035  2035 I F_C.LibraryFilteredCard: Processing complete {producerId=com.amazon.venezia,cardId=1393406767}
07-01 22:48:39.050  2035  2035 I F_C.LibraryFilteredCard: Filtering out {producerId=com.amazon.venezia,cardId=449818998}, target: LIBRARY/com.amazon.venezia:library-games, filter: ConnectionCardFilters.OFFLINE_ONLY
07-01 22:48:39.050  2035  2035 I F_C.LibraryFilteredCard: Card is empty {producerId=com.amazon.venezia,cardId=1393406767}
07-01 22:48:39.050  2035  2035 I F_C.LibraryFilteredCard: Card com.amazon.venezialibrary-games contains at least 1 child that supports the online experience
07-01 22:48:39.050  2035  2035 I F_C.LibraryFilteredCard: Card com.amazon.venezialibrary-games does not support the offline experience
07-01 22:48:39.050  2035  2035 I F_C.LibraryFilteredCard: Start processing card {producerId=com.amazon.cloud9.contentservice,cardId=-1755801561}
07-01 22:48:39.050  2035  2035 I F_C.LibraryFilteredCard: Not aggregate Card, processing complete {producerId=com.amazon.cloud9.contentservice,cardId=1029989062}
07-01 22:48:39.050  2035  2035 I F_C.LibraryFilteredCard: Processing complete {producerId=com.amazon.cloud9.contentservice,cardId=-1755801561}
07-01 22:48:39.050  2035  2035 I F_C.LibraryFilteredCard: Not aggregate Card, processing complete {producerId=com.amazon.cloud9.contentservice,cardId=1029989062}
07-01 22:48:39.050  2035  2035 I F_C.LibraryFilteredCard: Processing complete {producerId=com.amazon.cloud9.contentservice,cardId=-1755801561}
07-01 22:48:39.051  2035  2035 I F_C.LibraryFilteredCard: Filtering out {producerId=com.amazon.cloud9.contentservice,cardId=-1755801561}, target: LIBRARY, filter: ConnectionCardFilters.OFFLINE_ONLY
07-01 22:48:39.051  2035  2035 I F_C.LibraryFilteredCard: Card com.amazon.cloud9.contentservicelibrary-silk contains at least 1 child that supports the online experience
07-01 22:48:39.051  2035  2035 I F_C.LibraryFilteredCard: Card com.amazon.cloud9.contentservicelibrary-silk does not support the offline experience
07-01 22:48:39.051  2035  2035 I F_C.LibraryFilteredCard: Start processing card {producerId=com.amazon.avod,cardId=1407489257}
07-01 22:48:39.051  2035  2035 I F_C.LibraryFilteredCard: Not aggregate Card, processing complete {producerId=com.amazon.avod,cardId=-279883710}
07-01 22:48:39.051  2035  2035 I F_C.LibraryFilteredCard: Processing complete {producerId=com.amazon.avod,cardId=1407489257}
07-01 22:48:39.051  2035  2035 I F_C.LibraryFilteredCard: Not aggregate Card, processing complete {producerId=com.amazon.avod,cardId=-279883710}
07-01 22:48:39.051  2035  2035 I F_C.LibraryFilteredCard: Processing complete {producerId=com.amazon.avod,cardId=1407489257}
07-01 22:48:39.051  2035  2035 I F_C.LibraryFilteredCard: Filtering out {producerId=com.amazon.avod,cardId=-279883710}, target: LIBRARY/com.amazon.avod:library-video, filter: ConnectionCardFilters.OFFLINE_ONLY
07-01 22:48:39.051  2035  2035 I F_C.LibraryFilteredCard: Card is empty {producerId=com.amazon.avod,cardId=1407489257}
07-01 22:48:39.051  2035  2035 I F_C.LibraryFilteredCard: Card com.amazon.avodlibrary-video contains at least 1 child that supports the online experience
07-01 22:48:39.051  2035  2035 I F_C.LibraryFilteredCard: Card com.amazon.avodlibrary-video does not support the offline experience
07-01 22:48:39.051  2035  2035 I F_C.LibraryFilteredCard: Start processing card {producerId=com.audible.application.kindle,cardId=-1431570448}
07-01 22:48:39.051  2035  2035 I F_C.LibraryFilteredCard: Not aggregate Card, processing complete {producerId=com.audible.application.kindle,cardId=-921113896}
07-01 22:48:39.051  2035  2035 I F_C.LibraryFilteredCard: Not aggregate Card, processing complete {producerId=com.audible.application.kindle,cardId=-26380392}
07-01 22:48:39.051  2035  2035 I F_C.LibraryFilteredCard: Processing complete {producerId=com.audible.application.kindle,cardId=-1431570448}
07-01 22:48:39.051  2035  2035 I F_C.LibraryFilteredCard: Not aggregate Card, processing complete {producerId=com.audible.application.kindle,cardId=-921113896}
07-01 22:48:39.051  2035  2035 I F_C.LibraryFilteredCard: Not aggregate Card, processing complete {producerId=com.audible.application.kindle,cardId=-26380392}
07-01 22:48:39.051  2035  2035 I F_C.LibraryFilteredCard: Processing complete {producerId=com.audible.application.kindle,cardId=-1431570448}
07-01 22:48:39.052  2035  2035 I F_C.LibraryFilteredCard: Filtering out {producerId=com.audible.application.kindle,cardId=-921113896}, target: LIBRARY/com.audible.application.kindle:library-audible, filter: ConnectionCardFilters.OFFLINE_ONLY
07-01 22:48:39.052  2035  2035 I F_C.LibraryFilteredCard: Filtering out {producerId=com.audible.application.kindle,cardId=-26380392}, target: LIBRARY/com.audible.application.kindle:library-audible, filter: ConnectionCardFilters.OFFLINE_ONLY
07-01 22:48:39.052  2035  2035 I F_C.LibraryFilteredCard: Card is empty {producerId=com.audible.application.kindle,cardId=-1431570448}
07-01 22:48:39.052  2035  2035 I F_C.LibraryFilteredCard: Card com.audible.application.kindlelibrary-audible contains at least 1 child that supports the online experience
07-01 22:48:39.052  2035  2035 I F_C.LibraryFilteredCard: Card com.audible.application.kindlelibrary-audible does not support the offline experience
07-01 22:48:39.052  2035  2035 I F_C.LibraryFilteredCard: Start processing card {producerId=com.amazon.mp3,cardId=1399549587}
07-01 22:48:39.052  2035  2035 I F_C.LibraryFilteredCard: Card is empty {producerId=com.amazon.mp3,cardId=1399549587}
07-01 22:48:39.052  2035  2035 I F_C.LibraryFilteredCard: Card com.amazon.mp3library-music filtered by non connectivity filters
07-01 22:48:39.052  2035  2035 I F_C.LibraryFilteredCard: Start processing card {producerId=com.amazon.imdb.tv.mobile.app,cardId=1407489257}
07-01 22:48:39.052  2035  2035 I F_C.LibraryFilteredCard: Card is empty {producerId=com.amazon.imdb.tv.mobile.app,cardId=1407489257}
07-01 22:48:39.052  2035  2035 I F_C.LibraryFilteredCard: Card com.amazon.imdb.tv.mobile.applibrary-video filtered by non connectivity filters
07-01 22:48:39.056  2035  2035 I F_C.SectionExpandStates: bind() - dataSource not yet registered
07-01 22:48:39.056  2035  2035 I chatty  : uid=10092(com.amazon.firelauncher) identical 20 lines
07-01 22:48:39.056  2035  2035 I F_C.SectionExpandStates: bind() - dataSource not yet registered
07-01 22:48:39.056  2035  2035 I F_C.LibraryFilteredCard: Start processing card {producerId=com.amazon.kindle,cardId=-1902740761}
07-01 22:48:39.056  2035  2035 I F_C.LibraryFilteredCard: Not aggregate Card, processing complete {producerId=com.amazon.kindle,cardId=-429957087}
07-01 22:48:39.056  2035  2035 I F_C.LibraryFilteredCard: Not aggregate Card, processing complete {producerId=com.amazon.kindle,cardId=1314232813}
07-01 22:48:39.056  2035  2035 I F_C.LibraryFilteredCard: Not aggregate Card, processing complete {producerId=com.amazon.kindle,cardId=-1930869496}
07-01 22:48:39.056  2035  2035 I F_C.LibraryFilteredCard: Not aggregate Card, processing complete {producerId=com.amazon.kindle,cardId=-335311499}
07-01 22:48:39.056  2035  2035 I F_C.LibraryFilteredCard: Processing complete {producerId=com.amazon.kindle,cardId=-1902740761}
07-01 22:48:39.057  2035  2035 I F_C.LibraryFilteredCard: Not aggregate Card, processing complete {producerId=com.amazon.kindle,cardId=-429957087}
07-01 22:48:39.057  2035  2035 I F_C.LibraryFilteredCard: Filtering out {producerId=com.amazon.kindle,cardId=1314232813}, target: LIBRARY/com.amazon.kindle:KindleParentCard, filter: ConnectionCardFilters.ONLINE_ONLY
07-01 22:48:39.057  2035  2035 I F_C.LibraryFilteredCard: Not aggregate Card, processing complete {producerId=com.amazon.kindle,cardId=-1930869496}
07-01 22:48:39.057  2035  2035 I F_C.LibraryFilteredCard: Not aggregate Card, processing complete {producerId=com.amazon.kindle,cardId=-335311499}
07-01 22:48:39.057  2035  2035 I F_C.LibraryFilteredCard: Processing complete {producerId=com.amazon.kindle,cardId=-1902740761}
07-01 22:48:39.057  2035  2035 I F_C.LibraryFilteredCard: Filtering out {producerId=com.amazon.kindle,cardId=-429957087}, target: LIBRARY/com.amazon.kindle:KindleParentCard, filter: ConnectionCardFilters.OFFLINE_ONLY
07-01 22:48:39.057  2035  2035 I F_C.LibraryFilteredCard: Not aggregate Card, processing complete {producerId=com.amazon.kindle,cardId=1314232813}
07-01 22:48:39.057  2035  2035 I F_C.LibraryFilteredCard: Filtering out {producerId=com.amazon.kindle,cardId=-1930869496}, target: LIBRARY/com.amazon.kindle:KindleParentCard, filter: ConnectionCardFilters.OFFLINE_ONLY
07-01 22:48:39.057  2035  2035 I F_C.LibraryFilteredCard: Filtering out {producerId=com.amazon.kindle,cardId=-335311499}, target: LIBRARY/com.amazon.kindle:KindleParentCard, filter: ConnectionCardFilters.OFFLINE_ONLY
07-01 22:48:39.057  2035  2035 I F_C.LibraryFilteredCard: Processing complete {producerId=com.amazon.kindle,cardId=-1902740761}
07-01 22:48:39.057  2035  2035 I F_C.LibraryFilteredCard: Card com.amazon.kindleKindleParentCard contains at least 1 child that supports the online experience
07-01 22:48:39.057  2035  2035 I F_C.LibraryFilteredCard: Card com.amazon.kindleKindleParentCard contains at least 1 child that supports the offline experience
07-01 22:48:39.057  2035  2035 I F_C.LibraryFilteredCard: Start processing card {producerId=com.amazon.venezia,cardId=-1756330940}
07-01 22:48:39.057  2035  2035 I F_C.LibraryFilteredCard: Not aggregate Card, processing complete {producerId=com.amazon.firelauncher.fireappscardproducer,cardId=14886992}
07-01 22:48:39.057  2035  2035 I F_C.LibraryFilteredCard: Not aggregate Card, processing complete {producerId=com.amazon.venezia,cardId=973098305}
07-01 22:48:39.057  2035  2035 I F_C.LibraryFilteredCard: Processing complete {producerId=com.amazon.venezia,cardId=-1756330940}
07-01 22:48:39.057  2035  2035 I F_C.LibraryFilteredCard: Not aggregate Card, processing complete {producerId=com.amazon.firelauncher.fireappscardproducer,cardId=14886992}
07-01 22:48:39.057  2035  2035 I F_C.LibraryFilteredCard: Not aggregate Card, processing complete {producerId=com.amazon.venezia,cardId=973098305}
07-01 22:48:39.058  2035  2035 I F_C.LibraryFilteredCard: Processing complete {producerId=com.amazon.venezia,cardId=-1756330940}
07-01 22:48:39.058  2035  2035 I F_C.LibraryFilteredCard: Not aggregate Card, processing complete {producerId=com.amazon.firelauncher.fireappscardproducer,cardId=14886992}
07-01 22:48:39.058  2035  2035 I F_C.LibraryFilteredCard: Filtering out {producerId=com.amazon.venezia,cardId=973098305}, target: LIBRARY/com.amazon.venezia:library-apps, filter: ConnectionCardFilters.OFFLINE_ONLY
07-01 22:48:39.058  2035  2035 I F_C.LibraryFilteredCard: Processing complete {producerId=com.amazon.venezia,cardId=-1756330940}
07-01 22:48:39.058   891   891 I vol.Events: writeEvent dismiss_dialog volume_controller
07-01 22:48:39.058  2035  2035 I F_C.LibraryFilteredCard: Card com.amazon.venezialibrary-apps contains at least 1 child that supports the online experience
07-01 22:48:39.058  2035  2035 I F_C.LibraryFilteredCard: Card com.amazon.venezialibrary-apps contains at least 1 child that supports the offline experience
07-01 22:48:39.058  2035  2035 I F_C.LibraryFilteredCard: Start processing card {producerId=com.amazon.venezia,cardId=1393406767}
07-01 22:48:39.058  2035  2035 I F_C.LibraryFilteredCard: Not aggregate Card, processing complete {producerId=com.amazon.venezia,cardId=449818998}
07-01 22:48:39.058  2035  2035 I F_C.LibraryFilteredCard: Processing complete {producerId=com.amazon.venezia,cardId=1393406767}
07-01 22:48:39.058  2035  2035 I F_C.LibraryFilteredCard: Not aggregate Card, processing complete {producerId=com.amazon.venezia,cardId=449818998}
07-01 22:48:39.058  2035  2035 I F_C.LibraryFilteredCard: Processing complete {producerId=com.amazon.venezia,cardId=1393406767}
07-01 22:48:39.058  2035  2035 I F_C.LibraryFilteredCard: Filtering out {producerId=com.amazon.venezia,cardId=449818998}, target: LIBRARY/com.amazon.venezia:library-games, filter: ConnectionCardFilters.OFFLINE_ONLY
07-01 22:48:39.058  2035  2035 I F_C.LibraryFilteredCard: Card is empty {producerId=com.amazon.venezia,cardId=1393406767}
07-01 22:48:39.058  2035  2035 I F_C.LibraryFilteredCard: Card com.amazon.venezialibrary-games contains at least 1 child that supports the online experience
07-01 22:48:39.058  2035  2035 I F_C.LibraryFilteredCard: Card com.amazon.venezialibrary-games does not support the offline experience
07-01 22:48:39.058  2035  2035 I F_C.LibraryFilteredCard: Start processing card {producerId=com.amazon.cloud9.contentservice,cardId=-1755801561}
07-01 22:48:39.058  2035  2035 I F_C.LibraryFilteredCard: Not aggregate Card, processing complete {producerId=com.amazon.cloud9.contentservice,cardId=1029989062}
07-01 22:48:39.058  2035  2035 I F_C.LibraryFilteredCard: Processing complete {producerId=com.amazon.cloud9.contentservice,cardId=-1755801561}
07-01 22:48:39.058  2035  2035 I F_C.LibraryFilteredCard: Not aggregate Card, processing complete {producerId=com.amazon.cloud9.contentservice,cardId=1029989062}
07-01 22:48:39.059  2035  2035 I F_C.LibraryFilteredCard: Processing complete {producerId=com.amazon.cloud9.contentservice,cardId=-1755801561}
07-01 22:48:39.059  2035  2035 I F_C.LibraryFilteredCard: Filtering out {producerId=com.amazon.cloud9.contentservice,cardId=-1755801561}, target: LIBRARY, filter: ConnectionCardFilters.OFFLINE_ONLY
07-01 22:48:39.059  2035  2035 I F_C.LibraryFilteredCard: Card com.amazon.cloud9.contentservicelibrary-silk contains at least 1 child that supports the online experience
07-01 22:48:39.059  2035  2035 I F_C.LibraryFilteredCard: Card com.amazon.cloud9.contentservicelibrary-silk does not support the offline experience
07-01 22:48:39.059  2035  2035 I F_C.LibraryFilteredCard: Start processing card {producerId=com.amazon.avod,cardId=1407489257}
07-01 22:48:39.059  2035  2035 I F_C.LibraryFilteredCard: Not aggregate Card, processing complete {producerId=com.amazon.avod,cardId=-279883710}
07-01 22:48:39.059  2035  2035 I F_C.LibraryFilteredCard: Processing complete {producerId=com.amazon.avod,cardId=1407489257}
07-01 22:48:39.059  2035  2035 I F_C.LibraryFilteredCard: Not aggregate Card, processing complete {producerId=com.amazon.avod,cardId=-279883710}
07-01 22:48:39.059  2035  2035 I F_C.LibraryFilteredCard: Processing complete {producerId=com.amazon.avod,cardId=1407489257}
07-01 22:48:39.059  2035  2035 I F_C.LibraryFilteredCard: Filtering out {producerId=com.amazon.avod,cardId=-279883710}, target: LIBRARY/com.amazon.avod:library-video, filter: ConnectionCardFilters.OFFLINE_ONLY
07-01 22:48:39.059  2035  2035 I F_C.LibraryFilteredCard: Card is empty {producerId=com.amazon.avod,cardId=1407489257}
07-01 22:48:39.059  2035  2035 I F_C.LibraryFilteredCard: Card com.amazon.avodlibrary-video contains at least 1 child that supports the online experience
07-01 22:48:39.059  2035  2035 I F_C.LibraryFilteredCard: Card com.amazon.avodlibrary-video does not support the offline experience
07-01 22:48:39.059  2035  2035 I F_C.LibraryFilteredCard: Start processing card {producerId=com.audible.application.kindle,cardId=-1431570448}
07-01 22:48:39.059  2035  2035 I F_C.LibraryFilteredCard: Not aggregate Card, processing complete {producerId=com.audible.application.kindle,cardId=-921113896}
07-01 22:48:39.059  2035  2035 I F_C.LibraryFilteredCard: Not aggregate Card, processing complete {producerId=com.audible.application.kindle,cardId=-26380392}
07-01 22:48:39.059  2035  2035 I F_C.LibraryFilteredCard: Processing complete {producerId=com.audible.application.kindle,cardId=-1431570448}
07-01 22:48:39.059  2035  2035 I F_C.LibraryFilteredCard: Not aggregate Card, processing complete {producerId=com.audible.application.kindle,cardId=-921113896}
07-01 22:48:39.059  2035  2035 I F_C.LibraryFilteredCard: Not aggregate Card, processing complete {producerId=com.audible.application.kindle,cardId=-26380392}
07-01 22:48:39.059  2035  2035 I F_C.LibraryFilteredCard: Processing complete {producerId=com.audible.application.kindle,cardId=-1431570448}
07-01 22:48:39.059  2035  2035 I F_C.LibraryFilteredCard: Filtering out {producerId=com.audible.application.kindle,cardId=-921113896}, target: LIBRARY/com.audible.application.kindle:library-audible, filter: ConnectionCardFilters.OFFLINE_ONLY
07-01 22:48:39.060  2035  2035 I F_C.LibraryFilteredCard: Filtering out {producerId=com.audible.application.kindle,cardId=-26380392}, target: LIBRARY/com.audible.application.kindle:library-audible, filter: ConnectionCardFilters.OFFLINE_ONLY
07-01 22:48:39.060  2035  2035 I F_C.LibraryFilteredCard: Card is empty {producerId=com.audible.application.kindle,cardId=-1431570448}
07-01 22:48:39.060  2035  2035 I F_C.LibraryFilteredCard: Card com.audible.application.kindlelibrary-audible contains at least 1 child that supports the online experience
07-01 22:48:39.060  2035  2035 I F_C.LibraryFilteredCard: Card com.audible.application.kindlelibrary-audible does not support the offline experience
07-01 22:48:39.060  2035  2035 I F_C.LibraryFilteredCard: Start processing card {producerId=com.amazon.mp3,cardId=1399549587}
07-01 22:48:39.060  2035  2035 I F_C.LibraryFilteredCard: Card is empty {producerId=com.amazon.mp3,cardId=1399549587}
07-01 22:48:39.060  2035  2035 I F_C.LibraryFilteredCard: Card com.amazon.mp3library-music filtered by non connectivity filters
07-01 22:48:39.060  2035  2035 I F_C.LibraryFilteredCard: Start processing card {producerId=com.amazon.imdb.tv.mobile.app,cardId=1407489257}
07-01 22:48:39.060  2035  2035 I F_C.LibraryFilteredCard: Card is empty {producerId=com.amazon.imdb.tv.mobile.app,cardId=1407489257}
07-01 22:48:39.060  2035  2035 I F_C.LibraryFilteredCard: Card com.amazon.imdb.tv.mobile.applibrary-video filtered by non connectivity filters
07-01 22:48:39.060  2035  2035 I F_C.LibraryState: Got 2 empty sections, 6 populated sections, 9 total sections.
07-01 22:48:39.060  2035  2035 I F_C.LibraryState: Channel already populated, Not transitioning out of POPULATED
07-01 22:48:39.060  2035  2035 I F_C.LibraryState: Not changing population state. Current state: POPULATED
07-01 22:48:39.060  2035  2035 I F_C.VisibleRecyclerView: getFirstVisiblePosition, firstVisibleAdapterPosition: 0, correctedAdapterIndex: 0, indexOffset: 0
07-01 22:48:39.060  2035  2035 I F_C.SectionExpandStates: bind() - dataSource not yet registered
07-01 22:48:39.061  2035  2035 I chatty  : uid=10092(com.amazon.firelauncher) identical 20 lines
07-01 22:48:39.061  2035  2035 I F_C.SectionExpandStates: bind() - dataSource not yet registered
07-01 22:48:39.061  2035  2035 I F_C.VisibleRecyclerView: getLastVisiblePosition, lastNonFixedViewPosition: 22, correctedAdapterIndex: 22, indexOffset: 0
07-01 22:48:39.068  2035  2035 I F_C.Launcher: onPause
07-01 22:48:39.069  2035  2035 I F_C.NonDisruptiveAdapte: 128 - slots hidden: [ ]
07-01 22:48:39.070  2035  2035 I F_C.MagazineController: Notifying F_C.PageAdapter:DELIVERIES on on visibility change: false
07-01 22:48:39.070  2035  2035 I F_C.BufferedWeblabContr: Returning FIRELAUNCHER_PODIUM_911263 for weblab T1
07-01 22:48:39.070  2035  2035 I F_C.OverrideWeblabContr: Returning FIRELAUNCHER_PODIUM_911263 for weblab T1, base class: BufferedWeblabController
07-01 22:48:39.070  2035  2035 I F_C.WeblabCardFiltering: No filters found for treatment T1
07-01 22:48:39.070  2035  2035 I F_C.PageExitMetric: Launcher background detected -- reporting page exit metric for current page
07-01 22:48:39.071  2035  2035 I F_C.Launcher: Received intent:android.intent.action.MAIN
07-01 22:48:39.071  2035  2035 W RecyclerView: An instance of GridSmoothScroller was started more than once. Each instance ofGridSmoothScroller is intended to only be used once. You should create a new instance for each use.
07-01 22:48:39.071  2035  2035 W F_C.EditModeController: AppsGrid not in EditMode, exit not applicable.
07-01 22:48:39.071  2035  2035 I F_C.Launcher: onResume
07-01 22:48:39.073   614   623 I system_server: Background concurrent copying GC freed 98264(4MB) AllocSpace objects, 31(1424KB) LOS objects, 24% free, 18MB/24MB, paused 201us total 144.643ms
07-01 22:48:39.073  2035  2035 I F_C.BaseSearchWidgetCon: setActiveSpec(), currentPage: 1
07-01 22:48:39.073  2035  2035 I F_C.BaseSearchWidgetCon: Valid spec
07-01 22:48:39.073  2035  2035 I F_C.BaseSearchWidgetCon: Calling onResume()
07-01 22:48:39.073  2035  2035 I F_C.MagazineController: Notifying F_C.PageAdapter:DELIVERIES on on visibility change: true
07-01 22:48:39.073  2035  2035 I F_C.BufferedWeblabContr: Returning FIRELAUNCHER_PODIUM_911263 for weblab T1
07-01 22:48:39.074  2035  2035 I F_C.OverrideWeblabContr: Returning FIRELAUNCHER_PODIUM_911263 for weblab T1, base class: BufferedWeblabController
07-01 22:48:39.074  2035  2035 I F_C.WeblabCardFiltering: No filters found for treatment T1
07-01 22:48:39.077  2035  2035 I F_C.Launcher: Up Next/New Items has been enabled at App settings? - true
07-01 22:48:39.077  2035  2320 I F_C.DefaultNetworkState: Re-evaluate in onResume
07-01 22:48:39.077  2035  2320 I F_C.DefaultNetworkState: lastly notified connection state is true, skip notification
07-01 22:48:39.078  2035  2035 I F_C.AppsGrid: Notification Badge setting is enabled, but notification access permission is not granted. Not showing notification badges
07-01 22:48:39.080  2035  2035 I F_C.NonDisruptiveAdapte: 128 - slots hidden: [ ]
07-01 22:48:39.081   614   621 W System  : A resource failed to call close. 
07-01 22:48:39.086   382   421 I vendor.mediatek.hardware.power@2.0-impl: powerHintAsync hint:8, data:0
07-01 22:48:39.089  2035  2035 I F_C.HeaderHideRevealCon: Reveal header, animationRequired: true isFastAnimation: false
07-01 22:48:39.163   382   420 I libPowerHal: 2: legacy set freq: -1 -1 -1 -1
07-01 22:48:39.202   614  2248 I OpenGLRenderer: Initialized EGL, version 1.4
07-01 22:48:39.202   614  2248 E OpenGLRenderer: Device claims wide gamut support, cannot find matching config, error = EGL_SUCCESS
07-01 22:48:39.323 21537 21609 I WM-WorkerWrapper: Worker result SUCCESS for Work [ id=e7882b90-cb96-428b-bc7a-f459df61255c, tags={ com.amazon.adep.nimh.device.management.DeviceManagementService } ]
07-01 22:48:39.373   614   623 I system_server: NativeAlloc concurrent copying GC freed 4994(481KB) AllocSpace objects, 0(0B) LOS objects, 24% free, 18MB/24MB, paused 344us total 115.604ms
07-01 22:48:39.582   614   722 E WifiVendorHal: getWifiLinkLayerStats(l.937) failed {.code = ERROR_NOT_SUPPORTED, .description = }
07-01 22:48:39.683   614   623 I system_server: NativeAlloc concurrent copying GC freed 3019(245KB) AllocSpace objects, 2(104KB) LOS objects, 24% free, 18MB/24MB, paused 24.669ms total 139.952ms
07-01 22:48:39.840   614   630 I NetworkPolicy: setUidFirewallRule() for uid = 10006, packageName = com.amazon.appverification, chain = 2, uidRules = {10006=2, 10008=0, 10009=2, 10013=2, 10014=0, 10021=0, 10022=2, 10027=0, 10029=2, 10030=2, 10031=2, 10035=2, 10037=0, 10042=2, 10044=2, 10045=0, 10047=2, 10048=2, 10050=2, 10054=2, 10059=2, 10061=2, 10062=2, 10063=2, 10064=2, 10065=2, 10067=2, 10068=2, 10069=2, 10070=0, 10071=2, 10073=2, 10074=0, 10076=2, 10078=2, 10079=0, 10080=2, 10081=2, 10082=2, 10084=2, 10085=2, 10086=2, 10087=2, 10088=2, 10090=2, 10092=0, 10093=2, 10094=2, 10095=2, 10096=2, 10097=2, 10098=2, 10099=2, 10100=0, 10101=0, 10102=2, 10103=2, 10104=2, 10105=2, 10106=0, 10107=0, 10108=2, 10109=2, 10110=2, 10111=2, 10112=0, 10113=2, 10114=2, 10115=0, 10116=2, 10117=2, 10118=2, 10119=2, 10121=2, 10122=2, 10123=0, 10125=2, 10126=2, 10127=2, 10128=0, 10129=2, 10130=2, 10131=2, 10132=2, 10133=2, 10134=0, 10136=0, 10138=0, 10140=0, 10143=2, 10148=2, 10151=2, 10155=2, 10159=2, 10162=2, 10166=2, 10167=0, 10169=2, 10175=2}
07-01 22:48:39.852   456   456 I thermal_repeater: socket -1
07-01 22:48:40.164   382   421 I vendor.mediatek.hardware.power@2.0-impl: powerHintAsync hint:2, data:0
07-01 22:48:40.165   382   420 I libPowerHal: 2: legacy set freq: 1989000 -1 1989000 -1
07-01 22:48:40.165   382   421 I vendor.mediatek.hardware.power@2.0-impl: powerHintAsync hint:2, data:0
07-01 22:48:40.268  2035  2035 I F_C.ItemClickOperation: onClick hit for item: 1611479624
07-01 22:48:40.269   614 18384 I ActivityManager: START u0 {act=android.intent.action.MAIN cat=[android.intent.category.LAUNCHER] flg=0x10200000 cmp=com.lonetechwiz.hearthshelf/.MainActivity} from uid 10092
07-01 22:48:40.269   382   421 I vendor.mediatek.hardware.power@2.0-impl: powerHintAsync hint:2, data:200
07-01 22:48:40.315   382   420 I libPowerHal: 2: legacy set freq: -1 -1 -1 -1
07-01 22:48:40.328   382   421 I vendor.mediatek.hardware.power@2.0-impl: powerHintAsync hint:8, data:1
07-01 22:48:40.328   382   420 I libPowerHal: 8: legacy set freq: 1989000 -1 1989000 -1
07-01 22:48:40.338  2035  2035 I F_C.ItemClickOperation: Launched -810610663 with intent 91125625
07-01 22:48:40.341  2035  2035 I F_C.ScreenOffReceiver: Removing listener
07-01 22:48:40.341  2035  2035 I F_C.ScreenOffReceiver: Removing listener
07-01 22:48:40.345  2035  2035 I F_C.CarouselViewBuilder: Setting prefetch item count to 5 for TEMPLATE_127: { templateId: 127, dimensions: UP_NEXT_ITEM_IMAGE }
07-01 22:48:40.345  2035  2035 W F_C.DeliveryItemBinder: Bound view didn't have the expected view hierarchy
07-01 22:48:40.345  2035  2035 W F_C.DeliveryItemBinder: Bound view didn't have the expected view hierarchy
07-01 22:48:40.345  2035  2035 I F_C.ScreenOffReceiver: Adding listener
07-01 22:48:40.355  2035  2035 I F_C.CarouselViewBuilder: Setting prefetch item count to 5 for TEMPLATE_128: { templateId: 128, dimensions: UP_NEXT_ITEM_IMAGE }
07-01 22:48:40.355  2035  2035 W F_C.DeliveryItemBinder: Bound view didn't have the expected view hierarchy
07-01 22:48:40.355  2035  2035 W F_C.DeliveryItemBinder: Bound view didn't have the expected view hierarchy
07-01 22:48:40.355  2035  2035 I F_C.ScreenOffReceiver: Adding listener
07-01 22:48:40.356  2035  2035 I F_C.NonDisruptiveAdapte: 128 - slots hidden: [ ]
07-01 22:48:40.393  2035  2035 I F_C.ConglomeratingImage: sources size: 3
07-01 22:48:40.393  2035  2035 I F_C.ConglomeratingImage: version: 1230768000000
07-01 22:48:40.394  2035  2035 I F_C.ConglomeratingImage: path: -740569679
07-01 22:48:40.394  2035  2035 I F_C.DefaultPlaceholderD: Setting loading placeholder icon.
07-01 22:48:40.394  2035  2035 I F_C.DefaultPlaceholderD: Setting error placeholder icon.
07-01 22:48:40.394  2035  2035 I F_C.ConglomeratingImage: sources size: 3
07-01 22:48:40.394  2035  2035 I F_C.ConglomeratingImage: version: 1782788463015
07-01 22:48:40.394  2035  2035 I F_C.ConglomeratingImage: path: 631941387
07-01 22:48:40.394  2035  2035 I F_C.DefaultPlaceholderD: Setting loading placeholder icon.
07-01 22:48:40.395  2035  2035 I F_C.DefaultPlaceholderD: Setting error placeholder icon.
07-01 22:48:40.395  2035  2035 I F_C.ConglomeratingImage: sources size: 3
07-01 22:48:40.395  2035  2035 I F_C.ConglomeratingImage: version: 1782788563424
07-01 22:48:40.395  2035  2035 I F_C.ConglomeratingImage: path: 1944430396
07-01 22:48:40.395  2035  2035 I F_C.DefaultPlaceholderD: Setting loading placeholder icon.
07-01 22:48:40.395  2035  2035 I F_C.DefaultPlaceholderD: Setting error placeholder icon.
07-01 22:48:40.396  2035  2035 I F_C.ConglomeratingImage: sources size: 3
07-01 22:48:40.396  2035  2035 I F_C.ConglomeratingImage: version: 1782788509241
07-01 22:48:40.396  2035  2035 I F_C.ConglomeratingImage: path: -2134225715
07-01 22:48:40.396  2035  2035 I F_C.DefaultPlaceholderD: Setting loading placeholder icon.
07-01 22:48:40.396  2035  2035 I F_C.DefaultPlaceholderD: Setting error placeholder icon.
07-01 22:48:40.397  2035  2035 I F_C.ConglomeratingImage: sources size: 3
07-01 22:48:40.397  2035  2035 I F_C.ConglomeratingImage: version: 1782788496069
07-01 22:48:40.397  2035  2035 I F_C.ConglomeratingImage: path: -382385422
07-01 22:48:40.397  2035  2035 I F_C.DefaultPlaceholderD: Setting loading placeholder icon.
07-01 22:48:40.397  2035  2035 I F_C.DefaultPlaceholderD: Setting error placeholder icon.
07-01 22:48:40.398  2035  2035 I F_C.ConglomeratingImage: sources size: 3
07-01 22:48:40.398  2035  2035 I F_C.ConglomeratingImage: version: 1782970659567
07-01 22:48:40.398  2035  2035 I F_C.ConglomeratingImage: path: 2106559348
07-01 22:48:40.398  2035  2035 I F_C.DefaultPlaceholderD: Setting loading placeholder icon.
07-01 22:48:40.398  2035  2035 I F_C.DefaultPlaceholderD: Setting error placeholder icon.
07-01 22:48:40.399  2035  2035 I F_C.ConglomeratingImage: sources size: 3
07-01 22:48:40.399  2035  2035 I F_C.ConglomeratingImage: version: 1767125570230
07-01 22:48:40.399  2035  2035 I F_C.ConglomeratingImage: path: 422366607
07-01 22:48:40.399  2035  2035 I F_C.DefaultPlaceholderD: Setting loading placeholder icon.
07-01 22:48:40.399  2035  2035 I F_C.DefaultPlaceholderD: Setting error placeholder icon.
07-01 22:48:40.399  2035  2035 I F_C.ConglomeratingImage: sources size: 3
07-01 22:48:40.399  2035  2035 I F_C.ConglomeratingImage: version: 1782788593539
07-01 22:48:40.399  2035  2035 I F_C.ConglomeratingImage: path: 875301944
07-01 22:48:40.399  2035  2035 I F_C.DefaultPlaceholderD: Setting loading placeholder icon.
07-01 22:48:40.399  2035  2035 I F_C.DefaultPlaceholderD: Setting error placeholder icon.
07-01 22:48:40.399  2035  2035 I F_C.ConglomeratingImage: sources size: 3
07-01 22:48:40.399  2035  2035 I F_C.ConglomeratingImage: version: 1767132003320
07-01 22:48:40.399  2035  2035 I F_C.ConglomeratingImage: path: -1298919250
07-01 22:48:40.399  2035  2035 I F_C.DefaultPlaceholderD: Setting loading placeholder icon.
07-01 22:48:40.400  2035  2035 I F_C.DefaultPlaceholderD: Setting error placeholder icon.
07-01 22:48:40.400  2035  2035 I F_C.ConglomeratingImage: sources size: 3
07-01 22:48:40.400  2035  2035 I F_C.ConglomeratingImage: version: 1767127141578
07-01 22:48:40.400  2035  2035 I F_C.ConglomeratingImage: path: -438838419
07-01 22:48:40.400  2035  2035 I F_C.DefaultPlaceholderD: Setting loading placeholder icon.
07-01 22:48:40.400  2035  2035 I F_C.DefaultPlaceholderD: Setting error placeholder icon.
07-01 22:48:40.400  2035  2035 I F_C.ConglomeratingImage: sources size: 3
07-01 22:48:40.400  2035  2035 I F_C.ConglomeratingImage: version: 1767116436925
07-01 22:48:40.400  2035  2035 I F_C.ConglomeratingImage: path: -398150599
07-01 22:48:40.400  2035  2035 I F_C.DefaultPlaceholderD: Setting loading placeholder icon.
07-01 22:48:40.401  2035  2035 I F_C.DefaultPlaceholderD: Setting error placeholder icon.
07-01 22:48:40.401  2035  2035 I F_C.ConglomeratingImage: sources size: 3
07-01 22:48:40.401  2035  2035 I F_C.ConglomeratingImage: version: 1767126585815
07-01 22:48:40.401  2035  2035 I F_C.ConglomeratingImage: path: 666029504
07-01 22:48:40.401  2035  2035 I F_C.DefaultPlaceholderD: Setting loading placeholder icon.
07-01 22:48:40.401  2035  2035 I F_C.DefaultPlaceholderD: Setting error placeholder icon.
07-01 22:48:40.401  2035  2035 I F_C.ConglomeratingImage: sources size: 3
07-01 22:48:40.401  2035  2035 I F_C.ConglomeratingImage: version: 1767126456298
07-01 22:48:40.401  2035  2035 I F_C.ConglomeratingImage: path: 193870432
07-01 22:48:40.401  2035  2035 I F_C.DefaultPlaceholderD: Setting loading placeholder icon.
07-01 22:48:40.402  2035  2035 I F_C.DefaultPlaceholderD: Setting error placeholder icon.
07-01 22:48:40.402  2035  2035 I F_C.ConglomeratingImage: sources size: 3
07-01 22:48:40.402  2035  2035 I F_C.ConglomeratingImage: version: 1782877867458
07-01 22:48:40.402  2035  2035 I F_C.ConglomeratingImage: path: 1128662979
07-01 22:48:40.402  2035  2035 I F_C.DefaultPlaceholderD: Setting loading placeholder icon.
07-01 22:48:40.402  2035  2035 I F_C.DefaultPlaceholderD: Setting error placeholder icon.
07-01 22:48:40.403  2035  2035 I F_C.ConglomeratingImage: sources size: 3
07-01 22:48:40.403  2035  2035 I F_C.ConglomeratingImage: version: 1230768000000
07-01 22:48:40.403  2035  2035 I F_C.ConglomeratingImage: path: 1038912498
07-01 22:48:40.403  2035  2035 I F_C.DefaultPlaceholderD: Setting loading placeholder icon.
07-01 22:48:40.403  2035  2035 I F_C.DefaultPlaceholderD: Setting error placeholder icon.
07-01 22:48:40.405  2035  2035 I F_C.ConglomeratingImage: sources size: 3
07-01 22:48:40.405  2035  2035 I F_C.ConglomeratingImage: version: 1230768000000
07-01 22:48:40.405  2035  2035 I F_C.ConglomeratingImage: path: -1730878678
07-01 22:48:40.405  2035  2035 I F_C.DefaultPlaceholderD: Setting loading placeholder icon.
07-01 22:48:40.405  2035  2035 I F_C.DefaultPlaceholderD: Setting error placeholder icon.
07-01 22:48:40.405  2035  2035 I F_C.ConglomeratingImage: sources size: 3
07-01 22:48:40.405  2035  2035 I F_C.ConglomeratingImage: version: 1230768000000
07-01 22:48:40.405  2035  2035 I F_C.ConglomeratingImage: path: 153178342
07-01 22:48:40.405  2035  2035 I F_C.DefaultPlaceholderD: Setting loading placeholder icon.
07-01 22:48:40.406  2035  2035 I F_C.DefaultPlaceholderD: Setting error placeholder icon.
07-01 22:48:40.406  2035  2035 I F_C.ConglomeratingImage: sources size: 3
07-01 22:48:40.406  2035  2035 I F_C.ConglomeratingImage: version: 1230768000000
07-01 22:48:40.406  2035  2035 I F_C.ConglomeratingImage: path: -1405444820
07-01 22:48:40.406  2035  2035 I F_C.DefaultPlaceholderD: Setting loading placeholder icon.
07-01 22:48:40.406  2035  2035 I F_C.DefaultPlaceholderD: Setting error placeholder icon.
07-01 22:48:40.407  2035  2035 I F_C.ConglomeratingImage: sources size: 3
07-01 22:48:40.407  2035  2035 I F_C.ConglomeratingImage: version: 1767126415202
07-01 22:48:40.407  2035  2035 I F_C.ConglomeratingImage: path: 630672073
07-01 22:48:40.407  2035  2035 I F_C.DefaultPlaceholderD: Setting loading placeholder icon.
07-01 22:48:40.407  2035  2035 I F_C.DefaultPlaceholderD: Setting error placeholder icon.
07-01 22:48:40.408  2035  2035 I F_C.ConglomeratingImage: sources size: 3
07-01 22:48:40.408  2035  2035 I F_C.ConglomeratingImage: version: 1230768000000
07-01 22:48:40.408  2035  2035 I F_C.ConglomeratingImage: path: 277390475
07-01 22:48:40.408  2035  2035 I F_C.DefaultPlaceholderD: Setting loading placeholder icon.
07-01 22:48:40.408  2035  2035 I F_C.DefaultPlaceholderD: Setting error placeholder icon.
07-01 22:48:40.409  2035  2035 I F_C.ConglomeratingImage: sources size: 3
07-01 22:48:40.409  2035  2035 I F_C.ConglomeratingImage: version: 1782784191625
07-01 22:48:40.409  2035  2035 I F_C.ConglomeratingImage: path: 1666655549
07-01 22:48:40.410  2035  2035 I F_C.DefaultPlaceholderD: Setting loading placeholder icon.
07-01 22:48:40.410  2035  2035 I F_C.DefaultPlaceholderD: Setting error placeholder icon.
07-01 22:48:40.410  2035  2035 I F_C.ConglomeratingImage: sources size: 3
07-01 22:48:40.410  2035  2035 I F_C.ConglomeratingImage: version: 1782971298940
07-01 22:48:40.410  2035  2035 I F_C.ConglomeratingImage: path: 843196603
07-01 22:48:40.410  2035  2035 I F_C.DefaultPlaceholderD: Setting loading placeholder icon.
07-01 22:48:40.411  2035  2035 I F_C.DefaultPlaceholderD: Setting error placeholder icon.
07-01 22:48:40.418  2035  2035 I F_C.Launcher: onPause
07-01 22:48:40.418  2035  2035 I F_C.NonDisruptiveAdapte: 128 - slots hidden: [ ]
07-01 22:48:40.419  2035  2035 I F_C.MagazineController: Notifying F_C.PageAdapter:DELIVERIES on on visibility change: false
07-01 22:48:40.419  2035  2035 I F_C.BufferedWeblabContr: Returning FIRELAUNCHER_PODIUM_911263 for weblab T1
07-01 22:48:40.419  2035  2035 I F_C.OverrideWeblabContr: Returning FIRELAUNCHER_PODIUM_911263 for weblab T1, base class: BufferedWeblabController
07-01 22:48:40.419  2035  2035 I F_C.WeblabCardFiltering: No filters found for treatment T1
07-01 22:48:40.420  2035  2035 I F_C.PageExitMetric: Launcher background detected -- reporting page exit metric for current page
07-01 22:48:40.425   614  1065 W Process : Unable to open /proc/0/status
07-01 22:48:40.430  2035  2035 I F_C.VisibleRecyclerView: getFirstVisiblePosition, firstVisibleAdapterPosition: 0, correctedAdapterIndex: 0, indexOffset: 0
07-01 22:48:40.431  2035  2035 I F_C.SectionExpandStates: bind() - dataSource not yet registered
07-01 22:48:40.431  2035  2035 I chatty  : uid=10092(com.amazon.firelauncher) identical 20 lines
07-01 22:48:40.431  2035  2035 I F_C.SectionExpandStates: bind() - dataSource not yet registered
07-01 22:48:40.431  2035  2035 I F_C.VisibleRecyclerView: getLastVisiblePosition, lastNonFixedViewPosition: 22, correctedAdapterIndex: 22, indexOffset: 0
07-01 22:48:40.453   614   633 I ActivityManager: Start proc 21629:com.lonetechwiz.hearthshelf/u0a175 for activity com.lonetechwiz.hearthshelf/.MainActivity
07-01 22:48:40.469 21629 21629 E wiz.hearthshel: Not starting debugger since process cannot load the jdwp agent.
07-01 22:48:40.500   614  1065 I AlexaModeSwitchManagerImpl: Inside getMode
07-01 22:48:40.511   614  1187 I PackageRecency: Queuing notification(s) to package for ActivityInfo{bf1b3d0 com.lonetechwiz.hearthshelf.MainActivity}
07-01 22:48:40.513   614   720 I NetworkPolicy: setUidFirewallRule() for uid = 10175, packageName = com.lonetechwiz.hearthshelf, chain = 2, uidRules = {10006=2, 10008=0, 10009=2, 10013=2, 10014=0, 10021=0, 10022=2, 10027=0, 10029=2, 10030=2, 10031=2, 10035=2, 10037=0, 10042=2, 10044=2, 10045=0, 10047=2, 10048=2, 10050=2, 10054=2, 10059=2, 10061=2, 10062=2, 10063=2, 10064=2, 10065=2, 10067=2, 10068=2, 10069=2, 10070=0, 10071=2, 10073=2, 10074=0, 10076=2, 10078=2, 10079=0, 10080=2, 10081=2, 10082=2, 10084=2, 10085=2, 10086=2, 10087=2, 10088=2, 10090=2, 10092=0, 10093=2, 10094=2, 10095=2, 10096=2, 10097=2, 10098=2, 10099=2, 10100=0, 10101=0, 10102=2, 10103=2, 10104=2, 10105=2, 10106=0, 10107=0, 10108=2, 10109=2, 10110=2, 10111=2, 10112=0, 10113=2, 10114=2, 10115=0, 10116=2, 10117=2, 10118=2, 10119=2, 10121=2, 10122=2, 10123=0, 10125=2, 10126=2, 10127=2, 10128=0, 10129=2, 10130=2, 10131=2, 10132=2, 10133=2, 10134=0, 10136=0, 10138=0, 10140=0, 10143=2, 10148=2, 10151=2, 10155=2, 10159=2, 10162=2, 10166=2, 10167=0, 10169=2, 10175=0}
07-01 22:48:40.543  2035  2035 I F_C.Launcher: onWindowFocusChanged: false
07-01 22:48:40.543  2035  2035 I F_C.Launcher: Try to start tutorial
07-01 22:48:40.543  2035  2035 I F_C.Launcher: isActivityStarted: true, isWindowFocused: false, isDeviceAlexaStateInitialized: true
07-01 22:48:40.543   614   639 E AmazonProfileService: Active profile has not been set
07-01 22:48:40.543  1909  1909 I SPCH-ADW_TabletWindowContract: onActivityResume() com.lonetechwiz.hearthshelf.MainActivity
07-01 22:48:40.544   374 15957 W AudioALSAHardware: setParameters(), still have param.size() = 1, remain param = "continuous_audio_mode=0"
07-01 22:48:40.544   387  2085 I hash_map_utils: key: 'continuous_audio_mode' value: '0'
07-01 22:48:40.546   614   788 W AmazonProfileService: Active profile for the package xxx not present for customer Id xxx
07-01 22:48:40.547   614   788 W AmazonProfileService: Active profile for the programId PCA_FIRE_TABLET not present for customerId xxx
07-01 22:48:40.580  1544  1763 I com.amazon.client.metrics/ClientSideAmazonPlatformDependencyImpl: isAmazonDevice() in ClientSideAmazonPlatformDependencyImpl is called
07-01 22:48:40.697   458   458 I thermal_src: recvmsg_expect 4, but get 5 
07-01 22:48:40.697   458   458 E thermal_src: set_ttj_to_kernel 1:error -1
07-01 22:48:40.697   458   458 I thermal_src: recvmsg_expect 2, but get 4 
07-01 22:48:41.158 21230 21500 W AmazonAppstore.AppManagerAndroidPackageDelegate: Unable to determine asin for package, skipping metadata update.
07-01 22:48:41.643 21629 21629 W FirebaseApp: Default FirebaseApp failed to initialize because no default options were found. This usually means that com.google.gms:google-services was not applied to your gradle project.
07-01 22:48:41.643 21629 21629 I FirebaseInitProvider: FirebaseApp initialization unsuccessful
07-01 22:48:41.874 21629 21629 W SoLoader: Initializing SoLoader: 0
07-01 22:48:41.874 21629 21629 W SoLoader: Recording new base apk path: /data/app/com.lonetechwiz.hearthshelf-Y_tEwBQEKV4j3Uvg0GLsuA==/base.apk
07-01 22:48:41.874 21629 21629 W SoLoader: Previously recorded 0 base apk paths.
07-01 22:48:41.875 21629 21629 I SoLoader: Preparing SO source: DirectorySoSource[root = /system/lib flags = 2]
07-01 22:48:41.875 21629 21629 I SoLoader: Preparing SO source: DirectorySoSource[root = /vendor/lib flags = 2]
07-01 22:48:41.875 21629 21629 I SoLoader: Preparing SO source: ApplicationSoSource[DirectorySoSource[root = /data/app/com.lonetechwiz.hearthshelf-Y_tEwBQEKV4j3Uvg0GLsuA==/lib/arm flags = 0]]
07-01 22:48:41.875 21629 21629 I SoLoader: Preparing SO source: BackupSoSource[root = /data/data/com.lonetechwiz.hearthshelf/lib-main flags = 1 apks = [/data/app/com.lonetechwiz.hearthshelf-Y_tEwBQEKV4j3Uvg0GLsuA==/base.apk]]
07-01 22:48:41.881 21629 21629 I SoLoader: init finish: 4 SO sources prepared
07-01 22:48:41.881 21629 21629 W SoLoader: SoLoader initialized: 0
07-01 22:48:41.956 21629 21629 W SoLoader: SoLoader already initialized
07-01 22:48:42.558   614 18384 E WindowManager: App trying to use insecure INPUT_FEATURE_NO_INPUT_CHANNEL flag. Ignoring
07-01 22:48:42.463 21629 21629 W SoLoader: SoLoader already initialized
07-01 22:48:42.562 21629 21629 I Choreographer: Skipped 41 frames!  The application may be doing too much work on its main thread.
07-01 22:48:42.595   614   722 E WifiVendorHal: getWifiLinkLayerStats(l.937) failed {.code = ERROR_NOT_SUPPORTED, .description = }
07-01 22:48:42.609 21629 21645 E GED     : Failed to get GED Log Buf, err(0)
07-01 22:48:42.629 21629 21645 I ConfigStore: android::hardware::configstore::V1_0::ISurfaceFlingerConfigs::hasWideColorDisplay retrieved: 0
07-01 22:48:42.629 21629 21645 I ConfigStore: android::hardware::configstore::V1_0::ISurfaceFlingerConfigs::hasHDRDisplay retrieved: 0
07-01 22:48:42.630 21629 21645 I OpenGLRenderer: Initialized EGL, version 1.4
07-01 22:48:42.630 21629 21645 E OpenGLRenderer: Device claims wide gamut support, cannot find matching config, error = EGL_SUCCESS
07-01 22:48:42.669 21629 21645 I ConfigStore: android::hardware::configstore::V1_0::ISurfaceFlingerConfigs::vsyncEventPhaseOffsetNs retrieved: 0
07-01 22:48:42.669 21629 21645 I ConfigStore: android::hardware::configstore::V1_0::ISurfaceFlingerConfigs::vsyncSfEventPhaseOffsetNs retrieved: 0
07-01 22:48:42.706   614   626 I PackageRecency: Matched blackListPattern for [com.amazon.firelauncher/com.amazon.fireappscardproducer.service.SystemNotificationProducerService$PackageRecencyReceiver] on com.amazon.smartgenie/.*|com.amazon.venezia/.*|com.amazon.ags.app/.*|com.amazon.kindle.otter.settings/.*|com.amazon.webapp/.*|com.amazon.firelauncher/.*|com.android.settings/.*|com.amazon.kindle.personal_music/.*|com.amazon.kindle.personal_video/.*|com.amazon.kindle.otter.oobe/.*|com.amazon.cardinal/.*|com.android.systemui/.*|com.amazon.kindle.unifiedSearch/.*|com.android.launcher3/.*|com.amazon.storagemanager/.*|amazon.speech.sim/.*|com.android.packageinstaller/.*|com.amazon.parentalcontrols/.*
07-01 22:48:42.792 21629 21645 E ion     : ioctl c0044901 failed with code -1: Invalid argument
07-01 22:48:43.071   382   421 I vendor.mediatek.hardware.power@2.0-impl: powerHintAsync hint:8, data:0
07-01 22:48:43.072   382   420 I libPowerHal: 8: legacy set freq: -1 -1 -1 -1
07-01 22:48:43.122   614   639 I ActivityManager: Displayed com.lonetechwiz.hearthshelf/.MainActivity: +2s649ms (total +2s561ms)
07-01 22:48:43.125   614   804 I LaunchTimeProcessor: cool_app_launch_time of com.lonetechwiz.hearthshelf is 2851ms with activity = com.lonetechwiz.hearthshelf/.MainActivity, app_version = 1, prev_activity = com.amazon.firelauncher/.Launcher, isChild = false, context = S1T0A1D0I0L1E0M9999R0
07-01 22:48:43.139  2035  2035 I F_C.Launcher: onStop
07-01 22:48:43.146   614   804 I LaunchTimeProcessor: cool_activity_launch_time of com.lonetechwiz.hearthshelf is 2612ms with activity = com.lonetechwiz.hearthshelf/.MainActivity, app_version = 1, prev_activity = com.amazon.firelauncher/.Launcher, isChild = false, context = S1T0A1D0I0L1E0M9999R0
07-01 22:48:43.147  2035  2035 I F_C.PrefetchTrigger: Launcher stop, cancel any pending job and reschedule if needed with at least 30000 ms delay
07-01 22:48:43.149  2035  2262 I F_C.PrefetchJobService: cancel pending prefetch job, cancel reason: launcher_stop
07-01 22:48:43.150 21629 21644 I ExpoModulesCore: ✅ AppContext was initialized
07-01 22:48:43.152  2035  2035 W F_C.EditModeController: AppsGrid not in EditMode, exit not applicable.
07-01 22:48:43.152  2035  2035 I F_C.DeferredReferenceEx: Running task immediately (task=onBackgroundedTask)
07-01 22:48:43.160  2035  2035 I F_C.BaseTutorialControl: pauseTutorial - isActive: false
07-01 22:48:43.160  2035  2035 I F_C.BaseTutorialControl: pauseTutorial - isActive: false
07-01 22:48:43.169  2035  2262 I F_C.PrefetchTrigger: Try to reschedule prefetch in onStop since an CDA changed
07-01 22:48:43.170  2035  2262 I F_C.PrefetchTrigger: Schedule prefetch. lastPrefetchStartTime: Wed Jul 01 22:39:23 PDT 2026, currentTime: Wed Jul 01 22:48:43 PDT 2026, delay: 29977, rescheduleAtJobEnd: false
07-01 22:48:43.171  2035  2262 I F_C.PrefetchJobService: schedule prefetch job with 29977 ms delay from now
07-01 22:48:43.255   402  1230 W SurfaceFlinger: Attempting to set client state on removed layer: Splash Screen com.lonetechwiz.hearthshelf#0
07-01 22:48:43.256   402  1230 W SurfaceFlinger: Attempting to destroy on removed layer: Splash Screen com.lonetechwiz.hearthshelf#0
--------- beginning of crash
07-01 22:48:43.407 21629 21669 E AndroidRuntime: FATAL EXCEPTION: mqt_js
07-01 22:48:43.407 21629 21669 E AndroidRuntime: Process: com.lonetechwiz.hearthshelf, PID: 21629
07-01 22:48:43.407 21629 21669 E AndroidRuntime: com.facebook.react.common.JavascriptException: Unexpected token '?', stack:
07-01 22:48:43.407 21629 21669 E AndroidRuntime: no stack
07-01 22:48:43.407 21629 21669 E AndroidRuntime: 	at com.facebook.jni.NativeRunnable.run(Native Method)
07-01 22:48:43.407 21629 21669 E AndroidRuntime: 	at android.os.Handler.handleCallback(Handler.java:873)
07-01 22:48:43.407 21629 21669 E AndroidRuntime: 	at android.os.Handler.dispatchMessage(Handler.java:99)
07-01 22:48:43.407 21629 21669 E AndroidRuntime: 	at com.facebook.react.bridge.queue.MessageQueueThreadHandler.dispatchMessage(MessageQueueThreadHandler.java:27)
07-01 22:48:43.407 21629 21669 E AndroidRuntime: 	at android.os.Looper.loop(Looper.java:211)
07-01 22:48:43.407 21629 21669 E AndroidRuntime: 	at com.facebook.react.bridge.queue.MessageQueueThreadImpl.lambda$startNewBackgroundThread$2(MessageQueueThreadImpl.java:217)
07-01 22:48:43.407 21629 21669 E AndroidRuntime: 	at com.facebook.react.bridge.queue.MessageQueueThreadImpl$$ExternalSyntheticLambda1.run(D8$$SyntheticClass:0)
07-01 22:48:43.407 21629 21669 E AndroidRuntime: 	at java.lang.Thread.run(Thread.java:764)
07-01 22:48:43.415 21629 21670 W unknown:ViewManagerPropertyUpdater: Could not find generated setter for class com.facebook.react.views.drawer.ReactDrawerLayoutManager
07-01 22:48:43.436   614 11050 I CrashReporterActivityManagerCallback: CPU cores online info: 11111111
07-01 22:48:43.436   614 11050 I AlexaModeSwitchManagerImpl: Inside getMode
07-01 22:48:43.447 21629 21670 W unknown:ViewManagerPropertyUpdater: Could not find generated setter for class com.facebook.react.uimanager.LayoutShadowNode
07-01 22:48:43.456 21629 21670 W unknown:ViewManagerPropertyUpdater: Could not find generated setter for class com.facebook.react.views.scroll.ReactHorizontalScrollViewManager
07-01 22:48:43.473 21629 21670 W unknown:ViewManagerPropertyUpdater: Could not find generated setter for class com.facebook.react.views.scroll.ReactHorizontalScrollContainerViewManager
07-01 22:48:43.476 21629 21670 W unknown:ViewManagerPropertyUpdater: Could not find generated setter for class com.facebook.react.views.progressbar.ReactProgressBarViewManager
07-01 22:48:43.478 21629 21670 W unknown:ViewManagerPropertyUpdater: Could not find generated setter for class com.facebook.react.views.progressbar.ProgressBarShadowNode
07-01 22:48:43.479 21629 21670 W unknown:ViewManagerPropertyUpdater: Could not find generated setter for class com.facebook.react.views.scroll.ReactScrollViewManager
07-01 22:48:43.486 21629 21670 W unknown:ViewManagerPropertyUpdater: Could not find generated setter for class com.facebook.react.views.switchview.ReactSwitchManager
07-01 22:48:43.490 21629 21670 W unknown:ViewManagerPropertyUpdater: Could not find generated setter for class com.facebook.react.views.switchview.ReactSwitchManager$ReactSwitchShadowNode
07-01 22:48:43.491 21629 21670 W unknown:ViewManagerPropertyUpdater: Could not find generated setter for class com.facebook.react.views.safeareaview.ReactSafeAreaViewManager
07-01 22:48:43.493 21629 21670 W unknown:ViewManagerPropertyUpdater: Could not find generated setter for class com.facebook.react.views.safeareaview.ReactSafeAreaViewShadowNode
07-01 22:48:43.494 21629 21670 W unknown:ViewManagerPropertyUpdater: Could not find generated setter for class com.facebook.react.views.swiperefresh.SwipeRefreshLayoutManager
07-01 22:48:43.497   614 11050 W ActivityManager:   Force finishing activity com.lonetechwiz.hearthshelf/.MainActivity
07-01 22:48:43.498 21629 21670 W unknown:ViewManagerPropertyUpdater: Could not find generated setter for class com.facebook.react.views.text.frescosupport.FrescoBasedReactTextInlineImageViewManager
07-01 22:48:43.498 21629 21670 W unknown:ViewManagerPropertyUpdater: Could not find generated setter for class com.facebook.react.views.text.frescosupport.FrescoBasedReactTextInlineImageShadowNode
07-01 22:48:43.500 21629 21670 W unknown:ViewManagerPropertyUpdater: Could not find generated setter for class com.facebook.react.views.image.ReactImageManager
07-01 22:48:43.502 21629 21670 W unknown:ViewManagerPropertyUpdater: Could not find generated setter for class com.facebook.react.views.modal.ReactModalHostManager
07-01 22:48:43.504   614 21672 I CrashReporterActivityManagerCallback: addErrorToDropBox inserted hashcode=46cd4c807461d400be2d7e66fdb4cea8c654b8f3 for eventType crash.
07-01 22:48:43.504 21629 21670 W unknown:ViewManagerPropertyUpdater: Could not find generated setter for class com.facebook.react.views.text.ReactRawTextManager
07-01 22:48:43.506 21629 21670 W unknown:ViewManagerPropertyUpdater: Could not find generated setter for class com.facebook.react.views.text.ReactRawTextShadowNode
07-01 22:48:43.507 21629 21670 W unknown:ViewManagerPropertyUpdater: Could not find generated setter for class com.facebook.react.views.textinput.ReactTextInputManager
07-01 22:48:43.509 21629 21670 W unknown:ViewManagerPropertyUpdater: Could not find generated setter for class com.facebook.react.views.textinput.ReactTextInputShadowNode
07-01 22:48:43.511 21629 21670 W unknown:ViewManagerPropertyUpdater: Could not find generated setter for class com.facebook.react.views.text.ReactTextViewManager
07-01 22:48:43.512 21629 21670 W unknown:ViewManagerPropertyUpdater: Could not find generated setter for class com.facebook.react.views.text.ReactTextShadowNode
07-01 22:48:43.513 21629 21670 W unknown:ViewManagerPropertyUpdater: Could not find generated setter for class com.facebook.react.views.view.ReactViewManager
07-01 22:48:43.516 21629 21670 W unknown:ViewManagerPropertyUpdater: Could not find generated setter for class com.facebook.react.views.text.ReactVirtualTextViewManager
07-01 22:48:43.516 21629 21670 W unknown:ViewManagerPropertyUpdater: Could not find generated setter for class com.facebook.react.views.text.ReactVirtualTextShadowNode
07-01 22:48:43.517 21629 21670 W unknown:ViewManagerPropertyUpdater: Could not find generated setter for class com.facebook.react.views.unimplementedview.ReactUnimplementedViewManager
07-01 22:48:43.519 21629 21670 W unknown:ViewManagerPropertyUpdater: Could not find generated setter for class expo.modules.kotlin.views.GroupViewManagerWrapper
07-01 22:48:43.523 21629 21670 W unknown:ViewManagerPropertyUpdater: Could not find generated setter for class com.th3rdwave.safeareacontext.SafeAreaProviderManager
07-01 22:48:43.525 21629 21670 W unknown:ViewManagerPropertyUpdater: Could not find generated setter for class com.th3rdwave.safeareacontext.SafeAreaViewManager
07-01 22:48:43.526 21629 21670 W unknown:ViewManagerPropertyUpdater: Could not find generated setter for class com.th3rdwave.safeareacontext.SafeAreaViewShadowNode
07-01 22:48:43.528 21629 21670 W unknown:ViewManagerPropertyUpdater: Could not find generated setter for class com.swmansion.rnscreens.ScreenContainerViewManager
07-01 22:48:43.530 21629 21670 W unknown:ViewManagerPropertyUpdater: Could not find generated setter for class com.swmansion.rnscreens.ScreenViewManager
07-01 22:48:43.534 21629 21670 W unknown:ViewManagerPropertyUpdater: Could not find generated setter for class com.swmansion.rnscreens.ModalScreenViewManager
07-01 22:48:43.535 21629 21670 W unknown:ViewManagerPropertyUpdater: Could not find generated setter for class com.swmansion.rnscreens.ScreenStackViewManager
07-01 22:48:43.536 21629 21670 W unknown:ViewManagerPropertyUpdater: Could not find generated setter for class com.swmansion.rnscreens.ScreenStackHeaderConfigViewManager
07-01 22:48:43.539 21629 21670 W unknown:ViewManagerPropertyUpdater: Could not find generated setter for class com.swmansion.rnscreens.ScreenStackHeaderSubviewManager
07-01 22:48:43.541 21629 21670 W unknown:ViewManagerPropertyUpdater: Could not find generated setter for class com.swmansion.rnscreens.SearchBarManager
07-01 22:48:43.543 21629 21670 W unknown:ViewManagerPropertyUpdater: Could not find generated setter for class com.swmansion.rnscreens.ScreenFooterManager
07-01 22:48:43.543   614 18384 I AlexaModeSwitchManagerImpl: Inside getMode
07-01 22:48:43.544 21629 21670 W unknown:ViewManagerPropertyUpdater: Could not find generated setter for class com.swmansion.rnscreens.ScreenContentWrapperManager
07-01 22:48:43.553   614   788 W AmazonProfileService: Active profile for the package xxx not present for customer Id xxx
07-01 22:48:43.553   614   788 W AmazonProfileService: Active profile for the programId PCA_FIRE_TABLET not present for customerId xxx
07-01 22:48:43.555  1909  1909 I SPCH-ADW_TabletWindowContract: onActivityResume() com.amazon.firelauncher.Launcher
07-01 22:48:43.556   374 15957 W AudioALSAHardware: setParameters(), still have param.size() = 1, remain param = "continuous_audio_mode=0"
07-01 22:48:43.556   387 17975 I hash_map_utils: key: 'continuous_audio_mode' value: '0'
07-01 22:48:43.558  1544  1763 I com.amazon.client.metrics/ClientSideAmazonPlatformDependencyImpl: isAmazonDevice() in ClientSideAmazonPlatformDependencyImpl is called
07-01 22:48:43.558  2035  2035 I F_C.Launcher: onStart
07-01 22:48:43.558  2035  2035 I F_C.PrefetchTrigger: Launcher start, cancel any pending job and reschedule if needed with at least 30000 ms delay
07-01 22:48:43.559  2035  2035 I F_C.DeferredReferenceEx: Running task immediately (task=onForegroundedTask)
07-01 22:48:43.559  2035  2262 I F_C.PrefetchJobService: cancel pending prefetch job, cancel reason: launcher_start
07-01 22:48:43.560 21629 21669 I Process : Sending signal. PID: 21629 SIG: 9
07-01 22:48:43.561  2035  2262 I F_C.PrefetchTrigger: Try to reschedule prefetch since an existing job is canceled due to onStart
07-01 22:48:43.561  2035  2035 W F_C.DaliForYouFragment: Fragment for target FOR_YOU_DALI is not instance of ImageMemoryManagedRecyclerViewHost. Returning null.
07-01 22:48:43.561  2035  2262 I F_C.PrefetchTrigger: Schedule prefetch. lastPrefetchStartTime: Wed Jul 01 22:39:23 PDT 2026, currentTime: Wed Jul 01 22:48:43 PDT 2026, delay: 29997, rescheduleAtJobEnd: false
07-01 22:48:43.561  2035  2262 I F_C.PrefetchJobService: schedule prefetch job with 29997 ms delay from now
07-01 22:48:43.564  2035  2035 I F_C.VisibleRecyclerView: getFirstVisiblePosition, firstVisibleAdapterPosition: 0, correctedAdapterIndex: 0, indexOffset: 0
07-01 22:48:43.564  2035  2035 I F_C.SectionExpandStates: bind() - dataSource not yet registered
07-01 22:48:43.564  2035  2035 I chatty  : uid=10092(com.amazon.firelauncher) identical 20 lines
07-01 22:48:43.564  2035  2035 I F_C.SectionExpandStates: bind() - dataSource not yet registered
07-01 22:48:43.565  2035  2035 I F_C.VisibleRecyclerView: getLastVisiblePosition, lastNonFixedViewPosition: 22, correctedAdapterIndex: 22, indexOffset: 0
07-01 22:48:43.565  2035  2035 I F_C.VisibleRecyclerView: getFirstVisiblePosition, firstVisibleAdapterPosition: 0, correctedAdapterIndex: 0, indexOffset: 0
07-01 22:48:43.565  2035  2035 I F_C.VisibleRecyclerView: getFirstVisiblePosition, firstVisibleAdapterPosition: 0, correctedAdapterIndex: 0, indexOffset: 0
07-01 22:48:43.565  2035  2035 I F_C.SectionExpandStates: bind() - dataSource not yet registered
07-01 22:48:43.565  2035  2035 I chatty  : uid=10092(com.amazon.firelauncher) identical 20 lines
07-01 22:48:43.565  2035  2035 I F_C.SectionExpandStates: bind() - dataSource not yet registered
07-01 22:48:43.565  2035  2035 I F_C.VisibleRecyclerView: getLastVisiblePosition, lastNonFixedViewPosition: 22, correctedAdapterIndex: 22, indexOffset: 0
07-01 22:48:43.567  2035  2035 I F_C.Launcher: onResume
07-01 22:48:43.571  2035  2035 I F_C.PageExitMetric: Launcher foreground detected -- updating cachedCurrentPage
07-01 22:48:43.572  2035  2262 I F_C.BufferedWeblabContr: Returning FIRELAUNCHER_539923 for weblab T1
07-01 22:48:43.572  2035  2262 I F_C.OverrideWeblabContr: Returning FIRELAUNCHER_539923 for weblab T1, base class: BufferedWeblabController
07-01 22:48:43.572  2035  2035 I F_C.BaseSearchWidgetCon: setActiveSpec(), currentPage: 1
07-01 22:48:43.572  2035  2262 I F_C.AdsRefreshManager: Skip refresh for page DELIVERIES, reason: Ads not expired, trigger event: PAGE_FOREGROUNDED/DELIVERIES
07-01 22:48:43.572  2035  2035 I F_C.BaseSearchWidgetCon: Valid spec
07-01 22:48:43.572  2035  2035 I F_C.BaseSearchWidgetCon: Calling onResume()
07-01 22:48:43.572  2035  2035 I F_C.MagazineController: Notifying F_C.PageAdapter:DELIVERIES on on visibility change: true
07-01 22:48:43.572  2035  2035 I F_C.BufferedWeblabContr: Returning FIRELAUNCHER_PODIUM_911263 for weblab T1
07-01 22:48:43.572  2035  2035 I F_C.OverrideWeblabContr: Returning FIRELAUNCHER_PODIUM_911263 for weblab T1, base class: BufferedWeblabController
07-01 22:48:43.572  2035  2035 I F_C.WeblabCardFiltering: No filters found for treatment T1
07-01 22:48:43.578  2035  2035 I F_C.Launcher: Up Next/New Items has been enabled at App settings? - true
07-01 22:48:43.578  2035  2320 I F_C.DefaultNetworkState: Re-evaluate in onResume
07-01 22:48:43.578  2035  2320 I F_C.DefaultNetworkState: lastly notified connection state is true, skip notification
07-01 22:48:43.579  2035  2035 I F_C.AppsGrid: Notification Badge setting is enabled, but notification access permission is not granted. Not showing notification badges
07-01 22:48:43.583   614   710 W InputDispatcher: channel '2a5a232 com.lonetechwiz.hearthshelf/com.lonetechwiz.hearthshelf.MainActivity (server)' ~ Consumer closed input channel or an error occurred.  events=0x9
07-01 22:48:43.583   614   710 E InputDispatcher: channel '2a5a232 com.lonetechwiz.hearthshelf/com.lonetechwiz.hearthshelf.MainActivity (server)' ~ Channel is unrecoverably broken and will be disposed!
07-01 22:48:43.585   614  1142 I WindowManager: WIN DEATH: Window{2a5a232 u0 com.lonetechwiz.hearthshelf/com.lonetechwiz.hearthshelf.MainActivity}
07-01 22:48:43.586   614  1142 W InputDispatcher: Attempted to unregister already unregistered input channel '2a5a232 com.lonetechwiz.hearthshelf/com.lonetechwiz.hearthshelf.MainActivity (server)'
07-01 22:48:43.587   347   347 I Zygote  : Process 21629 exited due to signal 9 (Killed)
07-01 22:48:43.587  2035  2035 I F_C.NonDisruptiveAdapte: 128 - slots hidden: [ ]
07-01 22:48:43.589   614   624 I ActivityManager: Process com.lonetechwiz.hearthshelf (pid 21629) has died: vis  +99TOP 
07-01 22:48:43.589   614   634 W libprocessgroup: kill(-21629, 9) failed: No such process
07-01 22:48:43.589   614   634 I libprocessgroup: Successfully killed process cgroup uid 10175 pid 21629 in 0ms
07-01 22:48:43.597   614   804 W Eve     : MEMORY_LEVEL: [21629,199]
07-01 22:48:43.597   614   804 W Eve     :   top=com.amazon.firelauncher/.Launcher launching=false
07-01 22:48:43.597   614   804 W Eve     :   prev=com.lonetechwiz.hearthshelf/.MainActivity screen_on=true thermal=0
07-01 22:48:43.597   614   804 W Eve     :   adb=true downloading=false gamemode=true
07-01 22:48:43.597   614   804 W Eve     :   memory=200 trim=0 available=259032KB free=101440KB
07-01 22:48:43.605   402  1230 W SurfaceFlinger: Attempting to set client state on removed layer: com.lonetechwiz.hearthshelf/com.lonetechwiz.hearthshelf.MainActivity#0
07-01 22:48:43.605   402  1230 W SurfaceFlinger: Attempting to destroy on removed layer: com.lonetechwiz.hearthshelf/com.lonetechwiz.hearthshelf.MainActivity#0
07-01 22:48:43.618   614   639 W ActivityManager: setHasOverlayUi called on unknown pid: 21629
07-01 22:48:43.632  2035  2035 I F_C.ScreenOffReceiver: Removing listener
07-01 22:48:43.632  2035  2035 I F_C.ScreenOffReceiver: Removing listener
07-01 22:48:43.647  2035  2035 I F_C.CarouselViewBuilder: Setting prefetch item count to 5 for TEMPLATE_127: { templateId: 127, dimensions: UP_NEXT_ITEM_IMAGE }
07-01 22:48:43.647  2035  2035 W F_C.DeliveryItemBinder: Bound view didn't have the expected view hierarchy
07-01 22:48:43.647  2035  2035 W F_C.DeliveryItemBinder: Bound view didn't have the expected view hierarchy
07-01 22:48:43.647  2035  2035 I F_C.ScreenOffReceiver: Adding listener
07-01 22:48:43.659  2024 17042 W ziparchive: Unable to open '/data/app/com.lonetechwiz.hearthshelf-jmkUX5zKLkGxFkOX0UsKIQ==/base.apk': No such file or directory
07-01 22:48:43.660  2024 17042 E droid.launcher: Failed to open APK '/data/app/com.lonetechwiz.hearthshelf-jmkUX5zKLkGxFkOX0UsKIQ==/base.apk' I/O error
07-01 22:48:43.663  2035  2035 I F_C.CarouselViewBuilder: Setting prefetch item count to 5 for TEMPLATE_128: { templateId: 128, dimensions: UP_NEXT_ITEM_IMAGE }
07-01 22:48:43.663  2035  2035 W F_C.DeliveryItemBinder: Bound view didn't have the expected view hierarchy
07-01 22:48:43.663  2035  2035 W F_C.DeliveryItemBinder: Bound view didn't have the expected view hierarchy
07-01 22:48:43.663  2035  2035 I F_C.ScreenOffReceiver: Adding listener
07-01 22:48:43.664  2035  2035 I F_C.NonDisruptiveAdapte: 128 - slots hidden: [ ]
07-01 22:48:43.666  2024 17042 W ResourcesManager: failed to preload asset path '/data/app/com.lonetechwiz.hearthshelf-jmkUX5zKLkGxFkOX0UsKIQ==/base.apk'
07-01 22:48:43.666  2024 17042 W ResourcesManager: java.io.IOException: Failed to load asset path /data/app/com.lonetechwiz.hearthshelf-jmkUX5zKLkGxFkOX0UsKIQ==/base.apk
07-01 22:48:43.666  2024 17042 W ResourcesManager: 	at android.content.res.ApkAssets.nativeLoad(Native Method)
07-01 22:48:43.666  2024 17042 W ResourcesManager: 	at android.content.res.ApkAssets.<init>(ApkAssets.java:116)
07-01 22:48:43.666  2024 17042 W ResourcesManager: 	at android.content.res.ApkAssets.loadFromPath(ApkAssets.java:76)
07-01 22:48:43.666  2024 17042 W ResourcesManager: 	at android.app.ResourcesManager.loadApkAssets(ResourcesManager.java:357)
07-01 22:48:43.666  2024 17042 W ResourcesManager: 	at android.app.ResourcesManager.access$000(ResourcesManager.java:65)
07-01 22:48:43.666  2024 17042 W ResourcesManager: 	at android.app.ResourcesManager$ApkAssetsSupplier.load(ResourcesManager.java:146)
07-01 22:48:43.666  2024 17042 W ResourcesManager: 	at android.app.ResourcesManager.createApkAssetsSupplierNotLocked(ResourcesManager.java:824)
07-01 22:48:43.666  2024 17042 W ResourcesManager: 	at android.app.ResourcesManager.getResources(ResourcesManager.java:975)
07-01 22:48:43.666  2024 17042 W ResourcesManager: 	at android.app.ActivityThread.getTopLevelResources(ActivityThread.java:1974)
07-01 22:48:43.666  2024 17042 W ResourcesManager: 	at android.app.ApplicationPackageManager.getResourcesForApplication(ApplicationPackageManager.java:1429)
07-01 22:48:43.666  2024 17042 W ResourcesManager: 	at android.app.ApplicationPackageManager.getDrawable(ApplicationPackageManager.java:1195)
07-01 22:48:43.666  2024 17042 W ResourcesManager: 	at android.app.ApplicationPackageManager.loadUnbadgedItemIcon(ApplicationPackageManager.java:2541)
07-01 22:48:43.666  2024 17042 W ResourcesManager: 	at android.app.ApplicationPackageManager.loadItemIcon(ApplicationPackageManager.java:2520)
07-01 22:48:43.666  2024 17042 W ResourcesManager: 	at android.content.pm.PackageItemInfo.loadIcon(PackageItemInfo.java:494)
07-01 22:48:43.666  2024 17042 W ResourcesManager: 	at android.content.pm.ComponentInfo.loadDefaultIcon(ComponentInfo.java:235)
07-01 22:48:43.666  2024 17042 W ResourcesManager: 	at android.app.ApplicationPackageManager.loadUnbadgedItemIcon(ApplicationPackageManager.java:2544)
07-01 22:48:43.666  2024 17042 W ResourcesManager: 	at amazon.content.pm.AmazonPackageManagerImpl.loadUnbadgedItemIcon(AmazonPackageManagerImpl.java:1140)
07-01 22:48:43.666  2024 17042 W ResourcesManager: 	at android.content.pm.PackageItemInfo.loadUnbadgedIcon(PackageItemInfo.java:511)
07-01 22:48:43.666  2024 17042 W ResourcesManager: 	at com.android.quickstep.NormalizedIconLoader.getBadgedActivityIcon(NormalizedIconLoader.java:88)
07-01 22:48:43.666  2024 17042 W ResourcesManager: 	at com.android.systemui.shared.recents.model.IconLoader.createNewIconForTask(IconLoader.java:134)
07-01 22:48:43.666  2024 17042 W ResourcesManager: 	at com.android.systemui.shared.recents.model.IconLoader.getAndInvalidateIfModified(IconLoader.java:94)
07-01 22:48:43.666  2024 17042 W ResourcesManager: 	at com.android.systemui.shared.recents.model.RecentsTaskLoader.getAndUpdateActivityIcon(RecentsTaskLoader.java:325)
07-01 22:48:43.666  2024 17042 W ResourcesManager: 	at com.android.systemui.shared.recents.model.RecentsTaskLoadPlan.executePlan(RecentsTaskLoadPlan.java:182)
07-01 22:48:43.666  2024 17042 W ResourcesManager: 	at com.android.systemui.shared.recents.model.RecentsTaskLoader.loadTasks(RecentsTaskLoader.java:173)
07-01 22:48:43.666  2024 17042 W ResourcesManager: 	at com.android.quickstep.RecentsModel.onTaskStackChangedBackground(RecentsModel.java:217)
07-01 22:48:43.666  2024 17042 W ResourcesManager: 	at com.android.systemui.shared.system.TaskStackChangeListeners.onTaskStackChanged(TaskStackChangeListeners.java:79)
07-01 22:48:43.666  2024 17042 W ResourcesManager: 	at android.app.ITaskStackListener$Stub.onTransact(ITaskStackListener.java:50)
07-01 22:48:43.666  2024 17042 W ResourcesManager: 	at android.os.Binder.execTransact(Binder.java:731)
07-01 22:48:43.666  2024 17042 W ziparchive: Unable to open '/data/app/com.lonetechwiz.hearthshelf-jmkUX5zKLkGxFkOX0UsKIQ==/base.apk': No such file or directory
07-01 22:48:43.666  2024 17042 E droid.launcher: Failed to open APK '/data/app/com.lonetechwiz.hearthshelf-jmkUX5zKLkGxFkOX0UsKIQ==/base.apk' I/O error
07-01 22:48:43.667  2024 17042 E ResourcesManager: failed to add asset path '/data/app/com.lonetechwiz.hearthshelf-jmkUX5zKLkGxFkOX0UsKIQ==/base.apk'
07-01 22:48:43.667  2024 17042 E ResourcesManager: java.io.IOException: Failed to load asset path /data/app/com.lonetechwiz.hearthshelf-jmkUX5zKLkGxFkOX0UsKIQ==/base.apk
07-01 22:48:43.667  2024 17042 E ResourcesManager: 	at android.content.res.ApkAssets.nativeLoad(Native Method)
07-01 22:48:43.667  2024 17042 E ResourcesManager: 	at android.content.res.ApkAssets.<init>(ApkAssets.java:116)
07-01 22:48:43.667  2024 17042 E ResourcesManager: 	at android.content.res.ApkAssets.loadFromPath(ApkAssets.java:76)
07-01 22:48:43.667  2024 17042 E ResourcesManager: 	at android.app.ResourcesManager.loadApkAssets(ResourcesManager.java:357)
07-01 22:48:43.667  2024 17042 E ResourcesManager: 	at android.app.ResourcesManager.access$000(ResourcesManager.java:65)
07-01 22:48:43.667  2024 17042 E ResourcesManager: 	at android.app.ResourcesManager$ApkAssetsSupplier.load(ResourcesManager.java:146)
07-01 22:48:43.667  2024 17042 E ResourcesManager: 	at android.app.ResourcesManager.createAssetManager(ResourcesManager.java:430)
07-01 22:48:43.667  2024 17042 E ResourcesManager: 	at android.app.ResourcesManager.createResourcesImpl(ResourcesManager.java:561)
07-01 22:48:43.667  2024 17042 E ResourcesManager: 	at android.app.ResourcesManager.getOrCreateResources(ResourcesManager.java:905)
07-01 22:48:43.667  2024 17042 E ResourcesManager: 	at android.app.ResourcesManager.getResources(ResourcesManager.java:976)
07-01 22:48:43.667  2024 17042 E ResourcesManager: 	at android.app.ActivityThread.getTopLevelResources(ActivityThread.java:1974)
07-01 22:48:43.667  2024 17042 E ResourcesManager: 	at android.app.ApplicationPackageManager.getResourcesForApplication(ApplicationPackageManager.java:1429)
07-01 22:48:43.667  2024 17042 E ResourcesManager: 	at android.app.ApplicationPackageManager.getDrawable(ApplicationPackageManager.java:1195)
07-01 22:48:43.667  2024 17042 E ResourcesManager: 	at android.app.ApplicationPackageManager.loadUnbadgedItemIcon(ApplicationPackageManager.java:2541)
07-01 22:48:43.667  2024 17042 E ResourcesManager: 	at android.app.ApplicationPackageManager.loadItemIcon(ApplicationPackageManager.java:2520)
07-01 22:48:43.667  2024 17042 E ResourcesManager: 	at android.content.pm.PackageItemInfo.loadIcon(PackageItemInfo.java:494)
07-01 22:48:43.667  2024 17042 E ResourcesManager: 	at android.content.pm.ComponentInfo.loadDefaultIcon(ComponentInfo.java:235)
07-01 22:48:43.667  2024 17042 E ResourcesManager: 	at android.app.ApplicationPackageManager.loadUnbadgedItemIcon(ApplicationPackageManager.java:2544)
07-01 22:48:43.667  2024 17042 E ResourcesManager: 	at amazon.content.pm.AmazonPackageManagerImpl.loadUnbadgedItemIcon(AmazonPackageManagerImpl.java:1140)
07-01 22:48:43.667  2024 17042 E ResourcesManager: 	at android.content.pm.PackageItemInfo.loadUnbadgedIcon(PackageItemInfo.java:511)
07-01 22:48:43.667  2024 17042 E ResourcesManager: 	at com.android.quickstep.NormalizedIconLoader.getBadgedActivityIcon(NormalizedIconLoader.java:88)
07-01 22:48:43.667  2024 17042 E ResourcesManager: 	at com.android.systemui.shared.recents.model.IconLoader.createNewIconForTask(IconLoader.java:134)
07-01 22:48:43.667  2024 17042 E ResourcesManager: 	at com.android.systemui.shared.recents.model.IconLoader.getAndInvalidateIfModified(IconLoader.java:94)
07-01 22:48:43.667  2024 17042 E ResourcesManager: 	at com.android.systemui.shared.recents.model.RecentsTaskLoader.getAndUpdateActivityIcon(RecentsTaskLoader.java:325)
07-01 22:48:43.667  2024 17042 E ResourcesManager: 	at com.android.systemui.shared.recents.model.RecentsTaskLoadPlan.executePlan(RecentsTaskLoadPlan.java:182)
07-01 22:48:43.667  2024 17042 E ResourcesManager: 	at com.android.systemui.shared.recents.model.RecentsTaskLoader.loadTasks(RecentsTaskLoader.java:173)
07-01 22:48:43.667  2024 17042 E ResourcesManager: 	at com.android.quickstep.RecentsModel.onTaskStackChangedBackground(RecentsModel.java:217)
07-01 22:48:43.667  2024 17042 E ResourcesManager: 	at com.android.systemui.shared.system.TaskStackChangeListeners.onTaskStackChanged(TaskStackChangeListeners.java:79)
07-01 22:48:43.667  2024 17042 E ResourcesManager: 	at android.app.ITaskStackListener$Stub.onTransact(ITaskStackListener.java:50)
07-01 22:48:43.667  2024 17042 E ResourcesManager: 	at android.os.Binder.execTransact(Binder.java:731)
07-01 22:48:43.667  2024 17042 W PackageManager: Failure retrieving resources for com.lonetechwiz.hearthshelf
07-01 22:48:43.712  2035  2035 I F_C.ConglomeratingImage: sources size: 3
07-01 22:48:43.712  2035  2035 I F_C.ConglomeratingImage: version: 1230768000000
07-01 22:48:43.712  2035  2035 I F_C.ConglomeratingImage: path: -740569679
07-01 22:48:43.712  2035  2035 I F_C.DefaultPlaceholderD: Setting loading placeholder icon.
07-01 22:48:43.712  2035  2035 I F_C.DefaultPlaceholderD: Setting error placeholder icon.
07-01 22:48:43.713  2035  2035 I F_C.ConglomeratingImage: sources size: 3
07-01 22:48:43.713  2035  2035 I F_C.ConglomeratingImage: version: 1782788463015
07-01 22:48:43.713  2035  2035 I F_C.ConglomeratingImage: path: 631941387
07-01 22:48:43.713  2035  2035 I F_C.DefaultPlaceholderD: Setting loading placeholder icon.
07-01 22:48:43.713  2035  2035 I F_C.DefaultPlaceholderD: Setting error placeholder icon.
07-01 22:48:43.713  2035  2035 I F_C.ConglomeratingImage: sources size: 3
07-01 22:48:43.713  2035  2035 I F_C.ConglomeratingImage: version: 1782788563424
07-01 22:48:43.713  2035  2035 I F_C.ConglomeratingImage: path: 1944430396
07-01 22:48:43.714  2035  2035 I F_C.DefaultPlaceholderD: Setting loading placeholder icon.
07-01 22:48:43.714  2035  2035 I F_C.DefaultPlaceholderD: Setting error placeholder icon.
07-01 22:48:43.714  2035  2035 I F_C.ConglomeratingImage: sources size: 3
07-01 22:48:43.714  2035  2035 I F_C.ConglomeratingImage: version: 1782788509241
07-01 22:48:43.714  2035  2035 I F_C.ConglomeratingImage: path: -2134225715
07-01 22:48:43.714  2035  2035 I F_C.DefaultPlaceholderD: Setting loading placeholder icon.
07-01 22:48:43.714  2035  2035 I F_C.DefaultPlaceholderD: Setting error placeholder icon.
07-01 22:48:43.714  2035  2035 I F_C.ConglomeratingImage: sources size: 3
07-01 22:48:43.714  2035  2035 I F_C.ConglomeratingImage: version: 1782788496069
07-01 22:48:43.714  2035  2035 I F_C.ConglomeratingImage: path: -382385422
07-01 22:48:43.715  2035  2035 I F_C.DefaultPlaceholderD: Setting loading placeholder icon.
07-01 22:48:43.715  2035  2035 I F_C.DefaultPlaceholderD: Setting error placeholder icon.
07-01 22:48:43.715  2035  2035 I F_C.ConglomeratingImage: sources size: 3
07-01 22:48:43.715  2035  2035 I F_C.ConglomeratingImage: version: 1782970659567
07-01 22:48:43.715  2035  2035 I F_C.ConglomeratingImage: path: 2106559348
07-01 22:48:43.715  2035  2035 I F_C.DefaultPlaceholderD: Setting loading placeholder icon.
07-01 22:48:43.716  2035  2035 I F_C.DefaultPlaceholderD: Setting error placeholder icon.
07-01 22:48:43.716  2035  2035 I F_C.ConglomeratingImage: sources size: 3
07-01 22:48:43.716  2035  2035 I F_C.ConglomeratingImage: version: 1767125570230
07-01 22:48:43.716  2035  2035 I F_C.ConglomeratingImage: path: 422366607
07-01 22:48:43.717  2035  2035 I F_C.DefaultPlaceholderD: Setting loading placeholder icon.
07-01 22:48:43.717  2035  2035 I F_C.DefaultPlaceholderD: Setting error placeholder icon.
07-01 22:48:43.717  2035  2035 I F_C.ConglomeratingImage: sources size: 3
07-01 22:48:43.717  2035  2035 I F_C.ConglomeratingImage: version: 1782788593539
07-01 22:48:43.717  2035  2035 I F_C.ConglomeratingImage: path: 875301944
07-01 22:48:43.717  2035  2035 I F_C.DefaultPlaceholderD: Setting loading placeholder icon.
07-01 22:48:43.717  2035  2035 I F_C.DefaultPlaceholderD: Setting error placeholder icon.
07-01 22:48:43.718  2035  2035 I F_C.ConglomeratingImage: sources size: 3
07-01 22:48:43.718  2035  2035 I F_C.ConglomeratingImage: version: 1767132003320
07-01 22:48:43.718  2035  2035 I F_C.ConglomeratingImage: path: -1298919250
07-01 22:48:43.718  2035  2035 I F_C.DefaultPlaceholderD: Setting loading placeholder icon.
07-01 22:48:43.718  2035  2035 I F_C.DefaultPlaceholderD: Setting error placeholder icon.
07-01 22:48:43.718  2035  2035 I F_C.ConglomeratingImage: sources size: 3
07-01 22:48:43.718  2035  2035 I F_C.ConglomeratingImage: version: 1767127141578
07-01 22:48:43.718  2035  2035 I F_C.ConglomeratingImage: path: -438838419
07-01 22:48:43.718  2035  2035 I F_C.DefaultPlaceholderD: Setting loading placeholder icon.
07-01 22:48:43.718  2035  2035 I F_C.DefaultPlaceholderD: Setting error placeholder icon.
07-01 22:48:43.719  2035  2035 I F_C.ConglomeratingImage: sources size: 3
07-01 22:48:43.719  2035  2035 I F_C.ConglomeratingImage: version: 1767116436925
07-01 22:48:43.719  2035  2035 I F_C.ConglomeratingImage: path: -398150599
07-01 22:48:43.719  2035  2035 I F_C.DefaultPlaceholderD: Setting loading placeholder icon.
07-01 22:48:43.719  2035  2035 I F_C.DefaultPlaceholderD: Setting error placeholder icon.
07-01 22:48:43.719  2035  2035 I F_C.ConglomeratingImage: sources size: 3
07-01 22:48:43.719  2035  2035 I F_C.ConglomeratingImage: version: 1767126585815
07-01 22:48:43.719  2035  2035 I F_C.ConglomeratingImage: path: 666029504
07-01 22:48:43.719  2035  2035 I F_C.DefaultPlaceholderD: Setting loading placeholder icon.
07-01 22:48:43.719  2035  2035 I F_C.DefaultPlaceholderD: Setting error placeholder icon.
07-01 22:48:43.719  2035  2035 I F_C.ConglomeratingImage: sources size: 3
07-01 22:48:43.719  2035  2035 I F_C.ConglomeratingImage: version: 1767126456298
07-01 22:48:43.719  2035  2035 I F_C.ConglomeratingImage: path: 193870432
07-01 22:48:43.719  2035  2035 I F_C.DefaultPlaceholderD: Setting loading placeholder icon.
07-01 22:48:43.719  2035  2035 I F_C.DefaultPlaceholderD: Setting error placeholder icon.
07-01 22:48:43.720  2035  2035 I F_C.ConglomeratingImage: sources size: 3
07-01 22:48:43.720  2035  2035 I F_C.ConglomeratingImage: version: 1782877867458
07-01 22:48:43.720  2035  2035 I F_C.ConglomeratingImage: path: 1128662979
07-01 22:48:43.720  2035  2035 I F_C.DefaultPlaceholderD: Setting loading placeholder icon.
07-01 22:48:43.720  2035  2035 I F_C.DefaultPlaceholderD: Setting error placeholder icon.
07-01 22:48:43.720  2035  2035 I F_C.ConglomeratingImage: sources size: 3
07-01 22:48:43.720  2035  2035 I F_C.ConglomeratingImage: version: 1230768000000
07-01 22:48:43.720  2035  2035 I F_C.ConglomeratingImage: path: 1038912498
07-01 22:48:43.720  2035  2035 I F_C.DefaultPlaceholderD: Setting loading placeholder icon.
07-01 22:48:43.720  2035  2035 I F_C.DefaultPlaceholderD: Setting error placeholder icon.
07-01 22:48:43.721  2035  2035 I F_C.ConglomeratingImage: sources size: 3
07-01 22:48:43.721  2035  2035 I F_C.ConglomeratingImage: version: 1230768000000
07-01 22:48:43.721  2035  2035 I F_C.ConglomeratingImage: path: -1730878678
07-01 22:48:43.721  2035  2035 I F_C.DefaultPlaceholderD: Setting loading placeholder icon.
07-01 22:48:43.721  2035  2035 I F_C.DefaultPlaceholderD: Setting error placeholder icon.
07-01 22:48:43.722  2035  2035 I F_C.ConglomeratingImage: sources size: 3
07-01 22:48:43.722  2035  2035 I F_C.ConglomeratingImage: version: 1230768000000
07-01 22:48:43.722  2035  2035 I F_C.ConglomeratingImage: path: 153178342
07-01 22:48:43.722  2035  2035 I F_C.DefaultPlaceholderD: Setting loading placeholder icon.
07-01 22:48:43.722  2035  2035 I F_C.DefaultPlaceholderD: Setting error placeholder icon.
07-01 22:48:43.722  2035  2035 I F_C.ConglomeratingImage: sources size: 3
07-01 22:48:43.722  2035  2035 I F_C.ConglomeratingImage: version: 1230768000000
07-01 22:48:43.722  2035  2035 I F_C.ConglomeratingImage: path: -1405444820
07-01 22:48:43.722  2035  2035 I F_C.DefaultPlaceholderD: Setting loading placeholder icon.
07-01 22:48:43.722  2035  2035 I F_C.DefaultPlaceholderD: Setting error placeholder icon.
07-01 22:48:43.723  2035  2035 I F_C.ConglomeratingImage: sources size: 3
07-01 22:48:43.723  2035  2035 I F_C.ConglomeratingImage: version: 1767126415202
07-01 22:48:43.723  2035  2035 I F_C.ConglomeratingImage: path: 630672073
07-01 22:48:43.723  2035  2035 I F_C.DefaultPlaceholderD: Setting loading placeholder icon.
07-01 22:48:43.723  2035  2035 I F_C.DefaultPlaceholderD: Setting error placeholder icon.
07-01 22:48:43.723  2035  2035 I F_C.ConglomeratingImage: sources size: 3
07-01 22:48:43.723  2035  2035 I F_C.ConglomeratingImage: version: 1230768000000
07-01 22:48:43.723  2035  2035 I F_C.ConglomeratingImage: path: 277390475
07-01 22:48:43.723  2035  2035 I F_C.DefaultPlaceholderD: Setting loading placeholder icon.
07-01 22:48:43.723  2035  2035 I F_C.DefaultPlaceholderD: Setting error placeholder icon.
07-01 22:48:43.724  2035  2035 I F_C.ConglomeratingImage: sources size: 3
07-01 22:48:43.724  2035  2035 I F_C.ConglomeratingImage: version: 1782784191625
07-01 22:48:43.724  2035  2035 I F_C.ConglomeratingImage: path: 1666655549
07-01 22:48:43.724  2035  2035 I F_C.DefaultPlaceholderD: Setting loading placeholder icon.
07-01 22:48:43.724  2035  2035 I F_C.DefaultPlaceholderD: Setting error placeholder icon.
07-01 22:48:43.725  2035  2035 I F_C.ConglomeratingImage: sources size: 3
07-01 22:48:43.725  2035  2035 I F_C.ConglomeratingImage: version: 1782971298940
07-01 22:48:43.725  2035  2035 I F_C.ConglomeratingImage: path: 843196603
07-01 22:48:43.725  2035  2035 I F_C.DefaultPlaceholderD: Setting loading placeholder icon.
07-01 22:48:43.725  2035  2035 I F_C.DefaultPlaceholderD: Setting error placeholder icon.
07-01 22:48:43.733  2035  2035 I F_C.Launcher: onWindowFocusChanged: true
07-01 22:48:43.733  2035  2035 I F_C.Launcher: Try to start tutorial
07-01 22:48:43.733  2035  2035 I F_C.Launcher: isActivityStarted: true, isWindowFocused: true, isDeviceAlexaStateInitialized: true
07-01 22:48:43.734  2035  2035 I F_C.LauncherTutorialCon: startTutorial
07-01 22:48:43.734  2035  2035 I F_C.LauncherTutorialCon: No tutorial needs to be resumed
07-01 22:48:43.734  2035  2035 I F_C.LauncherTutorialCon: getIncompleteTutorials
07-01 22:48:43.734  2035  2035 I F_C.AlexaComboTutorialM: isCompleted(): 2
07-01 22:48:43.734  2035  2035 I F_C.AlexaTutorialMode: isCompleted() - isCompleted: true, triggered: true
07-01 22:48:43.734  2035  2035 I F_C.LauncherTutorialCon: Check ALEXA_TUTORIAL, isCompleted: true
07-01 22:48:43.734  2035  2035 I F_C.AlexaComboTutorialM: isCompleted(): 2
07-01 22:48:43.734  2035  2035 I F_C.AlexaTutorialMode: isCompleted() - isCompleted: true, triggered: true
07-01 22:48:43.734  2035  2035 I F_C.DaliForYouTutorialC: isCompleted(): - completed true
07-01 22:48:43.734  2035  2035 I F_C.LauncherTutorialCon: Check FOR_YOU_TUTORIAL, isCompleted: true
07-01 22:48:43.734  2035  2035 I F_C.DaliForYouTutorialC: isCompleted(): - completed true
07-01 22:48:43.734  2035  2035 I F_C.GesturesTutorialCon: isCompleted(): - completed false
07-01 22:48:43.734  2035  2035 I F_C.LauncherTutorialCon: Check GESTURES_TUTORIAL, isCompleted: false
07-01 22:48:43.735  2035  2035 I F_C.GesturesTutorialCon: isCompleted(): - completed false
07-01 22:48:43.735  2035  2035 I F_C.BadgingPermissionTu: isCompleted(): - completed false
07-01 22:48:43.735  2035  2035 I F_C.LauncherTutorialCon: Check BADGING_PERMISSION_TUTORIAL, isCompleted: false
07-01 22:48:43.735  2035  2035 I F_C.BadgingPermissionTu: isCompleted(): - completed false
07-01 22:48:43.735  2035  2035 I F_C.FylTutorialControll: isCompleted(): - completed true
07-01 22:48:43.735  2035  2035 I F_C.LauncherTutorialCon: Check FYL_TUTORIAL, isCompleted: true
07-01 22:48:43.735  2035  2035 I F_C.FylTutorialControll: isCompleted(): - completed true
07-01 22:48:43.735  2035  2035 I F_C.LauncherTutorialCon: All tutorials have been shown, not showing tutorials
07-01 22:48:43.735  2035  2035 I F_C.EditModeEducationCo: Edit mode education already displayed.
07-01 22:48:43.756  2035  2035 I F_C.VisibleRecyclerView: getFirstVisiblePosition, firstVisibleAdapterPosition: 0, correctedAdapterIndex: 0, indexOffset: 0
07-01 22:48:43.756  2035  2035 I F_C.SectionExpandStates: bind() - dataSource not yet registered
07-01 22:48:43.756  2035  2035 I chatty  : uid=10092(com.amazon.firelauncher) identical 20 lines
07-01 22:48:43.756  2035  2035 I F_C.SectionExpandStates: bind() - dataSource not yet registered
07-01 22:48:43.756  2035  2035 I F_C.VisibleRecyclerView: getLastVisiblePosition, lastNonFixedViewPosition: 22, correctedAdapterIndex: 22, indexOffset: 0
07-01 22:48:43.778   614   639 I ActivityManager: Displayed com.amazon.firelauncher/.Launcher: +245ms
07-01 22:48:43.778   614   804 I LaunchTimeProcessor: warm_app_warm_transition_launch_time of com.amazon.firelauncher is 233ms with activity = com.amazon.firelauncher/.Launcher, app_version = 92058110, prev_activity = com.lonetechwiz.hearthshelf/.MainActivity, isChild = false, context = S1T0A1D0I0L0E0M200R0
07-01 22:48:43.780   614   804 I LaunchTimeProcessor: warm_activity_launch_time of com.amazon.firelauncher is 233ms with activity = com.amazon.firelauncher/.Launcher, app_version = 92058110, prev_activity = com.lonetechwiz.hearthshelf/.MainActivity, isChild = false, context = S1T0A1D0I0L0E0M200R0
07-01 22:48:44.126 14927 15042 I AmazonVideo: Battery Info: BatteryInfo{Status=CHARGING, Health=GOOD, Power source=USB, Level=20.0, Temperature=280, Voltage=3975}
07-01 22:48:44.436   479   479 E charge_logger: --- charge_logger battery event ---
07-01 22:48:44.442   479   479 E charge_logger: Open path error: '/sys/devices/platform/charger/adapter_power_mw'
07-01 22:48:44.452   374 15957 I HealthEventListener: Battery Level = 20
07-01 22:48:44.641   374 15957 I HealthEventListener: Battery Level = 20
07-01 22:48:44.853   456   456 I thermal_repeater: socket -1
07-01 22:48:45.347  2035  2035 I F_C.ScreenOffReceiver: Removing listener
07-01 22:48:45.348  2035  2035 I F_C.ScreenOffReceiver: Removing listener
07-01 22:48:45.354  2035  2035 I F_C.CarouselViewBuilder: Setting prefetch item count to 5 for TEMPLATE_127: { templateId: 127, dimensions: UP_NEXT_ITEM_IMAGE }
07-01 22:48:45.354  2035  2035 W F_C.DeliveryItemBinder: Bound view didn't have the expected view hierarchy
07-01 22:48:45.354  2035  2035 W F_C.DeliveryItemBinder: Bound view didn't have the expected view hierarchy
07-01 22:48:45.354  2035  2035 I F_C.ScreenOffReceiver: Adding listener
07-01 22:48:45.370  2035  2035 I F_C.CarouselViewBuilder: Setting prefetch item count to 5 for TEMPLATE_128: { templateId: 128, dimensions: UP_NEXT_ITEM_IMAGE }
07-01 22:48:45.371  2035  2035 W F_C.DeliveryItemBinder: Bound view didn't have the expected view hierarchy
07-01 22:48:45.371  2035  2035 W F_C.DeliveryItemBinder: Bound view didn't have the expected view hierarchy
07-01 22:48:45.371  2035  2035 I F_C.ScreenOffReceiver: Adding listener
07-01 22:48:45.373  2035  2035 I F_C.NonDisruptiveAdapte: 128 - slots hidden: [ ]
07-01 22:48:45.433  2035  2035 I F_C.ConglomeratingImage: sources size: 3
07-01 22:48:45.433  2035  2035 I F_C.ConglomeratingImage: version: 1230768000000
07-01 22:48:45.433  2035  2035 I F_C.ConglomeratingImage: path: -740569679
07-01 22:48:45.433  2035  2035 I F_C.DefaultPlaceholderD: Setting loading placeholder icon.
07-01 22:48:45.434  2035  2035 I F_C.DefaultPlaceholderD: Setting error placeholder icon.
07-01 22:48:45.434  2035  2035 I F_C.ConglomeratingImage: sources size: 3
07-01 22:48:45.434  2035  2035 I F_C.ConglomeratingImage: version: 1782788463015
07-01 22:48:45.434  2035  2035 I F_C.ConglomeratingImage: path: 631941387
07-01 22:48:45.435  2035  2035 I F_C.DefaultPlaceholderD: Setting loading placeholder icon.
07-01 22:48:45.435  2035  2035 I F_C.DefaultPlaceholderD: Setting error placeholder icon.
07-01 22:48:45.435  2035  2035 I F_C.ConglomeratingImage: sources size: 3
07-01 22:48:45.435  2035  2035 I F_C.ConglomeratingImage: version: 1782788563424
07-01 22:48:45.435  2035  2035 I F_C.ConglomeratingImage: path: 1944430396
07-01 22:48:45.436  2035  2035 I F_C.DefaultPlaceholderD: Setting loading placeholder icon.
07-01 22:48:45.436  2035  2035 I F_C.DefaultPlaceholderD: Setting error placeholder icon.
07-01 22:48:45.436  2035  2035 I F_C.ConglomeratingImage: sources size: 3
07-01 22:48:45.437  2035  2035 I F_C.ConglomeratingImage: version: 1782788509241
07-01 22:48:45.437  2035  2035 I F_C.ConglomeratingImage: path: -2134225715
07-01 22:48:45.437  2035  2035 I F_C.DefaultPlaceholderD: Setting loading placeholder icon.
07-01 22:48:45.437  2035  2035 I F_C.DefaultPlaceholderD: Setting error placeholder icon.
07-01 22:48:45.437  2035  2035 I F_C.ConglomeratingImage: sources size: 3
07-01 22:48:45.438  2035  2035 I F_C.ConglomeratingImage: version: 1782788496069
07-01 22:48:45.438  2035  2035 I F_C.ConglomeratingImage: path: -382385422
07-01 22:48:45.438  2035  2035 I F_C.DefaultPlaceholderD: Setting loading placeholder icon.
07-01 22:48:45.438  2035  2035 I F_C.DefaultPlaceholderD: Setting error placeholder icon.
07-01 22:48:45.439  2035  2035 I F_C.ConglomeratingImage: sources size: 3
07-01 22:48:45.439  2035  2035 I F_C.ConglomeratingImage: version: 1782970659567
07-01 22:48:45.439  2035  2035 I F_C.ConglomeratingImage: path: 2106559348
07-01 22:48:45.439  2035  2035 I F_C.DefaultPlaceholderD: Setting loading placeholder icon.
07-01 22:48:45.439  2035  2035 I F_C.DefaultPlaceholderD: Setting error placeholder icon.
07-01 22:48:45.440  2035  2035 I F_C.ConglomeratingImage: sources size: 3
07-01 22:48:45.440  2035  2035 I F_C.ConglomeratingImage: version: 1767125570230
07-01 22:48:45.440  2035  2035 I F_C.ConglomeratingImage: path: 422366607
07-01 22:48:45.441  2035  2035 I F_C.DefaultPlaceholderD: Setting loading placeholder icon.
07-01 22:48:45.441  2035  2035 I F_C.DefaultPlaceholderD: Setting error placeholder icon.
07-01 22:48:45.442  2035  2035 I F_C.ConglomeratingImage: sources size: 3
07-01 22:48:45.442  2035  2035 I F_C.ConglomeratingImage: version: 1782788593539
07-01 22:48:45.442  2035  2035 I F_C.ConglomeratingImage: path: 875301944
07-01 22:48:45.442  2035  2035 I F_C.DefaultPlaceholderD: Setting loading placeholder icon.
07-01 22:48:45.442  2035  2035 I F_C.DefaultPlaceholderD: Setting error placeholder icon.
07-01 22:48:45.443  2035  2035 I F_C.ConglomeratingImage: sources size: 3
07-01 22:48:45.443  2035  2035 I F_C.ConglomeratingImage: version: 1767132003320
07-01 22:48:45.443  2035  2035 I F_C.ConglomeratingImage: path: -1298919250
07-01 22:48:45.443  2035  2035 I F_C.DefaultPlaceholderD: Setting loading placeholder icon.
07-01 22:48:45.443  2035  2035 I F_C.DefaultPlaceholderD: Setting error placeholder icon.
07-01 22:48:45.444  2035  2035 I F_C.ConglomeratingImage: sources size: 3
07-01 22:48:45.444  2035  2035 I F_C.ConglomeratingImage: version: 1767127141578
07-01 22:48:45.444  2035  2035 I F_C.ConglomeratingImage: path: -438838419
07-01 22:48:45.444  2035  2035 I F_C.DefaultPlaceholderD: Setting loading placeholder icon.
07-01 22:48:45.444  2035  2035 I F_C.DefaultPlaceholderD: Setting error placeholder icon.
07-01 22:48:45.446  2035  2035 I F_C.ConglomeratingImage: sources size: 3
07-01 22:48:45.446  2035  2035 I F_C.ConglomeratingImage: version: 1767116436925
07-01 22:48:45.446  2035  2035 I F_C.ConglomeratingImage: path: -398150599
07-01 22:48:45.446  2035  2035 I F_C.DefaultPlaceholderD: Setting loading placeholder icon.
07-01 22:48:45.446  2035  2035 I F_C.DefaultPlaceholderD: Setting error placeholder icon.
07-01 22:48:45.447  2035  2035 I F_C.ConglomeratingImage: sources size: 3
07-01 22:48:45.447  2035  2035 I F_C.ConglomeratingImage: version: 1767126585815
07-01 22:48:45.447  2035  2035 I F_C.ConglomeratingImage: path: 666029504
07-01 22:48:45.448  2035  2035 I F_C.DefaultPlaceholderD: Setting loading placeholder icon.
07-01 22:48:45.448  2035  2035 I F_C.DefaultPlaceholderD: Setting error placeholder icon.
07-01 22:48:45.449  2035  2035 I F_C.ConglomeratingImage: sources size: 3
07-01 22:48:45.449  2035  2035 I F_C.ConglomeratingImage: version: 1767126456298
07-01 22:48:45.449  2035  2035 I F_C.ConglomeratingImage: path: 193870432
07-01 22:48:45.449  2035  2035 I F_C.DefaultPlaceholderD: Setting loading placeholder icon.
07-01 22:48:45.449  2035  2035 I F_C.DefaultPlaceholderD: Setting error placeholder icon.
07-01 22:48:45.450  2035  2035 I F_C.ConglomeratingImage: sources size: 3
07-01 22:48:45.450  2035  2035 I F_C.ConglomeratingImage: version: 1782877867458
07-01 22:48:45.450  2035  2035 I F_C.ConglomeratingImage: path: 1128662979
07-01 22:48:45.450  2035  2035 I F_C.DefaultPlaceholderD: Setting loading placeholder icon.
07-01 22:48:45.450  2035  2035 I F_C.DefaultPlaceholderD: Setting error placeholder icon.
07-01 22:48:45.451  2035  2035 I F_C.ConglomeratingImage: sources size: 3
07-01 22:48:45.451  2035  2035 I F_C.ConglomeratingImage: version: 1230768000000
07-01 22:48:45.451  2035  2035 I F_C.ConglomeratingImage: path: 1038912498
07-01 22:48:45.452  2035  2035 I F_C.DefaultPlaceholderD: Setting loading placeholder icon.
07-01 22:48:45.452  2035  2035 I F_C.DefaultPlaceholderD: Setting error placeholder icon.
07-01 22:48:45.454  2035  2035 I F_C.ConglomeratingImage: sources size: 3
07-01 22:48:45.454  2035  2035 I F_C.ConglomeratingImage: version: 1230768000000
07-01 22:48:45.454  2035  2035 I F_C.ConglomeratingImage: path: -1730878678
07-01 22:48:45.454  2035  2035 I F_C.DefaultPlaceholderD: Setting loading placeholder icon.
07-01 22:48:45.454  2035  2035 I F_C.DefaultPlaceholderD: Setting error placeholder icon.
07-01 22:48:45.455  2035  2035 I F_C.ConglomeratingImage: sources size: 3
07-01 22:48:45.455  2035  2035 I F_C.ConglomeratingImage: version: 1230768000000
07-01 22:48:45.455  2035  2035 I F_C.ConglomeratingImage: path: 153178342
07-01 22:48:45.455  2035  2035 I F_C.DefaultPlaceholderD: Setting loading placeholder icon.
07-01 22:48:45.456  2035  2035 I F_C.DefaultPlaceholderD: Setting error placeholder icon.
07-01 22:48:45.456  2035  2035 I F_C.ConglomeratingImage: sources size: 3
07-01 22:48:45.456  2035  2035 I F_C.ConglomeratingImage: version: 1230768000000
07-01 22:48:45.456  2035  2035 I F_C.ConglomeratingImage: path: -1405444820
07-01 22:48:45.456  2035  2035 I F_C.DefaultPlaceholderD: Setting loading placeholder icon.
07-01 22:48:45.457  2035  2035 I F_C.DefaultPlaceholderD: Setting error placeholder icon.
07-01 22:48:45.457  2035  2035 I F_C.ConglomeratingImage: sources size: 3
07-01 22:48:45.457  2035  2035 I F_C.ConglomeratingImage: version: 1767126415202
07-01 22:48:45.457  2035  2035 I F_C.ConglomeratingImage: path: 630672073
07-01 22:48:45.457  2035  2035 I F_C.DefaultPlaceholderD: Setting loading placeholder icon.
07-01 22:48:45.457  2035  2035 I F_C.DefaultPlaceholderD: Setting error placeholder icon.
07-01 22:48:45.457  2035  2035 I F_C.ConglomeratingImage: sources size: 3
07-01 22:48:45.457  2035  2035 I F_C.ConglomeratingImage: version: 1230768000000
07-01 22:48:45.457  2035  2035 I F_C.ConglomeratingImage: path: 277390475
07-01 22:48:45.457  2035  2035 I F_C.DefaultPlaceholderD: Setting loading placeholder icon.
07-01 22:48:45.457  2035  2035 I F_C.DefaultPlaceholderD: Setting error placeholder icon.
07-01 22:48:45.458  2035  2035 I F_C.ConglomeratingImage: sources size: 3
07-01 22:48:45.458  2035  2035 I F_C.ConglomeratingImage: version: 1782784191625
07-01 22:48:45.458  2035  2035 I F_C.ConglomeratingImage: path: 1666655549
07-01 22:48:45.458  2035  2035 I F_C.DefaultPlaceholderD: Setting loading placeholder icon.
07-01 22:48:45.459  2035  2035 I F_C.DefaultPlaceholderD: Setting error placeholder icon.
07-01 22:48:45.459  2035  2035 I F_C.ConglomeratingImage: sources size: 3
07-01 22:48:45.459  2035  2035 I F_C.ConglomeratingImage: version: 1782971298940
07-01 22:48:45.459  2035  2035 I F_C.ConglomeratingImage: path: 843196603
07-01 22:48:45.459  2035  2035 I F_C.DefaultPlaceholderD: Setting loading placeholder icon.
07-01 22:48:45.459  2035  2035 I F_C.DefaultPlaceholderD: Setting error placeholder icon.
07-01 22:48:45.481  2035  2035 I F_C.VisibleRecyclerView: getFirstVisiblePosition, firstVisibleAdapterPosition: 0, correctedAdapterIndex: 0, indexOffset: 0
07-01 22:48:45.482  2035  2035 I F_C.SectionExpandStates: bind() - dataSource not yet registered
07-01 22:48:45.482  2035  2035 I chatty  : uid=10092(com.amazon.firelauncher) identical 20 lines
07-01 22:48:45.482  2035  2035 I F_C.SectionExpandStates: bind() - dataSource not yet registered
07-01 22:48:45.482  2035  2035 I F_C.VisibleRecyclerView: getLastVisiblePosition, lastNonFixedViewPosition: 22, correctedAdapterIndex: 22, indexOffset: 0
07-01 22:48:45.605   614   722 E WifiVendorHal: getWifiLinkLayerStats(l.937) failed {.code = ERROR_NOT_SUPPORTED, .description = }
07-01 22:48:46.678  2035  2060 I on.firelaunche: Background concurrent copying GC freed 160369(5MB) AllocSpace objects, 2(104KB) LOS objects, 30% free, 13MB/19MB, paused 236us total 158.657ms
07-01 22:48:48.215  1909  1909 W EventDeliveryGuaranteeRequest: Not connected to CSM service, will retry. Request (3). Retry number (21).
07-01 22:48:48.215  1909  1909 I SPCH-QueueRequest: Retrying request (3) with a delay of (256000) ms
07-01 22:48:48.613   614   722 E WifiVendorHal: getWifiLinkLayerStats(l.937) failed {.code = ERROR_NOT_SUPPORTED, .description = }
07-01 22:48:49.854   456   456 I thermal_repeater: socket -1
07-01 22:48:50.539   614   626 I PackageRecency: Intent triggered to package: ComponentInfo{com.amazon.firelauncher/com.amazon.fireappscardproducer.service.SystemNotificationProducerService$PackageRecencyReceiver} for Intent { act=android.intent.action.MAIN cat=[android.intent.category.LAUNCHER] flg=0x10200000 cmp=com.lonetechwiz.hearthshelf/.MainActivity }
07-01 22:48:50.598  2035 21371 I F_C.BaseCardProducerSer: Handling work for com.amazon.action.PACKAGE_RECENCY_NOTIFICATION
07-01 22:48:50.600  2035 21371 I F_C.BaseCardProducerSer: No increment in producer version.
07-01 22:48:50.600  2035 21371 I F_C.BootstrappingProduc: All bootstrapping complete, handling work
07-01 22:48:50.601  2035 21371 I F_C.RebuildingDatabaseO: Setting WAL enabled: true, wantsWal is true
07-01 22:48:50.609  2035 21371 I F_C.SystemNotificationP: Handling work for com.amazon.action.PACKAGE_RECENCY_NOTIFICATION
07-01 22:48:50.611  2035 21371 I F_C.SystemNotificationP: Marking app com.lonetechwiz.hearthshelf#1211514193 as accessed
07-01 22:48:50.611  2035 21371 I F_C.DefaultAppRecency: Accessed content -170951763
07-01 22:48:50.612  2035 21371 I F_C.DefaultAppRecencyDa: Recording app -170951763 as accessed
07-01 22:48:50.615  2035 21371 I F_C.GamesAppsLibraryDec: Drawing games and apps library cards.
07-01 22:48:50.624  2035 21371 I F_C.GamesAppsLibraryDec: Number of Library items : 2
07-01 22:48:50.624  2035 21371 I F_C.LibrarySectionDeck: Drawing cards for section apps
07-01 22:48:50.627  2035 21371 I F_C.LibrarySectionDeck: Pushing cards with 1 apps for section apps
07-01 22:48:50.629  2035 21371 I F_C.LibrarySectionDeck: Drawing cards for section games
07-01 22:48:50.631  2035 21371 I F_C.LibrarySectionDeck: No items returned for app types [GAME], deleting card
07-01 22:48:50.631  2035 21371 I F_C.AppsRecencyDeck: Drawing Recent apps cards.
07-01 22:48:50.633  2035 21371 I F_C.AppsRecencyDeck: Unable to find supported app: com.usatoday.android.gna2#-1801869279
07-01 22:48:50.633  2035 21371 I F_C.AppsRecencyDeck: Unable to find supported app: tunein.player#-254669949
07-01 22:48:50.633  2035 21371 I F_C.AppsRecencyDeck: Unable to find supported app: com.bbc.sounds#1498845791
07-01 22:48:50.634  2035 21371 I F_C.AppsRecencyDeck: Unable to find supported app: com.overdrive.mobile.android.libby#1451503684
07-01 22:48:50.634  2035 21371 I F_C.AppsRecencyDeck: Unable to find supported app: com.clearchannel.iheartradio.controller#-1695395802
07-01 22:48:50.634  2035 21371 I F_C.AppsRecencyDeck: Unable to find supported app: com.bambuna.podcastaddict#-2083885878
07-01 22:48:50.635  2035 21371 I F_C.AppsRecencyDeck: Unable to find supported app: com.goodreads.kindle#1392697409
07-01 22:48:50.635  2035 21371 I F_C.AppsRecencyDeck: Unable to find supported app: com.pandora.android#1414696786
07-01 22:48:50.635  2035 21371 I F_C.AppsRecencyDeck: Unable to find supported app: com.hoopladigital.android#1523948038
07-01 22:48:50.637  2035 21371 I F_C.AppsRecencyDeck: Unable to find supported app: org.npr.one#2059190206
07-01 22:48:50.637  2035 21371 I F_C.AppsRecencyDeck: Unable to find supported app: com.audible.application.kindle#359663082
07-01 22:48:50.637  2035 21371 I F_C.AppsRecencyDeck: Unable to find supported app: com.nypost.tablet#-1647273192
07-01 22:48:50.637  2035 21371 I F_C.AppsRecencyDeck: Unable to find supported app: com.anmedia.dailymail.kindlefire#901454277
07-01 22:48:50.638  2035 21371 I F_C.AppsRecencyDeck: Unable to find supported app: com.clearchannel.iheartkids#-465400191
07-01 22:48:50.638  2035 21371 I F_C.AppsRecencyDeck: Unable to find supported app: wsj.reader_t3#-1680698898
07-01 22:48:50.638  2035 21371 I F_C.AppsRecencyDeck: Unable to find supported app: com.aspiro.tidal#1288026368
07-01 22:48:50.657  2035 21371 I F_C.AppsRecencyDeck: Number of recent apps items : 7
07-01 22:48:50.658  2035 21371 I F_C.UpNextDeck: Replacing all Up Next cards, with app last used time.
07-01 22:48:50.674  2035 21371 I F_C.BaseCardProducerSer: Pushing 2 cards for deck GamesAppsLibraryDeck. Triggered by com.amazon.action.PACKAGE_RECENCY_NOTIFICATION
07-01 22:48:50.674  2035 21371 I F_C.BaseCardProducerSer: Deleting 0 cards for deck GamesAppsLibraryDeck. Triggered by com.amazon.action.PACKAGE_RECENCY_NOTIFICATION
07-01 22:48:50.674  2035 21371 I F_C.BaseCardProducerSer: Pushing 6 cards for deck UpNextDeck. Triggered by com.amazon.action.PACKAGE_RECENCY_NOTIFICATION
07-01 22:48:50.674  2035 21371 I F_C.BaseCardProducerSer: Deleting 0 cards for deck UpNextDeck. Triggered by com.amazon.action.PACKAGE_RECENCY_NOTIFICATION
07-01 22:48:50.674  2035 21371 I F_C.BaseCardProducerSer: Pushing 7 cards for deck AppsRecencyDeck. Triggered by com.amazon.action.PACKAGE_RECENCY_NOTIFICATION
07-01 22:48:50.674  2035 21371 I F_C.BaseCardProducerSer: Deleting 0 cards for deck AppsRecencyDeck. Triggered by com.amazon.action.PACKAGE_RECENCY_NOTIFICATION
07-01 22:48:50.675  2035 21371 I F_C.BaseCardProducerSer: Pushing 1 cards for deck LibrarySectionDeck. Triggered by com.amazon.action.PACKAGE_RECENCY_NOTIFICATION
07-01 22:48:50.675  2035 21371 I F_C.BaseCardProducerSer: Deleting 0 cards for deck LibrarySectionDeck. Triggered by com.amazon.action.PACKAGE_RECENCY_NOTIFICATION
07-01 22:48:50.675  2035 21371 I F_C.BaseCardProducerSer: Pushing 0 cards for deck LibrarySectionDeck. Triggered by com.amazon.action.PACKAGE_RECENCY_NOTIFICATION
07-01 22:48:50.675  2035 21371 I F_C.BaseCardProducerSer: Deleting 1 cards for deck LibrarySectionDeck. Triggered by com.amazon.action.PACKAGE_RECENCY_NOTIFICATION
07-01 22:48:50.675  2035 21371 I F_C.ProducerClientCompa: Producer com.amazon.firelauncher.fireappscardproducer at API version BrazilVersion(1.8.2151.0).
07-01 22:48:50.677  2035 21371 I F_C.ProducerClientCompa: Connected to ServerInfo(CDA Version: BrazilVersion(1.5.2811.0), Min. Producer: BrazilVersion(1.0), Delete All: true)
07-01 22:48:50.682  2035 21371 I F_C.CardAgentSynchroniz: Throttling producer refresh
07-01 22:48:50.689  2035 21371 I F_C.CardProvider: Starting batch operation
07-01 22:48:50.690  2035 21371 I F_C.CardProvider: decomposeBatchOperations(1 ops)
07-01 22:48:50.690  2035 21371 I F_C.CardProvider:  - replaceAll not detected
07-01 22:48:50.691  2035 21371 I F_C.CardProvider:  - batch decomposition revealed no unnecessary deletes (1 deletes affecting 0 cards)
07-01 22:48:50.693  2035 21371 I F_C.CardProvider: delete(ParsedUri(PRODUCER=com.amazon.firelauncher.fireappscardproducer, CARD=2026899589), null, 3392903), batched: true
07-01 22:48:50.694  2035 21371 I F_C.CardProvider: We have 1 results from decomposedOperations.
07-01 22:48:50.694  2035 21371 I F_C.CardProvider: Decomposition not applied
07-01 22:48:50.694  2035 21371 I F_C.CardProvider: Completed batch operation
07-01 22:48:50.701  2035 21371 I F_C.CardProvider: bulkInsert(ParsedUri(PRODUCER=com.amazon.firelauncher.fireappscardproducer), contentValues:[(com.amazon.firelauncher.fireappscardproducer/GAMESAPPS/-489306989/1782971330623/1), (com.amazon.firelauncher.fireappscardproducer/APPSGAMES/895102831/1782971330624/1), (com.amazon.firelauncher.fireappscardproducer/UP_NEXT_RECENT/188605319/1782971330662/0), (com.amazon.firelauncher.fireappscardproducer/UP_NEXT_RECENT/-710106103/1782971330665/0), (com.amazon.firelauncher.fireappscardproducer/UP_NEXT_RECENT/1250913016/1782971330667/0), (com.amazon.firelauncher.fireappscardproducer/UP_NEXT_RECENT/-1447695273/1782971330670/0), (com.amazon.firelauncher.fireappscardproducer/UP_NEXT_RECENT/1623771286/1782971330672/0), (com.amazon.firelauncher.fireappscardproducer/UP_NEXT_RECENT/918387183/1782971330674/0), (com.amazon.firelauncher.fireappscardproducer/FOR_YOU/com.amazon.firelauncher.launchercardproducer:RECENT_APPS/2011241825/1782971330645/0), (com.amazon.firelauncher.fireappscardproducer/FOR_YOU/com.amazon.firelauncher.launchercardproducer:RECENT_APPS/-1187143214/1782971330647/0), (com.amazon.firelauncher.fireappscardproducer/FOR_YOU/com.amazon.firelauncher.launchercardproducer:RECENT_APPS/695574577/1782971330649/0), (com.amazon.firelauncher.fireappscardproducer/FOR_YOU/com.amazon.firelauncher.launchercardproducer:RECENT_APPS/-571829124/1782971330651/0), (com.amazon.firelauncher.fireappscardproducer/FOR_YOU/com.amazon.firelauncher.launchercardproducer:RECENT_APPS/977181909/1782971330653/0), (com.amazon.firelauncher.fireappscardproducer/FOR_YOU/com.amazon.firelauncher.launchercardproducer:RECENT_APPS/1853807984/1782971330655/0), (com.amazon.firelauncher.fireappscardproducer/FOR_YOU/com.amazon.firelauncher.launchercardproducer:RECENT_APPS/1262997219/1782971330657/0), (com.amazon.firelauncher.fireappscardproducer/LIBRARY/com.amazon.venezia:library-apps/14886992/1782971330629/1)][size=16])
07-01 22:48:50.704  2035 21371 I F_C.CardAgentSynchroniz: Throttling producer refresh
07-01 22:48:50.707  2035 21371 I F_C.SharedPreferencesCa: Could not find rank for card with producerId: com.amazon.firelauncher.fireappscardproducer, widgetId: -489306989 and target: GAMESAPPS
07-01 22:48:50.708  2035 21371 I F_C.SharedPreferencesCa: Could not find rank for card with producerId: com.amazon.firelauncher.fireappscardproducer, widgetId: 895102831 and target: APPSGAMES
07-01 22:48:50.709  2035 21371 I F_C.SharedPreferencesCa: Could not find rank for card with producerId: com.amazon.firelauncher.fireappscardproducer, widgetId: 188605319 and target: UP_NEXT_RECENT
07-01 22:48:50.710  2035 21371 I F_C.SharedPreferencesCa: Could not find rank for card with producerId: com.amazon.firelauncher.fireappscardproducer, widgetId: -710106103 and target: UP_NEXT_RECENT
07-01 22:48:50.712  2035 21371 I F_C.SharedPreferencesCa: Could not find rank for card with producerId: com.amazon.firelauncher.fireappscardproducer, widgetId: 1250913016 and target: UP_NEXT_RECENT
07-01 22:48:50.712   458   458 I thermal_src: recvmsg_expect 4, but get 5 
07-01 22:48:50.712   458   458 E thermal_src: set_ttj_to_kernel 1:error -1
07-01 22:48:50.712   458   458 I thermal_src: recvmsg_expect 2, but get 4 
07-01 22:48:50.713  2035 21371 I F_C.SharedPreferencesCa: Could not find rank for card with producerId: com.amazon.firelauncher.fireappscardproducer, widgetId: -1447695273 and target: UP_NEXT_RECENT
07-01 22:48:50.714  2035 21371 I F_C.SharedPreferencesCa: Could not find rank for card with producerId: com.amazon.firelauncher.fireappscardproducer, widgetId: 1623771286 and target: UP_NEXT_RECENT
07-01 22:48:50.715  2035 21371 I F_C.SharedPreferencesCa: Could not find rank for card with producerId: com.amazon.firelauncher.fireappscardproducer, widgetId: 918387183 and target: UP_NEXT_RECENT
07-01 22:48:50.717  2035 21371 I F_C.SharedPreferencesCa: Could not find rank for card with producerId: com.amazon.firelauncher.fireappscardproducer, widgetId: 2011241825 and target: FOR_YOU/com.amazon.firelauncher.launchercardproducer:RECENT_APPS
07-01 22:48:50.718  2035 21371 I F_C.SharedPreferencesCa: Could not find rank for card with producerId: com.amazon.firelauncher.fireappscardproducer, widgetId: -1187143214 and target: FOR_YOU/com.amazon.firelauncher.launchercardproducer:RECENT_APPS
07-01 22:48:50.719  2035 21371 I F_C.SharedPreferencesCa: Could not find rank for card with producerId: com.amazon.firelauncher.fireappscardproducer, widgetId: 695574577 and target: FOR_YOU/com.amazon.firelauncher.launchercardproducer:RECENT_APPS
07-01 22:48:50.720  2035 21371 I F_C.SharedPreferencesCa: Could not find rank for card with producerId: com.amazon.firelauncher.fireappscardproducer, widgetId: -571829124 and target: FOR_YOU/com.amazon.firelauncher.launchercardproducer:RECENT_APPS
07-01 22:48:50.721  2035 21371 I F_C.SharedPreferencesCa: Could not find rank for card with producerId: com.amazon.firelauncher.fireappscardproducer, widgetId: 977181909 and target: FOR_YOU/com.amazon.firelauncher.launchercardproducer:RECENT_APPS
07-01 22:48:50.722  2035 21371 I F_C.SharedPreferencesCa: Could not find rank for card with producerId: com.amazon.firelauncher.fireappscardproducer, widgetId: 1853807984 and target: FOR_YOU/com.amazon.firelauncher.launchercardproducer:RECENT_APPS
07-01 22:48:50.723  2035 21371 I F_C.SharedPreferencesCa: Could not find rank for card with producerId: com.amazon.firelauncher.fireappscardproducer, widgetId: 1262997219 and target: FOR_YOU/com.amazon.firelauncher.launchercardproducer:RECENT_APPS
07-01 22:48:50.723  2035 21371 I F_C.SharedPreferencesCa: Could not find rank for card with producerId: com.amazon.firelauncher.fireappscardproducer, widgetId: 14886992 and target: LIBRARY/com.amazon.venezia:library-apps
07-01 22:48:50.740  2035  2314 I F_C.PrefetchJobService: pending job with id: 196608 exists
07-01 22:48:50.740  2035  2314 I F_C.PrefetchTrigger: Not schedule prefetch due to pending job
07-01 22:48:50.740  2035  2364 I F_C.DefaultConsumerClie: Looking for local ContentProvider...
07-01 22:48:50.740  2035  2364 I F_C.CardProvider: query(ParsedUri(PRODUCER=com.amazon.firelauncher.fireappscardproducer, CARD=-489306989), projection:null, selection:null, selectionArgs:3392903, sortOrder:null)
07-01 22:48:50.742  2035  2314 I F_C.PrefetchJobService: pending job with id: 196608 exists
07-01 22:48:50.742  2035  2314 I F_C.PrefetchTrigger: Not schedule prefetch due to pending job
07-01 22:48:50.743  2035  2314 I F_C.PrefetchJobService: pending job with id: 196608 exists
07-01 22:48:50.743  2035  2314 I F_C.PrefetchTrigger: Not schedule prefetch due to pending job
07-01 22:48:50.745  2035  2314 I F_C.PrefetchJobService: pending job with id: 196608 exists
07-01 22:48:50.745  2035  2314 I F_C.PrefetchTrigger: Not schedule prefetch due to pending job
07-01 22:48:50.746  2035  2314 I F_C.PrefetchJobService: pending job with id: 196608 exists
07-01 22:48:50.746  2035  2314 I F_C.PrefetchTrigger: Not schedule prefetch due to pending job
07-01 22:48:50.747  2035  2314 I F_C.PrefetchJobService: pending job with id: 196608 exists
07-01 22:48:50.747  2035  2314 I F_C.PrefetchTrigger: Not schedule prefetch due to pending job
07-01 22:48:50.747  2035  2314 I F_C.PrefetchJobService: pending job with id: 196608 exists
07-01 22:48:50.748  2035  2314 I F_C.PrefetchTrigger: Not schedule prefetch due to pending job
07-01 22:48:50.748  2035  2364 I F_C.CardProvider: query(ParsedUri(PRODUCER=com.amazon.firelauncher.fireappscardproducer, CARD=895102831), projection:null, selection:null, selectionArgs:3392903, sortOrder:null)
07-01 22:48:50.749  2035  2364 I F_C.CardProvider: query(ParsedUri(PRODUCER=com.amazon.firelauncher.fireappscardproducer, CARD=188605319), projection:null, selection:null, selectionArgs:3392903, sortOrder:null)
07-01 22:48:50.749  2035  2314 I F_C.PrefetchJobService: pending job with id: 196608 exists
07-01 22:48:50.749  2035  2314 I F_C.PrefetchTrigger: Not schedule prefetch due to pending job
07-01 22:48:50.750  2035  2364 I F_C.CardProvider: query(ParsedUri(PRODUCER=com.amazon.firelauncher.fireappscardproducer, CARD=-710106103), projection:null, selection:null, selectionArgs:3392903, sortOrder:null)
07-01 22:48:50.751  2035  2314 I F_C.PrefetchJobService: pending job with id: 196608 exists
07-01 22:48:50.751  2035  2314 I F_C.PrefetchTrigger: Not schedule prefetch due to pending job
07-01 22:48:50.751  2035  2314 I F_C.PrefetchJobService: pending job with id: 196608 exists
07-01 22:48:50.751  2035  2314 I F_C.PrefetchTrigger: Not schedule prefetch due to pending job
07-01 22:48:50.752  2035  2364 I F_C.CardProvider: query(ParsedUri(PRODUCER=com.amazon.firelauncher.fireappscardproducer, CARD=1250913016), projection:null, selection:null, selectionArgs:3392903, sortOrder:null)
07-01 22:48:50.754  2035  2314 I F_C.PrefetchJobService: pending job with id: 196608 exists
07-01 22:48:50.754  2035  2314 I F_C.PrefetchTrigger: Not schedule prefetch due to pending job
07-01 22:48:50.754  2035  2314 I F_C.PrefetchJobService: pending job with id: 196608 exists
07-01 22:48:50.754  2035  2364 I F_C.CardProvider: query(ParsedUri(PRODUCER=com.amazon.firelauncher.fireappscardproducer, CARD=-1447695273), projection:null, selection:null, selectionArgs:3392903, sortOrder:null)
07-01 22:48:50.754  2035  2314 I F_C.PrefetchTrigger: Not schedule prefetch due to pending job
07-01 22:48:50.755  2035  2314 I F_C.PrefetchJobService: pending job with id: 196608 exists
07-01 22:48:50.755  2035  2314 I F_C.PrefetchTrigger: Not schedule prefetch due to pending job
07-01 22:48:50.756  2035  2364 I F_C.CardProvider: query(ParsedUri(PRODUCER=com.amazon.firelauncher.fireappscardproducer, CARD=1623771286), projection:null, selection:null, selectionArgs:3392903, sortOrder:null)
07-01 22:48:50.756  2035  2314 I F_C.PrefetchJobService: pending job with id: 196608 exists
07-01 22:48:50.756  2035  2314 I F_C.PrefetchTrigger: Not schedule prefetch due to pending job
07-01 22:48:50.757  2035  2314 I F_C.PrefetchJobService: pending job with id: 196608 exists
07-01 22:48:50.757  2035  2314 I F_C.PrefetchTrigger: Not schedule prefetch due to pending job
07-01 22:48:50.757  2035  2364 I F_C.CardProvider: query(ParsedUri(PRODUCER=com.amazon.firelauncher.fireappscardproducer, CARD=918387183), projection:null, selection:null, selectionArgs:3392903, sortOrder:null)
07-01 22:48:50.758  2035  2314 I F_C.PrefetchJobService: pending job with id: 196608 exists
07-01 22:48:50.758  2035  2314 I F_C.PrefetchTrigger: Not schedule prefetch due to pending job
07-01 22:48:50.759  2035  2364 I F_C.CardProvider: query(ParsedUri(PRODUCER=com.amazon.firelauncher.fireappscardproducer, CARD=2011241825), projection:null, selection:null, selectionArgs:3392903, sortOrder:null)
07-01 22:48:50.760  2035  2364 I F_C.CardDataSource: Card processing started for: FOR_YOU/com.amazon.firelauncher.launchercardproducer:RECENT_APPS (1 card(s))
07-01 22:48:50.764  2035  2364 W F_C.UpNextDataSourcePri: No datasource found for target: FOR_YOU/com.amazon.firelauncher.launchercardproducer:RECENT_APPS
07-01 22:48:50.765  2035  2364 I F_C.CardIdPatternCardAs: Pattern match failed. Invalid card id 2011241825 from com.amazon.firelauncher.templatedatasources.CompositeCardDataSource$ComponentCard@9726aee.
07-01 22:48:50.765  2035  2364 I F_C.CardDataSource: Card processing completed for: FOR_YOU/com.amazon.firelauncher.launchercardproducer:RECENT_APPS (1 card(s))
07-01 22:48:50.765  2035  2364 I F_C.CardDataSource: Card processing started for: FOR_YOU/com.amazon.firelauncher.launchercardproducer:RECENT_APPS (1 card(s))
07-01 22:48:50.766  2035  2364 I F_C.CardDataSource: Card processing completed for: FOR_YOU/com.amazon.firelauncher.launchercardproducer:RECENT_APPS (1 card(s))
07-01 22:48:50.766  2035  2364 I F_C.CardDataSource: Card processing started for: FOR_YOU/com.amazon.firelauncher.launchercardproducer:RECENT_APPS (1 card(s))
07-01 22:48:50.767  2035  2364 I F_C.CardDataSource: Card processing completed for: FOR_YOU/com.amazon.firelauncher.launchercardproducer:RECENT_APPS (1 card(s))
07-01 22:48:50.768  2035  2364 I F_C.CardProvider: query(ParsedUri(PRODUCER=com.amazon.firelauncher.fireappscardproducer, CARD=-1187143214), projection:null, selection:null, selectionArgs:3392903, sortOrder:null)
07-01 22:48:50.769  2035  2364 I F_C.CardDataSource: Card processing started for: FOR_YOU/com.amazon.firelauncher.launchercardproducer:RECENT_APPS (1 card(s))
07-01 22:48:50.769  2035  2035 I F_C.CardDataSource: Updating cards in target: FOR_YOU/com.amazon.firelauncher.launchercardproducer:RECENT_APPS, cards: [2011241825]
07-01 22:48:50.770  2035  2364 W F_C.UpNextDataSourcePri: No datasource found for target: FOR_YOU/com.amazon.firelauncher.launchercardproducer:RECENT_APPS
07-01 22:48:50.770  2035  2364 I F_C.CardIdPatternCardAs: Pattern match failed. Invalid card id -1187143214 from com.amazon.firelauncher.templatedatasources.CompositeCardDataSource$ComponentCard@1a68a25.
07-01 22:48:50.770  2035  2364 I F_C.CardDataSource: Card processing completed for: FOR_YOU/com.amazon.firelauncher.launchercardproducer:RECENT_APPS (1 card(s))
07-01 22:48:50.770  2035  2364 I F_C.CardDataSource: Card processing started for: FOR_YOU/com.amazon.firelauncher.launchercardproducer:RECENT_APPS (1 card(s))
07-01 22:48:50.771  2035  2364 I F_C.CardDataSource: Card processing completed for: FOR_YOU/com.amazon.firelauncher.launchercardproducer:RECENT_APPS (1 card(s))
07-01 22:48:50.778  2035  2035 I F_C.L28849: PreLoadingAggregateCardDataSource#20.addItem < updateCards < access$600 < onUpdateCards < handleMessage < tryExecuteNextOperation < handleMessage < dispatchMessage
07-01 22:48:50.778  2035  2035 I F_C.L28849:  - card count (limit) +1: 6 -> 7
07-01 22:48:50.780  2035  2035 I F_C.L28849: EmptyFilteredCardDataSource#21.reIndex < access$200 < onAdded < onAdded < notifyAddedInternal < notifyAdded < notifyOnAdded < addItem
07-01 22:48:50.780  2035  2035 I F_C.L28849:  - card count: 6 -> 7
07-01 22:48:50.781  2035  2035 I F_C.Debouncer: Debouncing com.amazon.firelauncher.recency.BaseRecencyManager$AsinRecencyUpdateRunnable@5af01ab
07-01 22:48:50.781  2035  2035 I F_C.CardDataSource: Updating cards in target: FOR_YOU/com.amazon.firelauncher.launchercardproducer:RECENT_APPS, cards: [2011241825]
07-01 22:48:50.781  2035  2364 I F_C.CardDataSource: Card processing started for: FOR_YOU/com.amazon.firelauncher.launchercardproducer:RECENT_APPS (1 card(s))
07-01 22:48:50.781  2035  2035 I F_C.L28849: AggregateCardDataSource#474.addItem < updateCards < access$600 < onUpdateCards < handleMessage < tryExecuteNextOperation < handleMessage < dispatchMessage
07-01 22:48:50.781  2035  2035 I F_C.L28849:  - card count (no limit) +1: 6 -> 7
07-01 22:48:50.781  2035  2035 I F_C.L28849: EmptyFilteredCardDataSource#475.reIndex < access$200 < onAdded < onAdded < notifyAddedInternal < notifyAdded < notifyOnAdded < addItem
07-01 22:48:50.781  2035  2035 I F_C.L28849:  - card count: 6 -> 7
07-01 22:48:50.782  2035  2364 I F_C.CardDataSource: Card processing completed for: FOR_YOU/com.amazon.firelauncher.launchercardproducer:RECENT_APPS (1 card(s))
07-01 22:48:50.786  2035  2035 I F_C.L28849: EmptyFilteredCardDataSource#201.reIndex < access$200 < onUpdated < onUpdated < notifyUpdatedInternal < notifyUpdated < notifyOnUpdated < onReaggregation
07-01 22:48:50.786  2035  2035 I F_C.L28849:  - card count: 7 -> 7
07-01 22:48:50.786  2035  2035 I F_C.L28849: EmptyFilteredCardDataSource#475: onUpdated, new item: RECENT_APPS
07-01 22:48:50.787  2035  2364 I F_C.CardProvider: query(ParsedUri(PRODUCER=com.amazon.firelauncher.fireappscardproducer, CARD=695574577), projection:null, selection:null, selectionArgs:3392903, sortOrder:null)
07-01 22:48:50.788  2035  2035 I F_C.CardDataSource: Updating cards in target: FOR_YOU/com.amazon.firelauncher.launchercardproducer:RECENT_APPS, cards: [-1187143214]
07-01 22:48:50.789  2035  2035 I F_C.L28849: PreLoadingAggregateCardDataSource#20.setItem < updateCards < access$600 < onUpdateCards < handleMessage < tryExecuteNextOperation < handleMessage < dispatchMessage
07-01 22:48:50.789  2035  2035 I F_C.L28849:  - card count (in-place): 7 -> 7
07-01 22:48:50.789  2035  2364 I F_C.CardDataSource: Card processing started for: FOR_YOU/com.amazon.firelauncher.launchercardproducer:RECENT_APPS (1 card(s))
07-01 22:48:50.789  2035  2035 I F_C.L28849: EmptyFilteredCardDataSource#21.reIndex < access$200 < onUpdated < onUpdated < notifyUpdatedInternal < notifyUpdated < notifyOnUpdated < setItem
07-01 22:48:50.789  2035  2035 I F_C.L28849:  - card count: 7 -> 7
07-01 22:48:50.789  2035  2035 I F_C.Debouncer: Debouncing com.amazon.firelauncher.recency.BaseRecencyManager$AsinRecencyUpdateRunnable@178e9c6
07-01 22:48:50.789  2035  2035 I F_C.CardDataSource: Updating cards in target: FOR_YOU/com.amazon.firelauncher.launchercardproducer:RECENT_APPS, cards: [-1187143214]
07-01 22:48:50.789  2035  2035 I F_C.L28849: AggregateCardDataSource#474.setItem < updateCards < access$600 < onUpdateCards < handleMessage < tryExecuteNextOperation < handleMessage < dispatchMessage
07-01 22:48:50.789  2035  2035 I F_C.L28849:  - card count (in-place): 7 -> 7
07-01 22:48:50.790  2035  2035 I F_C.L28849: EmptyFilteredCardDataSource#475.reIndex < access$200 < onUpdated < onUpdated < notifyUpdatedInternal < notifyUpdated < notifyOnUpdated < setItem
07-01 22:48:50.790  2035  2035 I F_C.L28849:  - card count: 7 -> 7
07-01 22:48:50.790  2035  2364 W F_C.UpNextDataSourcePri: No datasource found for target: FOR_YOU/com.amazon.firelauncher.launchercardproducer:RECENT_APPS
07-01 22:48:50.790  2035  2364 I F_C.CardIdPatternCardAs: Pattern match failed. Invalid card id 695574577 from com.amazon.firelauncher.templatedatasources.CompositeCardDataSource$ComponentCard@cda0d87.
07-01 22:48:50.790  2035  2364 I F_C.CardDataSource: Card processing completed for: FOR_YOU/com.amazon.firelauncher.launchercardproducer:RECENT_APPS (1 card(s))
07-01 22:48:50.790  2035  2364 I F_C.CardDataSource: Card processing started for: FOR_YOU/com.amazon.firelauncher.launchercardproducer:RECENT_APPS (1 card(s))
07-01 22:48:50.790  2035  2035 I F_C.L28849: EmptyFilteredCardDataSource#201.reIndex < access$200 < onUpdated < onUpdated < notifyUpdatedInternal < notifyUpdated < notifyOnUpdated < onReaggregation
07-01 22:48:50.790  2035  2035 I F_C.L28849:  - card count: 7 -> 7
07-01 22:48:50.791  2035  2035 I F_C.L28849: EmptyFilteredCardDataSource#475: onUpdated, new item: RECENT_APPS
07-01 22:48:50.791  2035  2364 I F_C.CardDataSource: Card processing completed for: FOR_YOU/com.amazon.firelauncher.launchercardproducer:RECENT_APPS (1 card(s))
07-01 22:48:50.791  2035  2364 I F_C.CardDataSource: Card processing started for: FOR_YOU/com.amazon.firelauncher.launchercardproducer:RECENT_APPS (1 card(s))
07-01 22:48:50.791  2035  2035 I F_C.CardDataSource: Updating cards in target: FOR_YOU/com.amazon.firelauncher.launchercardproducer:RECENT_APPS, cards: [695574577]
07-01 22:48:50.792  2035  2035 I F_C.L28849: PreLoadingAggregateCardDataSource#20.setItem < updateCards < access$600 < onUpdateCards < handleMessage < tryExecuteNextOperation < handleMessage < dispatchMessage
07-01 22:48:50.792  2035  2035 I F_C.L28849:  - card count (in-place): 7 -> 7
07-01 22:48:50.792  2035  2364 I F_C.CardDataSource: Card processing completed for: FOR_YOU/com.amazon.firelauncher.launchercardproducer:RECENT_APPS (1 card(s))
07-01 22:48:50.792  2035  2035 I F_C.L28849: EmptyFilteredCardDataSource#21.reIndex < access$200 < onUpdated < onUpdated < notifyUpdatedInternal < notifyUpdated < notifyOnUpdated < setItem
07-01 22:48:50.792  2035  2035 I F_C.L28849:  - card count: 7 -> 7
07-01 22:48:50.792  2035  2035 I F_C.Debouncer: Debouncing com.amazon.firelauncher.recency.BaseRecencyManager$AsinRecencyUpdateRunnable@2dcd8dd
07-01 22:48:50.792  2035  2035 I F_C.CardDataSource: Updating cards in target: FOR_YOU/com.amazon.firelauncher.launchercardproducer:RECENT_APPS, cards: [695574577]
07-01 22:48:50.793  2035  2364 I F_C.CardProvider: query(ParsedUri(PRODUCER=com.amazon.firelauncher.fireappscardproducer, CARD=-571829124), projection:null, selection:null, selectionArgs:3392903, sortOrder:null)
07-01 22:48:50.793  2035  2035 I F_C.L28849: AggregateCardDataSource#474.setItem < updateCards < access$600 < onUpdateCards < handleMessage < tryExecuteNextOperation < handleMessage < dispatchMessage
07-01 22:48:50.793  2035  2035 I F_C.L28849:  - card count (in-place): 7 -> 7
07-01 22:48:50.793  2035  2035 I F_C.L28849: EmptyFilteredCardDataSource#475.reIndex < access$200 < onUpdated < onUpdated < notifyUpdatedInternal < notifyUpdated < notifyOnUpdated < setItem
07-01 22:48:50.793  2035  2035 I F_C.L28849:  - card count: 7 -> 7
07-01 22:48:50.794  2035  2364 I F_C.CardDataSource: Card processing started for: FOR_YOU/com.amazon.firelauncher.launchercardproducer:RECENT_APPS (1 card(s))
07-01 22:48:50.794  2035  2035 I F_C.L28849: EmptyFilteredCardDataSource#201.reIndex < access$200 < onUpdated < onUpdated < notifyUpdatedInternal < notifyUpdated < notifyOnUpdated < onReaggregation
07-01 22:48:50.794  2035  2035 I F_C.L28849:  - card count: 7 -> 7
07-01 22:48:50.794  2035  2035 I F_C.L28849: EmptyFilteredCardDataSource#475: onUpdated, new item: RECENT_APPS
07-01 22:48:50.794  2035  2364 W F_C.UpNextDataSourcePri: No datasource found for target: FOR_YOU/com.amazon.firelauncher.launchercardproducer:RECENT_APPS
07-01 22:48:50.794  2035  2364 I F_C.CardDataSource: Card filtered, producer: com.amazon.firelauncher.fireappscardproducer, target: FOR_YOU/com.amazon.firelauncher.launchercardproducer:RECENT_APPS, filter: com.amazon.firelauncher.templatedatasources.CompositeCardDataSource$3@c82b20f
07-01 22:48:50.794  2035  2364 I F_C.CardDataSource: Card processing completed for: FOR_YOU/com.amazon.firelauncher.launchercardproducer:RECENT_APPS (0 card(s))
07-01 22:48:50.794  2035  2364 I F_C.CardDataSource: Card processing started for: FOR_YOU/com.amazon.firelauncher.launchercardproducer:RECENT_APPS (1 card(s))
07-01 22:48:50.795  2035  2364 I F_C.CardDataSource: Card processing completed for: FOR_YOU/com.amazon.firelauncher.launchercardproducer:RECENT_APPS (1 card(s))
07-01 22:48:50.795  2035  2364 I F_C.CardDataSource: Card processing started for: FOR_YOU/com.amazon.firelauncher.launchercardproducer:RECENT_APPS (1 card(s))
07-01 22:48:50.795  2035  2035 I F_C.CardDataSource: Updating cards in target: FOR_YOU/com.amazon.firelauncher.launchercardproducer:RECENT_APPS, cards: [-571829124]
07-01 22:48:50.795  2035  2035 I F_C.L28849: PreLoadingAggregateCardDataSource#20.setItem < updateCards < access$600 < onUpdateCards < handleMessage < tryExecuteNextOperation < handleMessage < dispatchMessage
07-01 22:48:50.795  2035  2035 I F_C.L28849:  - card count (in-place): 7 -> 7
07-01 22:48:50.795  2035  2035 I F_C.L28849: EmptyFilteredCardDataSource#21.reIndex < access$200 < onUpdated < onUpdated < notifyUpdatedInternal < notifyUpdated < notifyOnUpdated < setItem
07-01 22:48:50.795  2035  2035 I F_C.L28849:  - card count: 7 -> 7
07-01 22:48:50.796  2035  2035 I F_C.Debouncer: Debouncing com.amazon.firelauncher.recency.BaseRecencyManager$AsinRecencyUpdateRunnable@54c820
07-01 22:48:50.796  2035  2364 I F_C.CardDataSource: Card processing completed for: FOR_YOU/com.amazon.firelauncher.launchercardproducer:RECENT_APPS (1 card(s))
07-01 22:48:50.796  2035  2364 I F_C.CardProvider: query(ParsedUri(PRODUCER=com.amazon.firelauncher.fireappscardproducer, CARD=977181909), projection:null, selection:null, selectionArgs:3392903, sortOrder:null)
07-01 22:48:50.797  2035  2364 I F_C.CardDataSource: Card processing started for: FOR_YOU/com.amazon.firelauncher.launchercardproducer:RECENT_APPS (1 card(s))
07-01 22:48:50.798  2035  2364 W F_C.UpNextDataSourcePri: No datasource found for target: FOR_YOU/com.amazon.firelauncher.launchercardproducer:RECENT_APPS
07-01 22:48:50.798  2035  2035 I F_C.CardDataSource: Updating cards in target: FOR_YOU/com.amazon.firelauncher.launchercardproducer:RECENT_APPS, cards: [-571829124]
07-01 22:48:50.798  2035  2364 I F_C.CardIdPatternCardAs: Pattern match failed. Invalid card id 977181909 from com.amazon.firelauncher.templatedatasources.CompositeCardDataSource$ComponentCard@b456b9e.
07-01 22:48:50.798  2035  2364 I F_C.CardDataSource: Card processing completed for: FOR_YOU/com.amazon.firelauncher.launchercardproducer:RECENT_APPS (1 card(s))
07-01 22:48:50.798  2035  2364 I F_C.CardDataSource: Card processing started for: FOR_YOU/com.amazon.firelauncher.launchercardproducer:RECENT_APPS (1 card(s))
07-01 22:48:50.798  2035  2035 I F_C.L28849: AggregateCardDataSource#474.setItem < updateCards < access$600 < onUpdateCards < handleMessage < tryExecuteNextOperation < handleMessage < dispatchMessage
07-01 22:48:50.798  2035  2035 I F_C.L28849:  - card count (in-place): 7 -> 7
07-01 22:48:50.799  2035  2035 I F_C.L28849: EmptyFilteredCardDataSource#475.reIndex < access$200 < onUpdated < onUpdated < notifyUpdatedInternal < notifyUpdated < notifyOnUpdated < setItem
07-01 22:48:50.799  2035  2035 I F_C.L28849:  - card count: 7 -> 7
07-01 22:48:50.799  2035  2364 I F_C.CardDataSource: Card processing completed for: FOR_YOU/com.amazon.firelauncher.launchercardproducer:RECENT_APPS (1 card(s))
07-01 22:48:50.799  2035  2364 I F_C.CardDataSource: Card processing started for: FOR_YOU/com.amazon.firelauncher.launchercardproducer:RECENT_APPS (1 card(s))
07-01 22:48:50.800  2035  2035 I F_C.L28849: EmptyFilteredCardDataSource#201.reIndex < access$200 < onUpdated < onUpdated < notifyUpdatedInternal < notifyUpdated < notifyOnUpdated < onReaggregation
07-01 22:48:50.800  2035  2035 I F_C.L28849:  - card count: 7 -> 7
07-01 22:48:50.800  2035  2035 I F_C.L28849: EmptyFilteredCardDataSource#475: onUpdated, new item: RECENT_APPS
07-01 22:48:50.800  2035  2035 I F_C.CardDataSource: Updating cards in target: FOR_YOU/com.amazon.firelauncher.launchercardproducer:RECENT_APPS, cards: [977181909]
07-01 22:48:50.800  2035  2364 I F_C.CardDataSource: Card processing completed for: FOR_YOU/com.amazon.firelauncher.launchercardproducer:RECENT_APPS (1 card(s))
07-01 22:48:50.800  2035  2035 I F_C.L28849: PreLoadingAggregateCardDataSource#20.setItem < updateCards < access$600 < onUpdateCards < handleMessage < tryExecuteNextOperation < handleMessage < dispatchMessage
07-01 22:48:50.800  2035  2035 I F_C.L28849:  - card count (in-place): 7 -> 7
07-01 22:48:50.800  2035  2035 I F_C.L28849: EmptyFilteredCardDataSource#21.reIndex < access$200 < onUpdated < onUpdated < notifyUpdatedInternal < notifyUpdated < notifyOnUpdated < setItem
07-01 22:48:50.800  2035  2035 I F_C.L28849:  - card count: 7 -> 7
07-01 22:48:50.801  2035  2035 I F_C.Debouncer: Debouncing com.amazon.firelauncher.recency.BaseRecencyManager$AsinRecencyUpdateRunnable@c0e464c
07-01 22:48:50.801  2035  2035 I F_C.CardDataSource: Updating cards in target: FOR_YOU/com.amazon.firelauncher.launchercardproducer:RECENT_APPS, cards: [977181909]
07-01 22:48:50.801  2035  2364 I F_C.CardProvider: query(ParsedUri(PRODUCER=com.amazon.firelauncher.fireappscardproducer, CARD=1853807984), projection:null, selection:null, selectionArgs:3392903, sortOrder:null)
07-01 22:48:50.801  2035  2035 I F_C.L28849: AggregateCardDataSource#474.setItem < updateCards < access$600 < onUpdateCards < handleMessage < tryExecuteNextOperation < handleMessage < dispatchMessage
07-01 22:48:50.801  2035  2035 I F_C.L28849:  - card count (in-place): 7 -> 7
07-01 22:48:50.801  2035  2035 I F_C.L28849: EmptyFilteredCardDataSource#475.reIndex < access$200 < onUpdated < onUpdated < notifyUpdatedInternal < notifyUpdated < notifyOnUpdated < setItem
07-01 22:48:50.801  2035  2035 I F_C.L28849:  - card count: 7 -> 7
07-01 22:48:50.802  2035  2035 I F_C.L28849: EmptyFilteredCardDataSource#201.reIndex < access$200 < onUpdated < onUpdated < notifyUpdatedInternal < notifyUpdated < notifyOnUpdated < onReaggregation
07-01 22:48:50.802  2035  2035 I F_C.L28849:  - card count: 7 -> 7
07-01 22:48:50.802  2035  2364 I F_C.CardDataSource: Card processing started for: FOR_YOU/com.amazon.firelauncher.launchercardproducer:RECENT_APPS (1 card(s))
07-01 22:48:50.802  2035  2035 I F_C.L28849: EmptyFilteredCardDataSource#475: onUpdated, new item: RECENT_APPS
07-01 22:48:50.803  2035  2364 W F_C.UpNextDataSourcePri: No datasource found for target: FOR_YOU/com.amazon.firelauncher.launchercardproducer:RECENT_APPS
07-01 22:48:50.803  2035  2364 I F_C.CardDataSource: Card filtered, producer: com.amazon.firelauncher.fireappscardproducer, target: FOR_YOU/com.amazon.firelauncher.launchercardproducer:RECENT_APPS, filter: com.amazon.firelauncher.templatedatasources.CompositeCardDataSource$3@c82b20f
07-01 22:48:50.803  2035  2364 I F_C.CardDataSource: Card processing completed for: FOR_YOU/com.amazon.firelauncher.launchercardproducer:RECENT_APPS (0 card(s))
07-01 22:48:50.803  2035  2364 I F_C.CardDataSource: Card processing started for: FOR_YOU/com.amazon.firelauncher.launchercardproducer:RECENT_APPS (1 card(s))
07-01 22:48:50.803  2035  2364 I F_C.CardDataSource: Card processing completed for: FOR_YOU/com.amazon.firelauncher.launchercardproducer:RECENT_APPS (1 card(s))
07-01 22:48:50.803  2035  2364 I F_C.CardDataSource: Card processing started for: FOR_YOU/com.amazon.firelauncher.launchercardproducer:RECENT_APPS (1 card(s))
07-01 22:48:50.803  2035  2035 I F_C.CardDataSource: Updating cards in target: FOR_YOU/com.amazon.firelauncher.launchercardproducer:RECENT_APPS, cards: [1853807984]
07-01 22:48:50.804  2035  2035 I F_C.L28849: PreLoadingAggregateCardDataSource#20.setItem < updateCards < access$600 < onUpdateCards < handleMessage < tryExecuteNextOperation < handleMessage < dispatchMessage
07-01 22:48:50.804  2035  2035 I F_C.L28849:  - card count (in-place): 7 -> 7
07-01 22:48:50.804  2035  2364 I F_C.CardDataSource: Card processing completed for: FOR_YOU/com.amazon.firelauncher.launchercardproducer:RECENT_APPS (1 card(s))
07-01 22:48:50.804  2035  2035 I F_C.L28849: EmptyFilteredCardDataSource#21.reIndex < access$200 < onUpdated < onUpdated < notifyUpdatedInternal < notifyUpdated < notifyOnUpdated < setItem
07-01 22:48:50.804  2035  2035 I F_C.L28849:  - card count: 7 -> 7
07-01 22:48:50.804  2035  2035 I F_C.Debouncer: Debouncing com.amazon.firelauncher.recency.BaseRecencyManager$AsinRecencyUpdateRunnable@bd7ab9b
07-01 22:48:50.804  2035  2035 I F_C.CardDataSource: Updating cards in target: FOR_YOU/com.amazon.firelauncher.launchercardproducer:RECENT_APPS, cards: [1853807984]
07-01 22:48:50.804  2035  2035 I F_C.L28849: AggregateCardDataSource#474.setItem < updateCards < access$600 < onUpdateCards < handleMessage < tryExecuteNextOperation < handleMessage < dispatchMessage
07-01 22:48:50.804  2035  2035 I F_C.L28849:  - card count (in-place): 7 -> 7
07-01 22:48:50.804  2035  2364 I F_C.CardProvider: query(ParsedUri(PRODUCER=com.amazon.firelauncher.fireappscardproducer, CARD=1262997219), projection:null, selection:null, selectionArgs:3392903, sortOrder:null)
07-01 22:48:50.804  2035  2035 I F_C.L28849: EmptyFilteredCardDataSource#475.reIndex < access$200 < onUpdated < onUpdated < notifyUpdatedInternal < notifyUpdated < notifyOnUpdated < setItem
07-01 22:48:50.804  2035  2035 I F_C.L28849:  - card count: 7 -> 7
07-01 22:48:50.805  2035  2035 I F_C.L28849: EmptyFilteredCardDataSource#201.reIndex < access$200 < onUpdated < onUpdated < notifyUpdatedInternal < notifyUpdated < notifyOnUpdated < onReaggregation
07-01 22:48:50.805  2035  2035 I F_C.L28849:  - card count: 7 -> 7
07-01 22:48:50.805  2035  2035 I F_C.L28849: EmptyFilteredCardDataSource#475: onUpdated, new item: RECENT_APPS
07-01 22:48:50.805  2035  2364 I F_C.CardDataSource: Card processing started for: FOR_YOU/com.amazon.firelauncher.launchercardproducer:RECENT_APPS (1 card(s))
07-01 22:48:50.806  2035  2364 W F_C.UpNextDataSourcePri: No datasource found for target: FOR_YOU/com.amazon.firelauncher.launchercardproducer:RECENT_APPS
07-01 22:48:50.806  2035  2364 I F_C.CardDataSource: Card filtered, producer: com.amazon.firelauncher.fireappscardproducer, target: FOR_YOU/com.amazon.firelauncher.launchercardproducer:RECENT_APPS, filter: com.amazon.firelauncher.templatedatasources.CompositeCardDataSource$3@c82b20f
07-01 22:48:50.806  2035  2364 I F_C.CardDataSource: Card processing completed for: FOR_YOU/com.amazon.firelauncher.launchercardproducer:RECENT_APPS (0 card(s))
07-01 22:48:50.806  2035  2364 I F_C.CardDataSource: Card processing started for: FOR_YOU/com.amazon.firelauncher.launchercardproducer:RECENT_APPS (1 card(s))
07-01 22:48:50.806  2035  2035 I F_C.CardDataSource: Updating cards in target: FOR_YOU/com.amazon.firelauncher.launchercardproducer:RECENT_APPS, cards: [2011241825]
07-01 22:48:50.807  2035  2035 I F_C.L28849: PreLoadingAggregateCardDataSource#7.addItem < updateCards < access$600 < onUpdateCards < handleMessage < tryExecuteNextOperation < handleMessage < dispatchMessage
07-01 22:48:50.807  2035  2035 I F_C.L28849:  - card count (no limit) +1: 3 -> 4
07-01 22:48:50.807  2035  2035 I F_C.L28849: EmptyFilteredCardDataSource#8.reIndex < access$200 < onAdded < onAdded < notifyAddedInternal < notifyAdded < notifyOnAdded < addItem
07-01 22:48:50.807  2035  2035 I F_C.L28849:  - card count: 3 -> 4
07-01 22:48:50.807  2035  2035 I F_C.CardIdPatternCardAs: Pattern match failed. Invalid card id 2011241825 from com.amazon.firelauncher.templatedatasources.CompositeCardDataSource$ComponentCard@3355076.
07-01 22:48:50.807  2035  2364 I F_C.CardDataSource: Card processing completed for: FOR_YOU/com.amazon.firelauncher.launchercardproducer:RECENT_APPS (1 card(s))
07-01 22:48:50.807  2035  2364 I F_C.CardDataSource: Card processing started for: FOR_YOU/com.amazon.firelauncher.launchercardproducer:RECENT_APPS (1 card(s))
07-01 22:48:50.808  2035  2364 I F_C.CardDataSource: Card processing completed for: FOR_YOU/com.amazon.firelauncher.launchercardproducer:RECENT_APPS (1 card(s))
07-01 22:48:50.809  2035  2364 I F_C.CardProvider: query(ParsedUri(PRODUCER=com.amazon.firelauncher.fireappscardproducer, CARD=14886992), projection:null, selection:null, selectionArgs:3392903, sortOrder:null)
07-01 22:48:50.810  2035  2364 I F_C.CardDataSource: Card processing started for: LIBRARY/com.amazon.venezia:library-apps (1 card(s))
07-01 22:48:50.810  2035  2364 I F_C.CardDataSource: Card processing completed for: LIBRARY/com.amazon.venezia:library-apps (1 card(s))
07-01 22:48:50.810  2035  2364 I F_C.CardDataSource: Card processing started for: LIBRARY/com.amazon.venezia:library-apps (1 card(s))
07-01 22:48:50.811  2035  2551 W F_C.PrioritizedImageCac: Item to be removed not present: 2109010372, token=151
07-01 22:48:50.811  2035  2364 I F_C.CardDataSource: Card processing completed for: LIBRARY/com.amazon.venezia:library-apps (1 card(s))
07-01 22:48:50.811  2035  2364 I F_C.CardDataSource: Card processing started for: LIBRARY/com.amazon.venezia:library-apps (1 card(s))
07-01 22:48:50.812  2035  2364 I F_C.CardDataSource: Card processing completed for: LIBRARY/com.amazon.venezia:library-apps (1 card(s))
07-01 22:48:50.813  2035  2035 I F_C.CardDataSource: Updating cards in target: FOR_YOU/com.amazon.firelauncher.launchercardproducer:RECENT_APPS, cards: [-1187143214]
07-01 22:48:50.813  2035  2035 I F_C.L28849: PreLoadingAggregateCardDataSource#7.setItem < updateCards < access$600 < onUpdateCards < handleMessage < tryExecuteNextOperation < handleMessage < dispatchMessage
07-01 22:48:50.813  2035  2035 I F_C.L28849:  - card count (in-place): 4 -> 4
07-01 22:48:50.813  2035  2035 I F_C.L28849: EmptyFilteredCardDataSource#8.reIndex < access$200 < onUpdated < onUpdated < notifyUpdatedInternal < notifyUpdated < notifyOnUpdated < setItem
07-01 22:48:50.813  2035  2035 I F_C.L28849:  - card count: 4 -> 4
07-01 22:48:50.814  2035  2035 I F_C.CardIdPatternCardAs: Pattern match failed. Invalid card id -1187143214 from com.amazon.firelauncher.templatedatasources.CompositeCardDataSource$ComponentCard@d7b6677.
07-01 22:48:50.816  2035  2035 I F_C.CardDataSource: Updating cards in target: FOR_YOU/com.amazon.firelauncher.launchercardproducer:RECENT_APPS, cards: [695574577]
07-01 22:48:50.816  2035  2035 I F_C.L28849: PreLoadingAggregateCardDataSource#7.setItem < updateCards < access$600 < onUpdateCards < handleMessage < tryExecuteNextOperation < handleMessage < dispatchMessage
07-01 22:48:50.816  2035  2035 I F_C.L28849:  - card count (in-place): 4 -> 4
07-01 22:48:50.816  2035  2035 I F_C.L28849: EmptyFilteredCardDataSource#8.reIndex < access$200 < onUpdated < onUpdated < notifyUpdatedInternal < notifyUpdated < notifyOnUpdated < setItem
07-01 22:48:50.816  2035  2035 I F_C.L28849:  - card count: 4 -> 4
07-01 22:48:50.817  2035  2035 I F_C.CardIdPatternCardAs: Pattern match failed. Invalid card id 695574577 from com.amazon.firelauncher.templatedatasources.CompositeCardDataSource$ComponentCard@dcd12e4.
07-01 22:48:50.819  2035  2035 I F_C.CardDataSource: Updating cards in target: FOR_YOU/com.amazon.firelauncher.launchercardproducer:RECENT_APPS, cards: []
07-01 22:48:50.819  2035  2035 I F_C.CardDataSource: Updating cards in target: FOR_YOU/com.amazon.firelauncher.launchercardproducer:RECENT_APPS, cards: [977181909]
07-01 22:48:50.819  2035  2035 I F_C.L28849: PreLoadingAggregateCardDataSource#7.setItem < updateCards < access$600 < onUpdateCards < handleMessage < tryExecuteNextOperation < handleMessage < dispatchMessage
07-01 22:48:50.819  2035  2035 I F_C.L28849:  - card count (in-place): 4 -> 4
07-01 22:48:50.819  2035  2035 I F_C.L28849: EmptyFilteredCardDataSource#8.reIndex < access$200 < onUpdated < onUpdated < notifyUpdatedInternal < notifyUpdated < notifyOnUpdated < setItem
07-01 22:48:50.819  2035  2035 I F_C.L28849:  - card count: 4 -> 4
07-01 22:48:50.819  2035  2035 I F_C.CardIdPatternCardAs: Pattern match failed. Invalid card id 977181909 from com.amazon.firelauncher.templatedatasources.CompositeCardDataSource$ComponentCard@c6ab34d.
07-01 22:48:50.821  2035  2035 I F_C.CardDataSource: Updating cards in target: FOR_YOU/com.amazon.firelauncher.launchercardproducer:RECENT_APPS, cards: []
07-01 22:48:50.822  2035  2035 I F_C.CardDataSource: Updating cards in target: FOR_YOU/com.amazon.firelauncher.launchercardproducer:RECENT_APPS, cards: []
07-01 22:48:50.822  2035  2035 I F_C.LauncherCdaClient: Batched 7 operations with result 1 on target FOR_YOU/com.amazon.firelauncher.launchercardproducer:RECENT_APPS
07-01 22:48:50.822  2035  2035 I F_C.CardDataSource: Updating cards in target: FOR_YOU/com.amazon.firelauncher.launchercardproducer:RECENT_APPS, cards: [1262997219]
07-01 22:48:50.822  2035  2035 I F_C.L28849: PreLoadingAggregateCardDataSource#20.setItem < updateCards < access$600 < onUpdateCards < handleMessage < tryExecuteNextOperation < handleMessage < dispatchMessage
07-01 22:48:50.822  2035  2035 I F_C.L28849:  - card count (in-place): 7 -> 7
07-01 22:48:50.822  2035  2035 I F_C.L28849: EmptyFilteredCardDataSource#21.reIndex < access$200 < onUpdated < onUpdated < notifyUpdatedInternal < notifyUpdated < notifyOnUpdated < setItem
07-01 22:48:50.822  2035  2035 I F_C.L28849:  - card count: 7 -> 7
07-01 22:48:50.822  2035  2035 I F_C.Debouncer: Debouncing com.amazon.firelauncher.recency.BaseRecencyManager$AsinRecencyUpdateRunnable@69dfe02
07-01 22:48:50.822  2035  2035 I F_C.CardDataSource: Updating cards in target: FOR_YOU/com.amazon.firelauncher.launchercardproducer:RECENT_APPS, cards: [1262997219]
07-01 22:48:50.822  2035  2035 I F_C.L28849: AggregateCardDataSource#474.setItem < updateCards < access$600 < onUpdateCards < handleMessage < tryExecuteNextOperation < handleMessage < dispatchMessage
07-01 22:48:50.822  2035  2035 I F_C.L28849:  - card count (in-place): 7 -> 7
07-01 22:48:50.822  2035  2035 I F_C.L28849: EmptyFilteredCardDataSource#475.reIndex < access$200 < onUpdated < onUpdated < notifyUpdatedInternal < notifyUpdated < notifyOnUpdated < setItem
07-01 22:48:50.822  2035  2035 I F_C.L28849:  - card count: 7 -> 7
07-01 22:48:50.823  2035  2035 I F_C.L28849: EmptyFilteredCardDataSource#201.reIndex < access$200 < onUpdated < onUpdated < notifyUpdatedInternal < notifyUpdated < notifyOnUpdated < onReaggregation
07-01 22:48:50.823  2035  2035 I F_C.L28849:  - card count: 7 -> 7
07-01 22:48:50.823  2035  2035 I F_C.L28849: EmptyFilteredCardDataSource#475: onUpdated, new item: RECENT_APPS
07-01 22:48:50.823  2035  2035 I F_C.CardDataSource: Updating cards in target: LIBRARY/com.amazon.venezia:library-apps, cards: [14886992]
07-01 22:48:50.824  2035  2035 I F_C.CardDataSource: Updating cards in target: LIBRARY/com.amazon.venezia:library-apps, cards: [14886992]
07-01 22:48:50.831  2035  2035 I F_C.DefaultPlaceholderD: Setting loading placeholder icon.
07-01 22:48:50.842  2035  2035 I F_C.CardDataSource: Updating cards in target: LIBRARY/com.amazon.venezia:library-apps, cards: [14886992]
07-01 22:48:50.843  2035  2035 I F_C.LibraryFilteredCard: Start processing card {producerId=com.amazon.kindle,cardId=-1902740761}
07-01 22:48:50.843  2035  2035 I F_C.LibraryFilteredCard: Not aggregate Card, processing complete {producerId=com.amazon.kindle,cardId=-429957087}
07-01 22:48:50.843  2035  2035 I F_C.LibraryFilteredCard: Not aggregate Card, processing complete {producerId=com.amazon.kindle,cardId=1314232813}
07-01 22:48:50.843  2035  2035 I F_C.LibraryFilteredCard: Not aggregate Card, processing complete {producerId=com.amazon.kindle,cardId=-1930869496}
07-01 22:48:50.843  2035  2035 I F_C.LibraryFilteredCard: Not aggregate Card, processing complete {producerId=com.amazon.kindle,cardId=-335311499}
07-01 22:48:50.843  2035  2035 I F_C.LibraryFilteredCard: Processing complete {producerId=com.amazon.kindle,cardId=-1902740761}
07-01 22:48:50.843  2035  2035 I F_C.LibraryFilteredCard: Not aggregate Card, processing complete {producerId=com.amazon.kindle,cardId=-429957087}
07-01 22:48:50.844  2035  2035 I F_C.LibraryFilteredCard: Filtering out {producerId=com.amazon.kindle,cardId=1314232813}, target: LIBRARY/com.amazon.kindle:KindleParentCard, filter: ConnectionCardFilters.ONLINE_ONLY
07-01 22:48:50.844  2035  2035 I F_C.LibraryFilteredCard: Not aggregate Card, processing complete {producerId=com.amazon.kindle,cardId=-1930869496}
07-01 22:48:50.844  2035  2035 I F_C.LibraryFilteredCard: Not aggregate Card, processing complete {producerId=com.amazon.kindle,cardId=-335311499}
07-01 22:48:50.844  2035  2035 I F_C.LibraryFilteredCard: Processing complete {producerId=com.amazon.kindle,cardId=-1902740761}
07-01 22:48:50.844  2035  2035 I F_C.LibraryFilteredCard: Filtering out {producerId=com.amazon.kindle,cardId=-429957087}, target: LIBRARY/com.amazon.kindle:KindleParentCard, filter: ConnectionCardFilters.OFFLINE_ONLY
07-01 22:48:50.844  2035  2035 I F_C.LibraryFilteredCard: Not aggregate Card, processing complete {producerId=com.amazon.kindle,cardId=1314232813}
07-01 22:48:50.844  2035  2035 I F_C.LibraryFilteredCard: Filtering out {producerId=com.amazon.kindle,cardId=-1930869496}, target: LIBRARY/com.amazon.kindle:KindleParentCard, filter: ConnectionCardFilters.OFFLINE_ONLY
07-01 22:48:50.844  2035  2035 I F_C.LibraryFilteredCard: Filtering out {producerId=com.amazon.kindle,cardId=-335311499}, target: LIBRARY/com.amazon.kindle:KindleParentCard, filter: ConnectionCardFilters.OFFLINE_ONLY
07-01 22:48:50.844  2035  2035 I F_C.LibraryFilteredCard: Processing complete {producerId=com.amazon.kindle,cardId=-1902740761}
07-01 22:48:50.845  2035  2035 I F_C.LibraryFilteredCard: Card com.amazon.kindleKindleParentCard contains at least 1 child that supports the online experience
07-01 22:48:50.845  2035  2035 I F_C.LibraryFilteredCard: Card com.amazon.kindleKindleParentCard contains at least 1 child that supports the offline experience
07-01 22:48:50.845  2035  2035 I F_C.LibraryFilteredCard: Start processing card {producerId=com.amazon.venezia,cardId=-1756330940}
07-01 22:48:50.845  2035  2035 I F_C.LibraryFilteredCard: Not aggregate Card, processing complete {producerId=com.amazon.firelauncher.fireappscardproducer,cardId=14886992}
07-01 22:48:50.845  2035  2035 I F_C.LibraryFilteredCard: Not aggregate Card, processing complete {producerId=com.amazon.venezia,cardId=973098305}
07-01 22:48:50.845  2035  2035 I F_C.LibraryFilteredCard: Processing complete {producerId=com.amazon.venezia,cardId=-1756330940}
07-01 22:48:50.845  2035  2035 I F_C.LibraryFilteredCard: Not aggregate Card, processing complete {producerId=com.amazon.firelauncher.fireappscardproducer,cardId=14886992}
07-01 22:48:50.845  2035  2035 I F_C.LibraryFilteredCard: Not aggregate Card, processing complete {producerId=com.amazon.venezia,cardId=973098305}
07-01 22:48:50.845  2035  2035 I F_C.LibraryFilteredCard: Processing complete {producerId=com.amazon.venezia,cardId=-1756330940}
07-01 22:48:50.845  2035  2035 I F_C.LibraryFilteredCard: Not aggregate Card, processing complete {producerId=com.amazon.firelauncher.fireappscardproducer,cardId=14886992}
07-01 22:48:50.845  2035  2035 I F_C.LibraryFilteredCard: Filtering out {producerId=com.amazon.venezia,cardId=973098305}, target: LIBRARY/com.amazon.venezia:library-apps, filter: ConnectionCardFilters.OFFLINE_ONLY
07-01 22:48:50.845  2035  2035 I F_C.LibraryFilteredCard: Processing complete {producerId=com.amazon.venezia,cardId=-1756330940}
07-01 22:48:50.845  2035  2035 I F_C.LibraryFilteredCard: Card com.amazon.venezialibrary-apps contains at least 1 child that supports the online experience
07-01 22:48:50.845  2035  2035 I F_C.LibraryFilteredCard: Card com.amazon.venezialibrary-apps contains at least 1 child that supports the offline experience
07-01 22:48:50.845  2035  2035 I F_C.LibraryFilteredCard: Start processing card {producerId=com.amazon.venezia,cardId=1393406767}
07-01 22:48:50.845  2035  2035 I F_C.LibraryFilteredCard: Not aggregate Card, processing complete {producerId=com.amazon.venezia,cardId=449818998}
07-01 22:48:50.845  2035  2035 I F_C.LibraryFilteredCard: Processing complete {producerId=com.amazon.venezia,cardId=1393406767}
07-01 22:48:50.846  2035  2035 I F_C.LibraryFilteredCard: Not aggregate Card, processing complete {producerId=com.amazon.venezia,cardId=449818998}
07-01 22:48:50.846  2035  2035 I F_C.LibraryFilteredCard: Processing complete {producerId=com.amazon.venezia,cardId=1393406767}
07-01 22:48:50.846  2035  2035 I F_C.LibraryFilteredCard: Filtering out {producerId=com.amazon.venezia,cardId=449818998}, target: LIBRARY/com.amazon.venezia:library-games, filter: ConnectionCardFilters.OFFLINE_ONLY
07-01 22:48:50.846  2035  2035 I F_C.LibraryFilteredCard: Card is empty {producerId=com.amazon.venezia,cardId=1393406767}
07-01 22:48:50.846  2035  2035 I F_C.LibraryFilteredCard: Card com.amazon.venezialibrary-games contains at least 1 child that supports the online experience
07-01 22:48:50.846  2035  2035 I F_C.LibraryFilteredCard: Card com.amazon.venezialibrary-games does not support the offline experience
07-01 22:48:50.846  2035  2035 I F_C.LibraryFilteredCard: Start processing card {producerId=com.amazon.cloud9.contentservice,cardId=-1755801561}
07-01 22:48:50.846  2035  2035 I F_C.LibraryFilteredCard: Not aggregate Card, processing complete {producerId=com.amazon.cloud9.contentservice,cardId=1029989062}
07-01 22:48:50.846  2035  2035 I F_C.LibraryFilteredCard: Processing complete {producerId=com.amazon.cloud9.contentservice,cardId=-1755801561}
07-01 22:48:50.846  2035  2035 I F_C.LibraryFilteredCard: Not aggregate Card, processing complete {producerId=com.amazon.cloud9.contentservice,cardId=1029989062}
07-01 22:48:50.846  2035  2035 I F_C.LibraryFilteredCard: Processing complete {producerId=com.amazon.cloud9.contentservice,cardId=-1755801561}
07-01 22:48:50.846  2035  2035 I F_C.LibraryFilteredCard: Filtering out {producerId=com.amazon.cloud9.contentservice,cardId=-1755801561}, target: LIBRARY, filter: ConnectionCardFilters.OFFLINE_ONLY
07-01 22:48:50.846  2035  2035 I F_C.LibraryFilteredCard: Card com.amazon.cloud9.contentservicelibrary-silk contains at least 1 child that supports the online experience
07-01 22:48:50.846  2035  2035 I F_C.LibraryFilteredCard: Card com.amazon.cloud9.contentservicelibrary-silk does not support the offline experience
07-01 22:48:50.846  2035  2035 I F_C.LibraryFilteredCard: Start processing card {producerId=com.amazon.avod,cardId=1407489257}
07-01 22:48:50.846  2035  2035 I F_C.LibraryFilteredCard: Not aggregate Card, processing complete {producerId=com.amazon.avod,cardId=-279883710}
07-01 22:48:50.846  2035  2035 I F_C.LibraryFilteredCard: Processing complete {producerId=com.amazon.avod,cardId=1407489257}
07-01 22:48:50.846  2035  2035 I F_C.LibraryFilteredCard: Not aggregate Card, processing complete {producerId=com.amazon.avod,cardId=-279883710}
07-01 22:48:50.846  2035  2035 I F_C.LibraryFilteredCard: Processing complete {producerId=com.amazon.avod,cardId=1407489257}
07-01 22:48:50.846  2035  2035 I F_C.LibraryFilteredCard: Filtering out {producerId=com.amazon.avod,cardId=-279883710}, target: LIBRARY/com.amazon.avod:library-video, filter: ConnectionCardFilters.OFFLINE_ONLY
07-01 22:48:50.846  2035  2035 I F_C.LibraryFilteredCard: Card is empty {producerId=com.amazon.avod,cardId=1407489257}
07-01 22:48:50.846  2035  2035 I F_C.LibraryFilteredCard: Card com.amazon.avodlibrary-video contains at least 1 child that supports the online experience
07-01 22:48:50.846  2035  2035 I F_C.LibraryFilteredCard: Card com.amazon.avodlibrary-video does not support the offline experience
07-01 22:48:50.846  2035  2035 I F_C.LibraryFilteredCard: Start processing card {producerId=com.audible.application.kindle,cardId=-1431570448}
07-01 22:48:50.846  2035  2035 I F_C.LibraryFilteredCard: Not aggregate Card, processing complete {producerId=com.audible.application.kindle,cardId=-921113896}
07-01 22:48:50.846  2035  2035 I F_C.LibraryFilteredCard: Not aggregate Card, processing complete {producerId=com.audible.application.kindle,cardId=-26380392}
07-01 22:48:50.846  2035  2035 I F_C.LibraryFilteredCard: Processing complete {producerId=com.audible.application.kindle,cardId=-1431570448}
07-01 22:48:50.846  2035  2035 I F_C.LibraryFilteredCard: Not aggregate Card, processing complete {producerId=com.audible.application.kindle,cardId=-921113896}
07-01 22:48:50.847  2035  2035 I F_C.LibraryFilteredCard: Not aggregate Card, processing complete {producerId=com.audible.application.kindle,cardId=-26380392}
07-01 22:48:50.847  2035  2035 I F_C.LibraryFilteredCard: Processing complete {producerId=com.audible.application.kindle,cardId=-1431570448}
07-01 22:48:50.847  2035  2035 I F_C.LibraryFilteredCard: Filtering out {producerId=com.audible.application.kindle,cardId=-921113896}, target: LIBRARY/com.audible.application.kindle:library-audible, filter: ConnectionCardFilters.OFFLINE_ONLY
07-01 22:48:50.847  2035  2035 I F_C.LibraryFilteredCard: Filtering out {producerId=com.audible.application.kindle,cardId=-26380392}, target: LIBRARY/com.audible.application.kindle:library-audible, filter: ConnectionCardFilters.OFFLINE_ONLY
07-01 22:48:50.847  2035  2035 I F_C.LibraryFilteredCard: Card is empty {producerId=com.audible.application.kindle,cardId=-1431570448}
07-01 22:48:50.847  2035  2035 I F_C.LibraryFilteredCard: Card com.audible.application.kindlelibrary-audible contains at least 1 child that supports the online experience
07-01 22:48:50.847  2035  2035 I F_C.LibraryFilteredCard: Card com.audible.application.kindlelibrary-audible does not support the offline experience
07-01 22:48:50.847  2035  2035 I F_C.LibraryFilteredCard: Start processing card {producerId=com.amazon.mp3,cardId=1399549587}
07-01 22:48:50.847  2035  2035 I F_C.LibraryFilteredCard: Card is empty {producerId=com.amazon.mp3,cardId=1399549587}
07-01 22:48:50.847  2035  2035 I F_C.LibraryFilteredCard: Card com.amazon.mp3library-music filtered by non connectivity filters
07-01 22:48:50.847  2035  2035 I F_C.LibraryFilteredCard: Start processing card {producerId=com.amazon.imdb.tv.mobile.app,cardId=1407489257}
07-01 22:48:50.847  2035  2035 I F_C.LibraryFilteredCard: Card is empty {producerId=com.amazon.imdb.tv.mobile.app,cardId=1407489257}
07-01 22:48:50.847  2035  2035 I F_C.LibraryFilteredCard: Card com.amazon.imdb.tv.mobile.applibrary-video filtered by non connectivity filters
07-01 22:48:50.847  2035  2035 I F_C.SectionExpandStates: bind() - dataSource not yet registered
07-01 22:48:50.847  2035  2035 I chatty  : uid=10092(com.amazon.firelauncher) identical 20 lines
07-01 22:48:50.847  2035  2035 I F_C.SectionExpandStates: bind() - dataSource not yet registered
07-01 22:48:50.847  2035  2035 I F_C.LibraryFilteredCard: Start processing card {producerId=com.amazon.kindle,cardId=-1902740761}
07-01 22:48:50.847  2035  2035 I F_C.LibraryFilteredCard: Not aggregate Card, processing complete {producerId=com.amazon.kindle,cardId=-429957087}
07-01 22:48:50.847  2035  2035 I F_C.LibraryFilteredCard: Not aggregate Card, processing complete {producerId=com.amazon.kindle,cardId=1314232813}
07-01 22:48:50.848  2035  2035 I F_C.LibraryFilteredCard: Not aggregate Card, processing complete {producerId=com.amazon.kindle,cardId=-1930869496}
07-01 22:48:50.848  2035  2035 I F_C.LibraryFilteredCard: Not aggregate Card, processing complete {producerId=com.amazon.kindle,cardId=-335311499}
07-01 22:48:50.848  2035  2035 I F_C.LibraryFilteredCard: Processing complete {producerId=com.amazon.kindle,cardId=-1902740761}
07-01 22:48:50.848  2035  2035 I F_C.LibraryFilteredCard: Not aggregate Card, processing complete {producerId=com.amazon.kindle,cardId=-429957087}
07-01 22:48:50.848  2035  2035 I F_C.LibraryFilteredCard: Filtering out {producerId=com.amazon.kindle,cardId=1314232813}, target: LIBRARY/com.amazon.kindle:KindleParentCard, filter: ConnectionCardFilters.ONLINE_ONLY
07-01 22:48:50.848  2035  2035 I F_C.LibraryFilteredCard: Not aggregate Card, processing complete {producerId=com.amazon.kindle,cardId=-1930869496}
07-01 22:48:50.848  2035  2035 I F_C.LibraryFilteredCard: Not aggregate Card, processing complete {producerId=com.amazon.kindle,cardId=-335311499}
07-01 22:48:50.848  2035  2035 I F_C.LibraryFilteredCard: Processing complete {producerId=com.amazon.kindle,cardId=-1902740761}
07-01 22:48:50.849  2035  2035 I F_C.LibraryFilteredCard: Filtering out {producerId=com.amazon.kindle,cardId=-429957087}, target: LIBRARY/com.amazon.kindle:KindleParentCard, filter: ConnectionCardFilters.OFFLINE_ONLY
07-01 22:48:50.849  2035  2035 I F_C.LibraryFilteredCard: Not aggregate Card, processing complete {producerId=com.amazon.kindle,cardId=1314232813}
07-01 22:48:50.849  2035  2035 I F_C.LibraryFilteredCard: Filtering out {producerId=com.amazon.kindle,cardId=-1930869496}, target: LIBRARY/com.amazon.kindle:KindleParentCard, filter: ConnectionCardFilters.OFFLINE_ONLY
07-01 22:48:50.849  2035  2035 I F_C.LibraryFilteredCard: Filtering out {producerId=com.amazon.kindle,cardId=-335311499}, target: LIBRARY/com.amazon.kindle:KindleParentCard, filter: ConnectionCardFilters.OFFLINE_ONLY
07-01 22:48:50.849  2035  2035 I F_C.LibraryFilteredCard: Processing complete {producerId=com.amazon.kindle,cardId=-1902740761}
07-01 22:48:50.849  2035  2035 I F_C.LibraryFilteredCard: Card com.amazon.kindleKindleParentCard contains at least 1 child that supports the online experience
07-01 22:48:50.849  2035  2035 I F_C.LibraryFilteredCard: Card com.amazon.kindleKindleParentCard contains at least 1 child that supports the offline experience
07-01 22:48:50.849  2035  2035 I F_C.LibraryFilteredCard: Start processing card {producerId=com.amazon.venezia,cardId=-1756330940}
07-01 22:48:50.849  2035  2035 I F_C.LibraryFilteredCard: Not aggregate Card, processing complete {producerId=com.amazon.firelauncher.fireappscardproducer,cardId=14886992}
07-01 22:48:50.849  2035  2035 I F_C.LibraryFilteredCard: Not aggregate Card, processing complete {producerId=com.amazon.venezia,cardId=973098305}
07-01 22:48:50.849  2035  2035 I F_C.LibraryFilteredCard: Processing complete {producerId=com.amazon.venezia,cardId=-1756330940}
07-01 22:48:50.849  2035  2035 I F_C.LibraryFilteredCard: Not aggregate Card, processing complete {producerId=com.amazon.firelauncher.fireappscardproducer,cardId=14886992}
07-01 22:48:50.849  2035  2035 I F_C.LibraryFilteredCard: Not aggregate Card, processing complete {producerId=com.amazon.venezia,cardId=973098305}
07-01 22:48:50.849  2035  2035 I F_C.LibraryFilteredCard: Processing complete {producerId=com.amazon.venezia,cardId=-1756330940}
07-01 22:48:50.849  2035  2035 I F_C.LibraryFilteredCard: Not aggregate Card, processing complete {producerId=com.amazon.firelauncher.fireappscardproducer,cardId=14886992}
07-01 22:48:50.849  2035  2035 I F_C.LibraryFilteredCard: Filtering out {producerId=com.amazon.venezia,cardId=973098305}, target: LIBRARY/com.amazon.venezia:library-apps, filter: ConnectionCardFilters.OFFLINE_ONLY
07-01 22:48:50.849  2035  2035 I F_C.LibraryFilteredCard: Processing complete {producerId=com.amazon.venezia,cardId=-1756330940}
07-01 22:48:50.850  2035  2035 I F_C.LibraryFilteredCard: Card com.amazon.venezialibrary-apps contains at least 1 child that supports the online experience
07-01 22:48:50.850  2035  2035 I F_C.LibraryFilteredCard: Card com.amazon.venezialibrary-apps contains at least 1 child that supports the offline experience
07-01 22:48:50.850  2035  2035 I F_C.LibraryFilteredCard: Start processing card {producerId=com.amazon.venezia,cardId=1393406767}
07-01 22:48:50.850  2035  2035 I F_C.LibraryFilteredCard: Not aggregate Card, processing complete {producerId=com.amazon.venezia,cardId=449818998}
07-01 22:48:50.850  2035  2035 I F_C.LibraryFilteredCard: Processing complete {producerId=com.amazon.venezia,cardId=1393406767}
07-01 22:48:50.850  2035  2035 I F_C.LibraryFilteredCard: Not aggregate Card, processing complete {producerId=com.amazon.venezia,cardId=449818998}
07-01 22:48:50.850  2035  2035 I F_C.LibraryFilteredCard: Processing complete {producerId=com.amazon.venezia,cardId=1393406767}
07-01 22:48:50.850  2035  2035 I F_C.LibraryFilteredCard: Filtering out {producerId=com.amazon.venezia,cardId=449818998}, target: LIBRARY/com.amazon.venezia:library-games, filter: ConnectionCardFilters.OFFLINE_ONLY
07-01 22:48:50.850  2035  2035 I F_C.LibraryFilteredCard: Card is empty {producerId=com.amazon.venezia,cardId=1393406767}
07-01 22:48:50.850  2035  2035 I F_C.LibraryFilteredCard: Card com.amazon.venezialibrary-games contains at least 1 child that supports the online experience
07-01 22:48:50.850  2035  2035 I F_C.LibraryFilteredCard: Card com.amazon.venezialibrary-games does not support the offline experience
07-01 22:48:50.850  2035  2035 I F_C.LibraryFilteredCard: Start processing card {producerId=com.amazon.cloud9.contentservice,cardId=-1755801561}
07-01 22:48:50.850  2035  2035 I F_C.LibraryFilteredCard: Not aggregate Card, processing complete {producerId=com.amazon.cloud9.contentservice,cardId=1029989062}
07-01 22:48:50.850  2035  2035 I F_C.LibraryFilteredCard: Processing complete {producerId=com.amazon.cloud9.contentservice,cardId=-1755801561}
07-01 22:48:50.850  2035  2035 I F_C.LibraryFilteredCard: Not aggregate Card, processing complete {producerId=com.amazon.cloud9.contentservice,cardId=1029989062}
07-01 22:48:50.850  2035  2035 I F_C.LibraryFilteredCard: Processing complete {producerId=com.amazon.cloud9.contentservice,cardId=-1755801561}
07-01 22:48:50.850  2035  2035 I F_C.LibraryFilteredCard: Filtering out {producerId=com.amazon.cloud9.contentservice,cardId=-1755801561}, target: LIBRARY, filter: ConnectionCardFilters.OFFLINE_ONLY
07-01 22:48:50.850  2035  2035 I F_C.LibraryFilteredCard: Card com.amazon.cloud9.contentservicelibrary-silk contains at least 1 child that supports the online experience
07-01 22:48:50.850  2035  2035 I F_C.LibraryFilteredCard: Card com.amazon.cloud9.contentservicelibrary-silk does not support the offline experience
07-01 22:48:50.850  2035  2035 I F_C.LibraryFilteredCard: Start processing card {producerId=com.amazon.avod,cardId=1407489257}
07-01 22:48:50.850  2035  2035 I F_C.LibraryFilteredCard: Not aggregate Card, processing complete {producerId=com.amazon.avod,cardId=-279883710}
07-01 22:48:50.850  2035  2035 I F_C.LibraryFilteredCard: Processing complete {producerId=com.amazon.avod,cardId=1407489257}
07-01 22:48:50.850  2035  2035 I F_C.LibraryFilteredCard: Not aggregate Card, processing complete {producerId=com.amazon.avod,cardId=-279883710}
07-01 22:48:50.850  2035  2035 I F_C.LibraryFilteredCard: Processing complete {producerId=com.amazon.avod,cardId=1407489257}
07-01 22:48:50.851  2035  2035 I F_C.LibraryFilteredCard: Filtering out {producerId=com.amazon.avod,cardId=-279883710}, target: LIBRARY/com.amazon.avod:library-video, filter: ConnectionCardFilters.OFFLINE_ONLY
07-01 22:48:50.851  2035  2035 I F_C.LibraryFilteredCard: Card is empty {producerId=com.amazon.avod,cardId=1407489257}
07-01 22:48:50.851  2035  2035 I F_C.LibraryFilteredCard: Card com.amazon.avodlibrary-video contains at least 1 child that supports the online experience
07-01 22:48:50.851  2035  2035 I F_C.LibraryFilteredCard: Card com.amazon.avodlibrary-video does not support the offline experience
07-01 22:48:50.851  2035  2035 I F_C.LibraryFilteredCard: Start processing card {producerId=com.audible.application.kindle,cardId=-1431570448}
07-01 22:48:50.851  2035  2035 I F_C.LibraryFilteredCard: Not aggregate Card, processing complete {producerId=com.audible.application.kindle,cardId=-921113896}
07-01 22:48:50.851  2035  2035 I F_C.LibraryFilteredCard: Not aggregate Card, processing complete {producerId=com.audible.application.kindle,cardId=-26380392}
07-01 22:48:50.851  2035  2035 I F_C.LibraryFilteredCard: Processing complete {producerId=com.audible.application.kindle,cardId=-1431570448}
07-01 22:48:50.851  2035  2035 I F_C.LibraryFilteredCard: Not aggregate Card, processing complete {producerId=com.audible.application.kindle,cardId=-921113896}
07-01 22:48:50.851  2035  2035 I F_C.LibraryFilteredCard: Not aggregate Card, processing complete {producerId=com.audible.application.kindle,cardId=-26380392}
07-01 22:48:50.851  2035  2035 I F_C.LibraryFilteredCard: Processing complete {producerId=com.audible.application.kindle,cardId=-1431570448}
07-01 22:48:50.851  2035  2035 I F_C.LibraryFilteredCard: Filtering out {producerId=com.audible.application.kindle,cardId=-921113896}, target: LIBRARY/com.audible.application.kindle:library-audible, filter: ConnectionCardFilters.OFFLINE_ONLY
07-01 22:48:50.851  2035  2035 I F_C.LibraryFilteredCard: Filtering out {producerId=com.audible.application.kindle,cardId=-26380392}, target: LIBRARY/com.audible.application.kindle:library-audible, filter: ConnectionCardFilters.OFFLINE_ONLY
07-01 22:48:50.851  2035  2035 I F_C.LibraryFilteredCard: Card is empty {producerId=com.audible.application.kindle,cardId=-1431570448}
07-01 22:48:50.851  2035  2035 I F_C.LibraryFilteredCard: Card com.audible.application.kindlelibrary-audible contains at least 1 child that supports the online experience
07-01 22:48:50.851  2035  2035 I F_C.LibraryFilteredCard: Card com.audible.application.kindlelibrary-audible does not support the offline experience
07-01 22:48:50.851  2035  2035 I F_C.LibraryFilteredCard: Start processing card {producerId=com.amazon.mp3,cardId=1399549587}
07-01 22:48:50.851  2035  2035 I F_C.LibraryFilteredCard: Card is empty {producerId=com.amazon.mp3,cardId=1399549587}
07-01 22:48:50.851  2035  2035 I F_C.LibraryFilteredCard: Card com.amazon.mp3library-music filtered by non connectivity filters
07-01 22:48:50.851  2035  2035 I F_C.LibraryFilteredCard: Start processing card {producerId=com.amazon.imdb.tv.mobile.app,cardId=1407489257}
07-01 22:48:50.851  2035  2035 I F_C.LibraryFilteredCard: Card is empty {producerId=com.amazon.imdb.tv.mobile.app,cardId=1407489257}
07-01 22:48:50.851  2035  2035 I F_C.LibraryFilteredCard: Card com.amazon.imdb.tv.mobile.applibrary-video filtered by non connectivity filters
07-01 22:48:50.852  2035  2035 I F_C.LibraryState: Got 2 empty sections, 6 populated sections, 9 total sections.
07-01 22:48:50.852  2035  2035 I F_C.LibraryState: Channel already populated, Not transitioning out of POPULATED
07-01 22:48:50.852  2035  2035 I F_C.LibraryState: Not changing population state. Current state: POPULATED
07-01 22:48:51.621   614   722 E WifiVendorHal: getWifiLinkLayerStats(l.937) failed {.code = ERROR_NOT_SUPPORTED, .description = }
07-01 22:48:51.824  2035  3941 I F_C.BaseRecencyManager: Recency order has not changed
